,edit_count,sentiment,neg_sentiment
2009-04-06,0.13333333333333333,-0.01835083415110906,0.025
2009-04-07,0.0,0.0,0.0
2009-04-08,0.0,0.0,0.0
2009-04-09,0.0,0.0,0.0
2009-04-10,0.0,0.0,0.0
2009-04-11,0.0,0.0,0.0
2009-04-12,0.0,0.0,0.0
2009-04-13,0.0,0.0,0.0
2009-04-14,0.0,0.0,0.0
2009-04-15,0.0,0.0,0.0
2009-04-16,0.0,0.0,0.0
2009-04-17,0.0,0.0,0.0
2009-04-18,0.0,0.0,0.0
2009-04-19,0.0,0.0,0.0
2009-04-20,0.0,0.0,0.0
2009-04-21,0.0,0.0,0.0
2009-04-22,0.0,0.0,0.0
2009-04-23,0.0,0.0,0.0
2009-04-24,0.0,0.0,0.0
2009-04-25,0.0,0.0,0.0
2009-04-26,0.0,0.0,0.0
2009-04-27,0.0,0.0,0.0
2009-04-28,0.0,0.0,0.0
2009-04-29,0.0,0.0,0.0
2009-04-30,0.0,0.0,0.0
2009-05-01,0.0,0.0,0.0
2009-05-02,0.0,0.0,0.0
2009-05-03,0.0,0.0,0.0
2009-05-04,0.0,0.0,0.0
2009-05-05,0.0,0.0,0.0
2009-05-06,0.0,0.0,0.0
2009-05-07,0.0,0.0,0.0
2009-05-08,0.0,0.0,0.0
2009-05-09,0.0,0.0,0.0
2009-05-10,0.0,0.0,0.0
2009-05-11,0.0,0.0,0.0
2009-05-12,0.0,0.0,0.0
2009-05-13,0.0,0.0,0.0
2009-05-14,0.0,0.0,0.0
2009-05-15,0.0,0.0,0.0
2009-05-16,0.0,0.0,0.0
2009-05-17,0.0,0.0,0.0
2009-05-18,0.0,0.0,0.0
2009-05-19,0.0,0.0,0.0
2009-05-20,0.0,0.0,0.0
2009-05-21,0.0,0.0,0.0
2009-05-22,0.0,0.0,0.0
2009-05-23,0.0,0.0,0.0
2009-05-24,0.0,0.0,0.0
2009-05-25,0.0,0.0,0.0
2009-05-26,0.0,0.0,0.0
2009-05-27,0.0,0.0,0.0
2009-05-28,0.0,0.0,0.0
2009-05-29,0.0,0.0,0.0
2009-05-30,0.0,0.0,0.0
2009-05-31,0.0,0.0,0.0
2009-06-01,0.0,0.0,0.0
2009-06-02,0.0,0.0,0.0
2009-06-03,0.0,0.0,0.0
2009-06-04,0.0,0.0,0.0
2009-06-05,0.0,0.0,0.0
2009-06-06,0.0,0.0,0.0
2009-06-07,0.0,0.0,0.0
2009-06-08,0.0,0.0,0.0
2009-06-09,0.0,0.0,0.0
2009-06-10,0.0,0.0,0.0
2009-06-11,0.0,0.0,0.0
2009-06-12,0.0,0.0,0.0
2009-06-13,0.0,0.0,0.0
2009-06-14,0.0,0.0,0.0
2009-06-15,0.0,0.0,0.0
2009-06-16,0.0,0.0,0.0
2009-06-17,0.0,0.0,0.0
2009-06-18,0.0,0.0,0.0
2009-06-19,0.0,0.0,0.0
2009-06-20,0.0,0.0,0.0
2009-06-21,0.0,0.0,0.0
2009-06-22,0.0,0.0,0.0
2009-06-23,0.0,0.0,0.0
2009-06-24,0.0,0.0,0.0
2009-06-25,0.0,0.0,0.0
2009-06-26,0.0,0.0,0.0
2009-06-27,0.0,0.0,0.0
2009-06-28,0.0,0.0,0.0
2009-06-29,0.0,0.0,0.0
2009-06-30,0.0,0.0,0.0
2009-07-01,0.0,0.0,0.0
2009-07-02,0.0,0.0,0.0
2009-07-03,0.0,0.0,0.0
2009-07-04,0.0,0.0,0.0
2009-07-05,0.0,0.0,0.0
2009-07-06,0.0,0.0,0.0
2009-07-07,0.0,0.0,0.0
2009-07-08,0.0,0.0,0.0
2009-07-09,0.0,0.0,0.0
2009-07-10,0.0,0.0,0.0
2009-07-11,0.0,0.0,0.0
2009-07-12,0.0,0.0,0.0
2009-07-13,0.0,0.0,0.0
2009-07-14,0.0,0.0,0.0
2009-07-15,0.0,0.0,0.0
2009-07-16,0.0,0.0,0.0
2009-07-17,0.0,0.0,0.0
2009-07-18,0.0,0.0,0.0
2009-07-19,0.0,0.0,0.0
2009-07-20,0.0,0.0,0.0
2009-07-21,0.0,0.0,0.0
2009-07-22,0.0,0.0,0.0
2009-07-23,0.0,0.0,0.0
2009-07-24,0.0,0.0,0.0
2009-07-25,0.0,0.0,0.0
2009-07-26,0.0,0.0,0.0
2009-07-27,0.0,0.0,0.0
2009-07-28,0.0,0.0,0.0
2009-07-29,0.0,0.0,0.0
2009-07-30,0.0,0.0,0.0
2009-07-31,0.0,0.0,0.0
2009-08-01,0.0,0.0,0.0
2009-08-02,0.0,0.0,0.0
2009-08-03,0.0,0.0,0.0
2009-08-04,0.0,0.0,0.0
2009-08-05,0.03333333333333333,0.024937363465627034,0.0
2009-08-06,0.1,0.05812888741493225,0.0
2009-08-07,0.1,0.05812888741493225,0.0
2009-08-08,0.1,0.05812888741493225,0.0
2009-08-09,0.1,0.05812888741493225,0.0
2009-08-10,0.1,0.05812888741493225,0.0
2009-08-11,0.1,0.05812888741493225,0.0
2009-08-12,0.1,0.05812888741493225,0.0
2009-08-13,0.1,0.05812888741493225,0.0
2009-08-14,0.13333333333333333,0.08912958105405172,0.0
2009-08-15,0.13333333333333333,0.08912958105405172,0.0
2009-08-16,0.13333333333333333,0.08912958105405172,0.0
2009-08-17,0.13333333333333333,0.08912958105405172,0.0
2009-08-18,0.13333333333333333,0.08912958105405172,0.0
2009-08-19,0.13333333333333333,0.08912958105405172,0.0
2009-08-20,0.13333333333333333,0.08912958105405172,0.0
2009-08-21,0.13333333333333333,0.08912958105405172,0.0
2009-08-22,0.13333333333333333,0.08912958105405172,0.0
2009-08-23,0.13333333333333333,0.08912958105405172,0.0
2009-08-24,0.13333333333333333,0.08912958105405172,0.0
2009-08-25,0.13333333333333333,0.08912958105405172,0.0
2009-08-26,0.13333333333333333,0.08912958105405172,0.0
2009-08-27,0.13333333333333333,0.08912958105405172,0.0
2009-08-28,0.13333333333333333,0.08912958105405172,0.0
2009-08-29,0.13333333333333333,0.08912958105405172,0.0
2009-08-30,0.13333333333333333,0.08912958105405172,0.0
2009-08-31,0.13333333333333333,0.08912958105405172,0.0
2009-09-01,0.13333333333333333,0.08912958105405172,0.0
2009-09-02,0.13333333333333333,0.08912958105405172,0.0
2009-09-03,0.13333333333333333,0.08912958105405172,0.0
2009-09-04,0.1,0.06419221758842468,0.0
2009-09-05,0.03333333333333333,0.031000693639119465,0.0
2009-09-06,0.03333333333333333,0.031000693639119465,0.0
2009-09-07,0.03333333333333333,0.031000693639119465,0.0
2009-09-08,0.03333333333333333,0.031000693639119465,0.0
2009-09-09,0.03333333333333333,0.031000693639119465,0.0
2009-09-10,0.03333333333333333,0.031000693639119465,0.0
2009-09-11,0.03333333333333333,0.031000693639119465,0.0
2009-09-12,0.03333333333333333,0.031000693639119465,0.0
2009-09-13,0.0,0.0,0.0
2009-09-14,0.0,0.0,0.0
2009-09-15,0.0,0.0,0.0
2009-09-16,0.0,0.0,0.0
2009-09-17,0.0,0.0,0.0
2009-09-18,0.0,0.0,0.0
2009-09-19,0.0,0.0,0.0
2009-09-20,0.0,0.0,0.0
2009-09-21,0.0,0.0,0.0
2009-09-22,0.0,0.0,0.0
2009-09-23,0.0,0.0,0.0
2009-09-24,0.0,0.0,0.0
2009-09-25,0.0,0.0,0.0
2009-09-26,0.0,0.0,0.0
2009-09-27,0.0,0.0,0.0
2009-09-28,0.0,0.0,0.0
2009-09-29,0.0,0.0,0.0
2009-09-30,0.0,0.0,0.0
2009-10-01,0.0,0.0,0.0
2009-10-02,0.0,0.0,0.0
2009-10-03,0.0,0.0,0.0
2009-10-04,0.0,0.0,0.0
2009-10-05,0.0,0.0,0.0
2009-10-06,0.0,0.0,0.0
2009-10-07,0.0,0.0,0.0
2009-10-08,0.0,0.0,0.0
2009-10-09,0.0,0.0,0.0
2009-10-10,0.0,0.0,0.0
2009-10-11,0.0,0.0,0.0
2009-10-12,0.0,0.0,0.0
2009-10-13,0.06666666666666667,-0.0075833727916081745,0.016666666666666666
2009-10-14,0.06666666666666667,-0.0075833727916081745,0.016666666666666666
2009-10-15,0.06666666666666667,-0.0075833727916081745,0.016666666666666666
2009-10-16,0.06666666666666667,-0.0075833727916081745,0.016666666666666666
2009-10-17,0.06666666666666667,-0.0075833727916081745,0.016666666666666666
2009-10-18,0.06666666666666667,-0.0075833727916081745,0.016666666666666666
2009-10-19,0.06666666666666667,-0.0075833727916081745,0.016666666666666666
2009-10-20,0.06666666666666667,-0.0075833727916081745,0.016666666666666666
2009-10-21,0.06666666666666667,-0.0075833727916081745,0.016666666666666666
2009-10-22,0.06666666666666667,-0.0075833727916081745,0.016666666666666666
2009-10-23,0.06666666666666667,-0.0075833727916081745,0.016666666666666666
2009-10-24,0.06666666666666667,-0.0075833727916081745,0.016666666666666666
2009-10-25,0.06666666666666667,-0.0075833727916081745,0.016666666666666666
2009-10-26,0.06666666666666667,-0.0075833727916081745,0.016666666666666666
2009-10-27,0.06666666666666667,-0.0075833727916081745,0.016666666666666666
2009-10-28,0.06666666666666667,-0.0075833727916081745,0.016666666666666666
2009-10-29,0.06666666666666667,-0.0075833727916081745,0.016666666666666666
2009-10-30,0.06666666666666667,-0.0075833727916081745,0.016666666666666666
2009-10-31,0.06666666666666667,-0.0075833727916081745,0.016666666666666666
2009-11-01,0.06666666666666667,-0.0075833727916081745,0.016666666666666666
2009-11-02,0.06666666666666667,-0.0075833727916081745,0.016666666666666666
2009-11-03,0.06666666666666667,-0.0075833727916081745,0.016666666666666666
2009-11-04,0.06666666666666667,-0.0075833727916081745,0.016666666666666666
2009-11-05,0.06666666666666667,-0.0075833727916081745,0.016666666666666666
2009-11-06,0.06666666666666667,-0.0075833727916081745,0.016666666666666666
2009-11-07,0.06666666666666667,-0.0075833727916081745,0.016666666666666666
2009-11-08,0.06666666666666667,-0.0075833727916081745,0.016666666666666666
2009-11-09,0.06666666666666667,-0.0075833727916081745,0.016666666666666666
2009-11-10,0.06666666666666667,-0.0075833727916081745,0.016666666666666666
2009-11-11,0.06666666666666667,-0.0075833727916081745,0.016666666666666666
2009-11-12,0.0,0.0,0.0
2009-11-13,0.0,0.0,0.0
2009-11-14,0.0,0.0,0.0
2009-11-15,0.0,0.0,0.0
2009-11-16,0.0,0.0,0.0
2009-11-17,0.0,0.0,0.0
2009-11-18,0.03333333333333333,0.0294650137424469,0.0
2009-11-19,0.03333333333333333,0.0294650137424469,0.0
2009-11-20,0.03333333333333333,0.0294650137424469,0.0
2009-11-21,0.03333333333333333,0.0294650137424469,0.0
2009-11-22,0.03333333333333333,0.0294650137424469,0.0
2009-11-23,0.03333333333333333,0.0294650137424469,0.0
2009-11-24,0.03333333333333333,0.0294650137424469,0.0
2009-11-25,0.03333333333333333,0.0294650137424469,0.0
2009-11-26,0.03333333333333333,0.0294650137424469,0.0
2009-11-27,0.03333333333333333,0.0294650137424469,0.0
2009-11-28,0.03333333333333333,0.0294650137424469,0.0
2009-11-29,0.03333333333333333,0.0294650137424469,0.0
2009-11-30,0.03333333333333333,0.0294650137424469,0.0
2009-12-01,0.03333333333333333,0.0294650137424469,0.0
2009-12-02,0.03333333333333333,0.0294650137424469,0.0
2009-12-03,0.03333333333333333,0.0294650137424469,0.0
2009-12-04,0.03333333333333333,0.0294650137424469,0.0
2009-12-05,0.03333333333333333,0.0294650137424469,0.0
2009-12-06,0.03333333333333333,0.0294650137424469,0.0
2009-12-07,0.03333333333333333,0.0294650137424469,0.0
2009-12-08,0.06666666666666667,-0.0034325718879699707,0.03333333333333333
2009-12-09,0.06666666666666667,-0.0034325718879699707,0.03333333333333333
2009-12-10,0.06666666666666667,-0.0034325718879699707,0.03333333333333333
2009-12-11,0.06666666666666667,-0.0034325718879699707,0.03333333333333333
2009-12-12,0.06666666666666667,-0.0034325718879699707,0.03333333333333333
2009-12-13,0.06666666666666667,-0.0034325718879699707,0.03333333333333333
2009-12-14,0.06666666666666667,-0.0034325718879699707,0.03333333333333333
2009-12-15,0.06666666666666667,-0.0034325718879699707,0.03333333333333333
2009-12-16,0.06666666666666667,-0.0034325718879699707,0.03333333333333333
2009-12-17,0.1,-0.03668314218521118,0.06666666666666667
2009-12-18,0.06666666666666667,-0.06614815592765808,0.06666666666666667
2009-12-19,0.06666666666666667,-0.06614815592765808,0.06666666666666667
2009-12-20,0.06666666666666667,-0.06614815592765808,0.06666666666666667
2009-12-21,0.06666666666666667,-0.06614815592765808,0.06666666666666667
2009-12-22,0.06666666666666667,-0.06614815592765808,0.06666666666666667
2009-12-23,0.06666666666666667,-0.06614815592765808,0.06666666666666667
2009-12-24,0.06666666666666667,-0.06614815592765808,0.06666666666666667
2009-12-25,0.06666666666666667,-0.06614815592765808,0.06666666666666667
2009-12-26,0.06666666666666667,-0.06614815592765808,0.06666666666666667
2009-12-27,0.06666666666666667,-0.06614815592765808,0.06666666666666667
2009-12-28,0.06666666666666667,-0.06614815592765808,0.06666666666666667
2009-12-29,0.06666666666666667,-0.06614815592765808,0.06666666666666667
2009-12-30,0.06666666666666667,-0.06614815592765808,0.06666666666666667
2009-12-31,0.06666666666666667,-0.06614815592765808,0.06666666666666667
2010-01-01,0.06666666666666667,-0.06614815592765808,0.06666666666666667
2010-01-02,0.06666666666666667,-0.06614815592765808,0.06666666666666667
2010-01-03,0.06666666666666667,-0.06614815592765808,0.06666666666666667
2010-01-04,0.06666666666666667,-0.06614815592765808,0.06666666666666667
2010-01-05,0.06666666666666667,-0.06614815592765808,0.06666666666666667
2010-01-06,0.06666666666666667,-0.06614815592765808,0.06666666666666667
2010-01-07,0.03333333333333333,-0.03325057029724121,0.03333333333333333
2010-01-08,0.03333333333333333,-0.03325057029724121,0.03333333333333333
2010-01-09,0.03333333333333333,-0.03325057029724121,0.03333333333333333
2010-01-10,0.03333333333333333,-0.03325057029724121,0.03333333333333333
2010-01-11,0.03333333333333333,-0.03325057029724121,0.03333333333333333
2010-01-12,0.03333333333333333,-0.03325057029724121,0.03333333333333333
2010-01-13,0.03333333333333333,-0.03325057029724121,0.03333333333333333
2010-01-14,0.03333333333333333,-0.03325057029724121,0.03333333333333333
2010-01-15,0.03333333333333333,-0.03325057029724121,0.03333333333333333
2010-01-16,0.0,0.0,0.0
2010-01-17,0.0,0.0,0.0
2010-01-18,0.0,0.0,0.0
2010-01-19,0.0,0.0,0.0
2010-01-20,0.0,0.0,0.0
2010-01-21,0.0,0.0,0.0
2010-01-22,0.0,0.0,0.0
2010-01-23,0.0,0.0,0.0
2010-01-24,0.0,0.0,0.0
2010-01-25,0.0,0.0,0.0
2010-01-26,0.0,0.0,0.0
2010-01-27,0.0,0.0,0.0
2010-01-28,0.0,0.0,0.0
2010-01-29,0.0,0.0,0.0
2010-01-30,0.0,0.0,0.0
2010-01-31,0.0,0.0,0.0
2010-02-01,0.0,0.0,0.0
2010-02-02,0.0,0.0,0.0
2010-02-03,0.0,0.0,0.0
2010-02-04,0.0,0.0,0.0
2010-02-05,0.0,0.0,0.0
2010-02-06,0.0,0.0,0.0
2010-02-07,0.0,0.0,0.0
2010-02-08,0.0,0.0,0.0
2010-02-09,0.0,0.0,0.0
2010-02-10,0.0,0.0,0.0
2010-02-11,0.0,0.0,0.0
2010-02-12,0.0,0.0,0.0
2010-02-13,0.0,0.0,0.0
2010-02-14,0.0,0.0,0.0
2010-02-15,0.0,0.0,0.0
2010-02-16,0.0,0.0,0.0
2010-02-17,0.0,0.0,0.0
2010-02-18,0.0,0.0,0.0
2010-02-19,0.0,0.0,0.0
2010-02-20,0.0,0.0,0.0
2010-02-21,0.0,0.0,0.0
2010-02-22,0.0,0.0,0.0
2010-02-23,0.03333333333333333,-0.03331648906071981,0.03333333333333333
2010-02-24,0.03333333333333333,-0.03331648906071981,0.03333333333333333
2010-02-25,0.03333333333333333,-0.03331648906071981,0.03333333333333333
2010-02-26,0.03333333333333333,-0.03331648906071981,0.03333333333333333
2010-02-27,0.03333333333333333,-0.03331648906071981,0.03333333333333333
2010-02-28,0.03333333333333333,-0.03331648906071981,0.03333333333333333
2010-03-01,0.03333333333333333,-0.03331648906071981,0.03333333333333333
2010-03-02,0.03333333333333333,-0.03331648906071981,0.03333333333333333
2010-03-03,0.03333333333333333,-0.03331648906071981,0.03333333333333333
2010-03-04,0.03333333333333333,-0.03331648906071981,0.03333333333333333
2010-03-05,0.03333333333333333,-0.03331648906071981,0.03333333333333333
2010-03-06,0.03333333333333333,-0.03331648906071981,0.03333333333333333
2010-03-07,0.03333333333333333,-0.03331648906071981,0.03333333333333333
2010-03-08,0.03333333333333333,-0.03331648906071981,0.03333333333333333
2010-03-09,0.03333333333333333,-0.03331648906071981,0.03333333333333333
2010-03-10,0.03333333333333333,-0.03331648906071981,0.03333333333333333
2010-03-11,0.03333333333333333,-0.03331648906071981,0.03333333333333333
2010-03-12,0.03333333333333333,-0.03331648906071981,0.03333333333333333
2010-03-13,0.03333333333333333,-0.03331648906071981,0.03333333333333333
2010-03-14,0.03333333333333333,-0.03331648906071981,0.03333333333333333
2010-03-15,0.03333333333333333,-0.03331648906071981,0.03333333333333333
2010-03-16,0.03333333333333333,-0.03331648906071981,0.03333333333333333
2010-03-17,0.03333333333333333,-0.03331648906071981,0.03333333333333333
2010-03-18,0.06666666666666667,-0.00412057638168335,0.03333333333333333
2010-03-19,0.06666666666666667,-0.00412057638168335,0.03333333333333333
2010-03-20,0.06666666666666667,-0.00412057638168335,0.03333333333333333
2010-03-21,0.06666666666666667,-0.00412057638168335,0.03333333333333333
2010-03-22,0.06666666666666667,-0.00412057638168335,0.03333333333333333
2010-03-23,0.06666666666666667,-0.00412057638168335,0.03333333333333333
2010-03-24,0.06666666666666667,-0.00412057638168335,0.03333333333333333
2010-03-25,0.03333333333333333,0.02919591267903646,0.0
2010-03-26,0.03333333333333333,0.02919591267903646,0.0
2010-03-27,0.03333333333333333,0.02919591267903646,0.0
2010-03-28,0.03333333333333333,0.02919591267903646,0.0
2010-03-29,0.03333333333333333,0.02919591267903646,0.0
2010-03-30,0.03333333333333333,0.02919591267903646,0.0
2010-03-31,0.03333333333333333,0.02919591267903646,0.0
2010-04-01,0.03333333333333333,0.02919591267903646,0.0
2010-04-02,0.03333333333333333,0.02919591267903646,0.0
2010-04-03,0.03333333333333333,0.02919591267903646,0.0
2010-04-04,0.03333333333333333,0.02919591267903646,0.0
2010-04-05,0.03333333333333333,0.02919591267903646,0.0
2010-04-06,0.03333333333333333,0.02919591267903646,0.0
2010-04-07,0.03333333333333333,0.02919591267903646,0.0
2010-04-08,0.03333333333333333,0.02919591267903646,0.0
2010-04-09,0.03333333333333333,0.02919591267903646,0.0
2010-04-10,0.03333333333333333,0.02919591267903646,0.0
2010-04-11,0.03333333333333333,0.02919591267903646,0.0
2010-04-12,0.03333333333333333,0.02919591267903646,0.0
2010-04-13,0.16666666666666666,0.05734109977881114,0.0
2010-04-14,0.16666666666666666,0.05734109977881114,0.0
2010-04-15,0.43333333333333335,0.07661114484071732,0.004166666666666667
2010-04-16,0.43333333333333335,0.07661114484071732,0.004166666666666667
2010-04-17,0.4,0.04741523216168086,0.004166666666666667
2010-04-18,0.4,0.04741523216168086,0.004166666666666667
2010-04-19,0.4,0.04741523216168086,0.004166666666666667
2010-04-20,0.4,0.04741523216168086,0.004166666666666667
2010-04-21,0.4,0.04741523216168086,0.004166666666666667
2010-04-22,0.4,0.04741523216168086,0.004166666666666667
2010-04-23,0.4,0.04741523216168086,0.004166666666666667
2010-04-24,0.4,0.04741523216168086,0.004166666666666667
2010-04-25,0.4,0.04741523216168086,0.004166666666666667
2010-04-26,0.4,0.04741523216168086,0.004166666666666667
2010-04-27,0.4,0.04741523216168086,0.004166666666666667
2010-04-28,0.4666666666666667,0.043383796513080594,0.020833333333333332
2010-04-29,0.4666666666666667,0.043383796513080594,0.020833333333333332
2010-04-30,0.4666666666666667,0.043383796513080594,0.020833333333333332
2010-05-01,0.4666666666666667,0.043383796513080594,0.020833333333333332
2010-05-02,0.4666666666666667,0.043383796513080594,0.020833333333333332
2010-05-03,0.4666666666666667,0.043383796513080594,0.020833333333333332
2010-05-04,0.4666666666666667,0.043383796513080594,0.020833333333333332
2010-05-05,0.4666666666666667,0.043383796513080594,0.020833333333333332
2010-05-06,0.4666666666666667,0.043383796513080594,0.020833333333333332
2010-05-07,0.4666666666666667,0.043383796513080594,0.020833333333333332
2010-05-08,0.4666666666666667,0.043383796513080594,0.020833333333333332
2010-05-09,0.4666666666666667,0.043383796513080594,0.020833333333333332
2010-05-10,0.4666666666666667,0.043383796513080594,0.020833333333333332
2010-05-11,0.4666666666666667,0.043383796513080594,0.020833333333333332
2010-05-12,0.4666666666666667,0.043383796513080594,0.020833333333333332
2010-05-13,0.36666666666666664,-0.0169775183002154,0.05416666666666667
2010-05-14,0.36666666666666664,-0.0169775183002154,0.05416666666666667
2010-05-15,0.1,-0.03624756336212158,0.05
2010-05-16,0.1,-0.03624756336212158,0.05
2010-05-17,0.1,-0.03624756336212158,0.05
2010-05-18,0.1,-0.03624756336212158,0.05
2010-05-19,0.1,-0.03624756336212158,0.05
2010-05-20,0.1,-0.03624756336212158,0.05
2010-05-21,0.1,-0.03624756336212158,0.05
2010-05-22,0.1,-0.03624756336212158,0.05
2010-05-23,0.1,-0.03624756336212158,0.05
2010-05-24,0.1,-0.03624756336212158,0.05
2010-05-25,0.1,-0.03624756336212158,0.05
2010-05-26,0.1,-0.03624756336212158,0.05
2010-05-27,0.1,-0.03624756336212158,0.05
2010-05-28,0.03333333333333333,-0.03221612771352132,0.03333333333333333
2010-05-29,0.03333333333333333,-0.03221612771352132,0.03333333333333333
2010-05-30,0.03333333333333333,-0.03221612771352132,0.03333333333333333
2010-05-31,0.03333333333333333,-0.03221612771352132,0.03333333333333333
2010-06-01,0.03333333333333333,-0.03221612771352132,0.03333333333333333
2010-06-02,0.03333333333333333,-0.03221612771352132,0.03333333333333333
2010-06-03,0.03333333333333333,-0.03221612771352132,0.03333333333333333
2010-06-04,0.03333333333333333,-0.03221612771352132,0.03333333333333333
2010-06-05,0.03333333333333333,-0.03221612771352132,0.03333333333333333
2010-06-06,0.03333333333333333,-0.03221612771352132,0.03333333333333333
2010-06-07,0.03333333333333333,-0.03221612771352132,0.03333333333333333
2010-06-08,0.03333333333333333,-0.03221612771352132,0.03333333333333333
2010-06-09,0.03333333333333333,-0.03221612771352132,0.03333333333333333
2010-06-10,0.03333333333333333,-0.03221612771352132,0.03333333333333333
2010-06-11,0.03333333333333333,-0.03221612771352132,0.03333333333333333
2010-06-12,0.0,0.0,0.0
2010-06-13,0.0,0.0,0.0
2010-06-14,0.0,0.0,0.0
2010-06-15,0.0,0.0,0.0
2010-06-16,0.0,0.0,0.0
2010-06-17,0.06666666666666667,0.03319152394930522,0.0
2010-06-18,0.36666666666666664,0.045155480835172866,0.01111111111111111
2010-06-19,0.4,0.07807411882612442,0.01111111111111111
2010-06-20,0.5,0.11035344203313192,0.01111111111111111
2010-06-21,0.7333333333333333,0.13087966555640812,0.015873015873015872
2010-06-22,0.7333333333333333,0.13087966555640812,0.015873015873015872
2010-06-23,0.8666666666666667,0.15937843734309787,0.015873015873015872
2010-06-24,0.8666666666666667,0.15937843734309787,0.015873015873015872
2010-06-25,0.8666666666666667,0.15937843734309787,0.015873015873015872
2010-06-26,0.8666666666666667,0.15937843734309787,0.015873015873015872
2010-06-27,0.8666666666666667,0.15937843734309787,0.015873015873015872
2010-06-28,1.0,0.16881723765816006,0.024206349206349207
2010-06-29,1.0333333333333334,0.1937546011237871,0.024206349206349207
2010-06-30,1.0333333333333334,0.1937546011237871,0.024206349206349207
2010-07-01,1.0333333333333334,0.1937546011237871,0.024206349206349207
2010-07-02,1.0333333333333334,0.1937546011237871,0.024206349206349207
2010-07-03,1.0333333333333334,0.1937546011237871,0.024206349206349207
2010-07-04,1.0333333333333334,0.1937546011237871,0.024206349206349207
2010-07-05,1.0666666666666667,0.22495682601417813,0.024206349206349207
2010-07-06,1.0666666666666667,0.22495682601417813,0.024206349206349207
2010-07-07,1.1333333333333333,0.21986492936100277,0.040873015873015874
2010-07-08,1.2,0.22049909397250128,0.05753968253968254
2010-07-09,1.2333333333333334,0.19033292099123908,0.09087301587301587
2010-07-10,1.2333333333333334,0.19033292099123908,0.09087301587301587
2010-07-11,1.6666666666666667,0.20103831530818136,0.10112942612942613
2010-07-12,1.9666666666666666,0.1914449881302859,0.12335164835164836
2010-07-13,2.1,0.21832893995320257,0.12335164835164836
2010-07-14,2.2333333333333334,0.21630183366810737,0.14001831501831502
2010-07-15,2.3666666666666667,0.1864706710763321,0.17335164835164835
2010-07-16,2.566666666666667,0.2180536878560198,0.17335164835164835
2010-07-17,2.5,0.1848621639067146,0.17335164835164835
2010-07-18,2.2666666666666666,0.16654674501427802,0.1789072039072039
2010-07-19,2.3666666666666667,0.1625874727091073,0.1789072039072039
2010-07-20,2.2666666666666666,0.1303081495020998,0.1789072039072039
2010-07-21,2.6,0.09192495689342944,0.19963549522373053
2010-07-22,2.6333333333333333,0.05881405617346891,0.23296882855706386
2010-07-23,2.5,0.030315284386779152,0.23296882855706386
2010-07-24,2.5,0.030315284386779152,0.23296882855706386
2010-07-25,2.6333333333333333,0.028248102918769204,0.24963549522373052
2010-07-26,2.6333333333333333,0.028248102918769204,0.24963549522373052
2010-07-27,2.6333333333333333,0.028248102918769204,0.24963549522373052
2010-07-28,2.5,0.018809302603706998,0.2413021618903972
2010-07-29,2.566666666666667,0.005128663734103522,0.2524132730015083
2010-07-30,2.566666666666667,0.005128663734103522,0.2524132730015083
2010-07-31,2.566666666666667,0.005128663734103522,0.2524132730015083
2010-08-01,2.566666666666667,0.005128663734103522,0.2524132730015083
2010-08-02,2.566666666666667,0.005128663734103522,0.2524132730015083
2010-08-03,2.6666666666666665,-0.02789466981539599,0.2857466063348416
2010-08-04,2.6333333333333333,-0.05909689470578702,0.2857466063348416
2010-08-05,2.6333333333333333,-0.05909689470578702,0.2857466063348416
2010-08-06,2.566666666666667,-0.05400499805261167,0.26907993966817495
2010-08-07,2.5,-0.05463916266411018,0.2524132730015083
2010-08-08,2.466666666666667,-0.024472989682847977,0.21907993966817496
2010-08-09,2.466666666666667,-0.024472989682847977,0.21907993966817496
2010-08-10,2.033333333333333,-0.03517838399979024,0.2088235294117647
2010-08-11,1.7333333333333334,-0.0255850568218948,0.18660130718954246
2010-08-12,1.9,-0.04383433895238344,0.1977124183006536
2010-08-13,1.7666666666666666,-0.041807232667288224,0.1810457516339869
2010-08-14,1.6666666666666667,-0.04529124584722622,0.1810457516339869
2010-08-15,1.4666666666666666,-0.0768742626269139,0.1810457516339869
2010-08-16,1.4666666666666666,-0.0768742626269139,0.1810457516339869
2010-08-17,1.4,-0.07052280062034498,0.16437908496732023
2010-08-18,1.3,-0.13280356678957514,0.1977124183006536
2010-08-19,1.3,-0.13280356678957514,0.1977124183006536
2010-08-20,0.7333333333333333,-0.11494659770418096,0.1722222222222222
2010-08-21,0.7333333333333333,-0.11500892628122258,0.1722222222222222
2010-08-22,0.7333333333333333,-0.11500892628122258,0.1722222222222222
2010-08-23,0.7333333333333333,-0.11500892628122258,0.1722222222222222
2010-08-24,0.6,-0.11294174481321263,0.15555555555555553
2010-08-25,0.6,-0.11294174481321263,0.15555555555555553
2010-08-26,0.6,-0.11294174481321263,0.15555555555555553
2010-08-27,0.6,-0.11294174481321263,0.15555555555555553
2010-08-28,0.5,-0.12419846940923619,0.14444444444444443
2010-08-29,0.5,-0.12419846940923619,0.14444444444444443
2010-08-30,0.5,-0.12419846940923619,0.14444444444444443
2010-08-31,0.5,-0.12419846940923619,0.14444444444444443
2010-09-01,0.5,-0.12419846940923619,0.14444444444444443
2010-09-02,0.4,-0.09117513585973668,0.1111111111111111
2010-09-03,0.4,-0.09117513585973668,0.1111111111111111
2010-09-04,0.4,-0.09117513585973668,0.1111111111111111
2010-09-05,0.4,-0.09117513585973668,0.1111111111111111
2010-09-06,0.4,-0.09117513585973668,0.1111111111111111
2010-09-07,0.4,-0.09117513585973668,0.1111111111111111
2010-09-08,0.4,-0.09117513585973668,0.1111111111111111
2010-09-09,0.4,-0.09117513585973668,0.1111111111111111
2010-09-10,0.4,-0.09117513585973668,0.1111111111111111
2010-09-11,0.1,-0.09980980555216472,0.1
2010-09-12,0.1,-0.09980980555216472,0.1
2010-09-13,0.06666666666666667,-0.06649462978045145,0.06666666666666667
2010-09-14,0.06666666666666667,-0.06649462978045145,0.06666666666666667
2010-09-15,0.06666666666666667,-0.06649462978045145,0.06666666666666667
2010-09-16,0.06666666666666667,-0.06649462978045145,0.06666666666666667
2010-09-17,0.03333333333333333,-0.03317322929700216,0.03333333333333333
2010-09-18,0.03333333333333333,-0.03317322929700216,0.03333333333333333
2010-09-19,0.03333333333333333,-0.03317322929700216,0.03333333333333333
2010-09-20,0.03333333333333333,-0.03113741079966227,0.03333333333333333
2010-09-21,0.03333333333333333,-0.03113741079966227,0.03333333333333333
2010-09-22,0.03333333333333333,-0.03113741079966227,0.03333333333333333
2010-09-23,0.03333333333333333,-0.03113741079966227,0.03333333333333333
2010-09-24,0.03333333333333333,-0.03113741079966227,0.03333333333333333
2010-09-25,0.03333333333333333,-0.03113741079966227,0.03333333333333333
2010-09-26,0.1,-0.06432959139347076,0.06666666666666667
2010-09-27,0.16666666666666666,-0.09583486318588257,0.1
2010-09-28,0.16666666666666666,-0.09583486318588257,0.1
2010-09-29,0.2,-0.12913280924161274,0.13333333333333333
2010-09-30,0.2,-0.12913280924161274,0.13333333333333333
2010-10-01,0.2,-0.12913280924161274,0.13333333333333333
2010-10-02,0.23333333333333334,-0.15964467922846476,0.16666666666666666
2010-10-03,0.23333333333333334,-0.15964467922846476,0.16666666666666666
2010-10-04,0.23333333333333334,-0.15964467922846476,0.16666666666666666
2010-10-05,0.26666666666666666,-0.1927830715974172,0.2
2010-10-06,0.26666666666666666,-0.1927830715974172,0.2
2010-10-07,0.26666666666666666,-0.1927830715974172,0.2
2010-10-08,0.26666666666666666,-0.1927830715974172,0.2
2010-10-09,0.26666666666666666,-0.1927830715974172,0.2
2010-10-10,0.26666666666666666,-0.1927830715974172,0.2
2010-10-11,0.26666666666666666,-0.1927830715974172,0.2
2010-10-12,0.26666666666666666,-0.1927830715974172,0.2
2010-10-13,0.26666666666666666,-0.1927830715974172,0.2
2010-10-14,0.26666666666666666,-0.1927830715974172,0.2
2010-10-15,0.26666666666666666,-0.1927830715974172,0.2
2010-10-16,0.26666666666666666,-0.1927830715974172,0.2
2010-10-17,0.26666666666666666,-0.1927830715974172,0.2
2010-10-18,0.26666666666666666,-0.1927830715974172,0.2
2010-10-19,0.3,-0.17189050316810608,0.2
2010-10-20,0.26666666666666666,-0.1407530923684438,0.16666666666666666
2010-10-21,0.26666666666666666,-0.1407530923684438,0.16666666666666666
2010-10-22,0.26666666666666666,-0.1407530923684438,0.16666666666666666
2010-10-23,0.26666666666666666,-0.1407530923684438,0.16666666666666666
2010-10-24,0.26666666666666666,-0.1407530923684438,0.16666666666666666
2010-10-25,0.26666666666666666,-0.1407530923684438,0.16666666666666666
2010-10-26,0.2,-0.10756091177463531,0.13333333333333333
2010-10-27,0.13333333333333333,-0.0760556399822235,0.1
2010-10-28,0.13333333333333333,-0.0760556399822235,0.1
2010-10-29,0.1,-0.042757693926493326,0.06666666666666667
2010-10-30,0.1,-0.042757693926493326,0.06666666666666667
2010-10-31,0.1,-0.042757693926493326,0.06666666666666667
2010-11-01,0.06666666666666667,-0.012245823939641317,0.03333333333333333
2010-11-02,0.06666666666666667,-0.012245823939641317,0.03333333333333333
2010-11-03,0.06666666666666667,-0.012245823939641317,0.03333333333333333
2010-11-04,0.03333333333333333,0.020892568429311118,0.0
2010-11-05,0.03333333333333333,0.020892568429311118,0.0
2010-11-06,0.03333333333333333,0.020892568429311118,0.0
2010-11-07,0.03333333333333333,0.020892568429311118,0.0
2010-11-08,0.03333333333333333,0.020892568429311118,0.0
2010-11-09,0.03333333333333333,0.020892568429311118,0.0
2010-11-10,0.06666666666666667,0.05408449769020081,0.0
2010-11-11,0.1,0.020987842480341592,0.03333333333333333
2010-11-12,0.1,0.020987842480341592,0.03333333333333333
2010-11-13,0.1,0.020987842480341592,0.03333333333333333
2010-11-14,0.1,0.020987842480341592,0.03333333333333333
2010-11-15,0.1,0.020987842480341592,0.03333333333333333
2010-11-16,0.1,0.020987842480341592,0.03333333333333333
2010-11-17,0.1,0.020987842480341592,0.03333333333333333
2010-11-18,0.06666666666666667,9.527405103047689e-05,0.03333333333333333
2010-11-19,0.06666666666666667,9.527405103047689e-05,0.03333333333333333
2010-11-20,0.06666666666666667,9.527405103047689e-05,0.03333333333333333
2010-11-21,0.06666666666666667,9.527405103047689e-05,0.03333333333333333
2010-11-22,0.06666666666666667,9.527405103047689e-05,0.03333333333333333
2010-11-23,0.06666666666666667,9.527405103047689e-05,0.03333333333333333
2010-11-24,0.06666666666666667,9.527405103047689e-05,0.03333333333333333
2010-11-25,0.1,-0.03198909362157186,0.06666666666666667
2010-11-26,0.2,-0.041887783341937594,0.08888888888888888
2010-11-27,0.2,-0.041887783341937594,0.08888888888888888
2010-11-28,0.23333333333333334,-0.07516124579641555,0.12222222222222222
2010-11-29,0.23333333333333334,-0.07516124579641555,0.12222222222222222
2010-11-30,0.23333333333333334,-0.07516124579641555,0.12222222222222222
2010-12-01,0.26666666666666666,-0.04196931653552585,0.12222222222222222
2010-12-02,0.26666666666666666,-0.04196931653552585,0.12222222222222222
2010-12-03,0.26666666666666666,-0.04196931653552585,0.12222222222222222
2010-12-04,0.26666666666666666,-0.04196931653552585,0.12222222222222222
2010-12-05,0.36666666666666664,-0.03338723182678223,0.13333333333333333
2010-12-06,0.36666666666666664,-0.03338723182678223,0.13333333333333333
2010-12-07,0.36666666666666664,-0.03338723182678223,0.13333333333333333
2010-12-08,0.36666666666666664,-0.03338723182678223,0.13333333333333333
2010-12-09,0.36666666666666664,-0.03338723182678223,0.13333333333333333
2010-12-10,0.8333333333333334,-0.05446296705140008,0.14222222222222222
2010-12-11,2.466666666666667,-0.013745633496178522,0.11955555555555555
2010-12-12,3.033333333333333,-0.024948336415820654,0.14112418300653592
2010-12-13,3.433333333333333,-0.05254691084225973,0.1716797385620915
2010-12-14,5.066666666666666,-0.0644127672545764,0.1948089902627718
2010-12-15,5.7,-0.0695895744364534,0.21410723587680686
2010-12-16,6.066666666666666,-0.09090045422326269,0.24137996314953414
2010-12-17,6.2,-0.1183599027992362,0.27471329648286746
2010-12-18,6.266666666666667,-0.15167823960394405,0.30804662981620085
2010-12-19,6.433333333333334,-0.1795451399685019,0.34137996314953417
2010-12-20,7.166666666666667,-0.18919225323391514,0.36259208436165535
2010-12-21,8.066666666666666,-0.2018588007531045,0.3848143065838776
2010-12-22,8.9,-0.21706320145144842,0.4088143065838776
2010-12-23,8.966666666666667,-0.1857004513185698,0.4088143065838776
2010-12-24,9.0,-0.21900637644941393,0.4421476399172109
2010-12-25,8.966666666666667,-0.1869220087768116,0.4088143065838776
2010-12-26,8.866666666666667,-0.17702331905644583,0.3865920843616554
2010-12-27,8.866666666666667,-0.17702331905644583,0.3865920843616554
2010-12-28,8.833333333333334,-0.14374985660196787,0.353258751028322
2010-12-29,8.833333333333334,-0.14374985660196787,0.353258751028322
2010-12-30,8.833333333333334,-0.14374985660196787,0.353258751028322
2010-12-31,8.8,-0.17694178586285758,0.353258751028322
2011-01-01,8.833333333333334,-0.14658965235036062,0.353258751028322
2011-01-02,8.833333333333334,-0.14658965235036062,0.353258751028322
2011-01-03,8.833333333333334,-0.14658965235036062,0.353258751028322
2011-01-04,8.733333333333333,-0.15517173705910425,0.34214763991721087
2011-01-05,8.733333333333333,-0.15517173705910425,0.34214763991721087
2011-01-06,8.766666666666667,-0.1884938408773619,0.37548097325054425
2011-01-07,8.866666666666667,-0.1828784601398453,0.3865920843616554
2011-01-08,8.866666666666667,-0.1828784601398453,0.3865920843616554
2011-01-09,8.366666666666667,-0.1949946541761171,0.3777031954727665
2011-01-10,6.833333333333333,-0.2048436268344334,0.3837031954727665
2011-01-11,6.333333333333333,-0.22695374132939292,0.3954679013551194
2011-01-12,5.933333333333334,-0.19935516690295385,0.36491234579956383
2011-01-13,4.3,-0.18748931049063716,0.3417830940988836
2011-01-14,3.7333333333333334,-0.1882676709202002,0.3391515151515152
2011-01-15,3.3666666666666667,-0.16695679113339093,0.3118787878787879
2011-01-16,3.566666666666667,-0.14956249242097844,0.2985454545454545
2011-01-17,3.7666666666666666,-0.11840709641646054,0.2818787878787879
2011-01-18,3.6,-0.09054019605190264,0.24854545454545454
2011-01-19,2.8666666666666667,-0.0808930827864894,0.2273333333333333
2011-01-20,2.0,-0.09037653123007881,0.23844444444444443
2011-01-21,1.3666666666666667,-0.0782027065091663,0.23111111111111113
2011-01-22,1.3333333333333333,-0.1410863776339425,0.2644444444444444
2011-01-23,1.3,-0.10778045250309838,0.23111111111111113
2011-01-24,1.4333333333333333,-0.12371987793180678,0.2561111111111111
2011-01-25,1.4666666666666666,-0.14235327535205416,0.28944444444444445
2011-01-26,1.5,-0.17474288437101576,0.3227777777777778
2011-01-27,1.5,-0.17474288437101576,0.3227777777777778
2011-01-28,1.5,-0.17474288437101576,0.3227777777777778
2011-01-29,1.5666666666666667,-0.20080595506562127,0.3561111111111111
2011-01-30,1.5666666666666667,-0.20080595506562127,0.3561111111111111
2011-01-31,1.5666666666666667,-0.26429879559410946,0.3894444444444444
2011-02-01,1.6666666666666667,-0.29749933242797855,0.4227777777777778
2011-02-02,1.6666666666666667,-0.29749933242797855,0.4227777777777778
2011-02-03,1.6666666666666667,-0.29749933242797855,0.4227777777777778
2011-02-04,1.7,-0.330822556813558,0.45611111111111113
2011-02-05,1.7333333333333334,-0.3306539541482926,0.45611111111111113
2011-02-06,1.8333333333333333,-0.359354041284985,0.4727777777777778
2011-02-07,1.8333333333333333,-0.359354041284985,0.4727777777777778
2011-02-08,1.8333333333333333,-0.359354041284985,0.4727777777777778
2011-02-09,1.7,-0.35712574697203103,0.45611111111111113
2011-02-10,1.9,-0.33499010902312065,0.4436111111111111
2011-02-11,2.1666666666666665,-0.3217508604294724,0.4519444444444444
2011-02-12,2.3333333333333335,-0.3410227988329198,0.4786111111111111
2011-02-13,2.3333333333333335,-0.3604132576949066,0.49527777777777776
2011-02-14,2.4,-0.39364300113585254,0.528611111111111
2011-02-15,2.1666666666666665,-0.39725170713331964,0.5308333333333334
2011-02-16,1.9,-0.39508876633312967,0.5141666666666667
2011-02-17,2.033333333333333,-0.3978391302790907,0.5308333333333334
2011-02-18,2.1666666666666665,-0.4256730206973023,0.5641666666666667
2011-02-19,2.1333333333333333,-0.40352302473452356,0.5308333333333334
2011-02-20,1.9666666666666666,-0.43369849041104314,0.5475
2011-02-21,1.9333333333333333,-0.40217756941914556,0.5141666666666667
2011-02-22,1.9333333333333333,-0.40217756941914556,0.5141666666666667
2011-02-23,1.9666666666666666,-0.3831236336131891,0.5025
2011-02-24,1.9666666666666666,-0.3317127360403538,0.4691666666666666
2011-02-25,2.1,-0.31836294348041216,0.4625
2011-02-26,2.1666666666666665,-0.28935008361935616,0.4625
2011-02-27,2.1666666666666665,-0.28935008361935616,0.4625
2011-02-28,2.1666666666666665,-0.25653165196379024,0.44583333333333336
2011-03-01,2.2,-0.22970460866888365,0.44583333333333336
2011-03-02,2.1666666666666665,-0.19656390165289245,0.4125
2011-03-03,2.066666666666667,-0.16336336481902336,0.37916666666666665
2011-03-04,2.1333333333333333,-0.1343913669221931,0.37916666666666665
2011-03-05,2.1333333333333333,-0.1343913669221931,0.37916666666666665
2011-03-06,2.1,-0.10106814253661368,0.3458333333333333
2011-03-07,2.2333333333333334,-0.06916678066054979,0.32916666666666666
2011-03-08,2.1666666666666665,-0.06561754278010792,0.3263888888888889
2011-03-09,2.1666666666666665,-0.06561754278010792,0.3263888888888889
2011-03-10,2.1666666666666665,-0.06561754278010792,0.3263888888888889
2011-03-11,2.2666666666666666,-0.055927988539139425,0.3375
2011-03-12,2.033333333333333,-0.07783076504866283,0.35
2011-03-13,1.8,-0.11158312896887462,0.375
2011-03-14,1.7,-0.1254891961812973,0.3816666666666667
2011-03-15,1.6666666666666667,-0.13251558740933736,0.3816666666666667
2011-03-16,1.6,-0.09928584396839142,0.3483333333333334
2011-03-17,1.5333333333333334,-0.11644879082838694,0.35944444444444446
2011-03-18,1.6,-0.11812078456083934,0.3761111111111111
2011-03-19,1.5,-0.1485793093840281,0.3927777777777778
2011-03-20,1.5333333333333334,-0.14049580266078313,0.38611111111111107
2011-03-21,1.5666666666666667,-0.11366875936587652,0.38611111111111107
2011-03-22,1.5666666666666667,-0.05363567441701889,0.35277777777777775
2011-03-23,1.7,-0.06999260852734249,0.3777777777777777
2011-03-24,1.7333333333333334,-0.10321137577295304,0.4111111111111111
2011-03-25,1.8333333333333333,-0.11737446909149488,0.4186111111111111
2011-03-26,1.9333333333333333,-0.1542897952099641,0.43527777777777776
2011-03-27,1.7666666666666666,-0.13524997875094416,0.4086111111111111
2011-03-28,1.8,-0.17752490783731145,0.43083333333333335
2011-03-29,1.9666666666666666,-0.18482362573345504,0.45083333333333336
2011-03-30,1.9333333333333333,-0.16440092965960504,0.4341666666666667
2011-03-31,1.9,-0.19122797295451166,0.4341666666666667
2011-04-01,1.9,-0.19122797295451166,0.4341666666666667
2011-04-02,2.033333333333333,-0.2079941520591577,0.45916666666666667
2011-04-03,1.9666666666666666,-0.23696614995598794,0.45916666666666667
2011-04-04,2.1,-0.22656804218888285,0.4675
2011-04-05,2.1333333333333333,-0.25985213215152425,0.5008333333333334
2011-04-06,2.1666666666666665,-0.24728949467104577,0.4936904761904762
2011-04-07,2.033333333333333,-0.2277540261523118,0.46869047619047616
2011-04-08,2.033333333333333,-0.2277540261523118,0.46869047619047616
2011-04-09,2.1,-0.22745069414140684,0.4853571428571428
2011-04-10,2.0,-0.23714024838237535,0.4742460317460317
2011-04-11,2.1333333333333333,-0.21266842659740223,0.46091269841269844
2011-04-12,2.433333333333333,-0.1831282668951012,0.43757936507936507
2011-04-13,2.533333333333333,-0.17129222886193365,0.4309126984126984
2011-04-14,2.7333333333333334,-0.15558596048326717,0.42138888888888887
2011-04-15,2.7333333333333334,-0.1555859604832672,0.42138888888888887
2011-04-16,3.1333333333333333,-0.13501362137032516,0.40856837606837604
2011-04-17,3.1333333333333333,-0.10017314585082697,0.3919017094017094
2011-04-18,3.1666666666666665,-0.1002011987768905,0.39190170940170943
2011-04-19,3.2666666666666666,-0.09686518969171212,0.3902350427350427
2011-04-20,3.3333333333333335,-0.1569766030910906,0.42356837606837605
2011-04-21,3.3666666666666667,-0.18793695630662607,0.4402350427350427
2011-04-22,3.3333333333333335,-0.16219649740755193,0.4263461538461539
2011-04-23,3.3,-0.1289777301619414,0.39301282051282055
2011-04-24,3.066666666666667,-0.09607954277296497,0.3721794871794872
2011-04-25,2.966666666666667,-0.12511657132406664,0.38884615384615384
2011-04-26,3.066666666666667,-0.11555347694654895,0.39995726495726497
2011-04-27,3.2333333333333334,-0.11236245188812051,0.3985683760683761
2011-04-28,3.1666666666666665,-0.1169765957895216,0.40079059829059827
2011-04-29,3.3,-0.1407916669749515,0.41412393162393163
2011-04-30,3.3333333333333335,-0.10776718901627232,0.41412393162393163
2011-05-01,3.3333333333333335,-0.1077671890162723,0.41412393162393163
2011-05-02,3.3666666666666667,-0.09842595574292508,0.4091239316239316
2011-05-03,3.433333333333333,-0.07528688229156501,0.4091239316239316
2011-05-04,3.3333333333333335,-0.054684296419550645,0.40079059829059827
2011-05-05,3.7,-0.022948673205570716,0.3841239316239316
2011-05-06,3.6333333333333333,-0.053685439748277886,0.4012667887667888
2011-05-07,3.6333333333333333,-0.053685439748277886,0.4012667887667888
2011-05-08,3.7,-0.08572817059627237,0.43460012210012217
2011-05-09,3.7,-0.05806247405480407,0.41793345543345545
2011-05-10,3.7333333333333334,-0.028901751958043002,0.41793345543345545
2011-05-11,3.6,0.00886710432895956,0.39793345543345543
2011-05-12,3.433333333333333,-0.009227907779525344,0.40793345543345544
2011-05-13,3.2666666666666666,0.012114059803177292,0.38126678876678877
2011-05-14,3.1,0.023686743228354002,0.37412393162393165
2011-05-15,3.2333333333333334,0.03485874727240994,0.38245726495726495
2011-05-16,3.033333333333333,0.048564506050140135,0.37623015873015875
2011-05-17,3.3333333333333335,0.009878062681546281,0.39441197691197694
2011-05-18,3.6,0.03681053427476731,0.38107864357864357
2011-05-19,4.133333333333334,0.03256327351880452,0.38246753246753246
2011-05-20,4.266666666666667,0.0492135384063872,0.3729437229437229
2011-05-21,4.366666666666666,0.0335419931392821,0.382943722943723
2011-05-22,4.9,0.0073864296648834945,0.3963940153413838
2011-05-23,5.2,-0.01843038664741193,0.42602364497101336
2011-05-24,5.6,-0.05826959798296092,0.451664670612039
2011-05-25,5.833333333333333,-0.027916581079957863,0.43499800394537236
2011-05-26,6.633333333333334,-0.05081194328051826,0.44734368295771804
2011-05-27,6.633333333333334,-0.0417268687166971,0.4431770162910514
2011-05-28,6.766666666666667,-0.04944909502231054,0.4495262226402577
2011-05-29,6.7,-0.05999524655437773,0.4584151115291466
2011-05-30,6.833333333333333,-0.10239911300436959,0.4784151115291466
2011-05-31,7.1,-0.10462105917430227,0.4950817781958133
2011-06-01,7.333333333333333,-0.08174335934218074,0.4834151115291466
2011-06-02,7.8,-0.11348703369494582,0.50424844486248
2011-06-03,9.133333333333333,-0.15634214981417555,0.526199664374675
2011-06-04,8.8,-0.15476567782316636,0.526199664374675
2011-06-05,8.933333333333334,-0.12170365489874313,0.5069404051154158
2011-06-06,9.333333333333334,-0.14890112202055616,0.5374959606709714
2011-06-07,9.433333333333334,-0.110468801465505,0.5174959606709714
2011-06-08,9.533333333333333,-0.13185238262700402,0.5308292940043047
2011-06-09,9.933333333333334,-0.1502494454910631,0.5410857042607149
2011-06-10,10.133333333333333,-0.15988626627286168,0.5458476090226196
2011-06-11,10.866666666666667,-0.17261928605456306,0.5530081028497802
2011-06-12,12.5,-0.191198075929373,0.5788584429858347
2011-06-13,13.933333333333334,-0.1958285445716431,0.5836732578006494
2011-06-14,14.666666666666666,-0.23462998971498816,0.6061091552365468
2011-06-15,15.366666666666667,-0.25016294744198897,0.6144424885698803
2011-06-16,16.033333333333335,-0.260256048435853,0.6209918531837609
2011-06-17,17.366666666666667,-0.27002786846447596,0.6256585198504275
2011-06-18,19.166666666666668,-0.26037851326436456,0.6210645027564106
2011-06-19,19.733333333333334,-0.25908950024804606,0.6208660900579979
2011-06-20,21.033333333333335,-0.2413313489913692,0.6116236658155736
2011-06-21,21.133333333333333,-0.24633231781781367,0.6143349895795289
2011-06-22,21.366666666666667,-0.24187721995650163,0.6117886932832326
2011-06-23,21.4,-0.23994178765647547,0.6099571914517308
2011-06-24,21.566666666666666,-0.2527828333792229,0.6189315504260897
2011-06-25,20.933333333333334,-0.243372219134859,0.6121414269692996
2011-06-26,20.933333333333334,-0.2718298391297378,0.6288080936359662
2011-06-27,21.266666666666666,-0.2589614509531056,0.6198445082017926
2011-06-28,21.233333333333334,-0.2822718288158239,0.6309556193129038
2011-06-29,21.233333333333334,-0.29283917403766135,0.6376222859795705
2011-06-30,21.2,-0.30561794414525983,0.6447651431224276
2011-07-01,21.066666666666666,-0.3298533874194399,0.6572651431224277
2011-07-02,21.133333333333333,-0.32848295434995034,0.6568021801594647
2011-07-03,20.0,-0.3402378939157639,0.6634223892186981
2011-07-04,20.633333333333333,-0.348357519100035,0.667390643186952
2011-07-05,20.466666666666665,-0.39511754422379014,0.6933165691128779
2011-07-06,20.2,-0.40120532389143254,0.6960943468906557
2011-07-07,20.266666666666666,-0.42311341400602603,0.7065705373668462
2011-07-08,20.266666666666666,-0.42283770914533875,0.7065705373668462
2011-07-09,20.166666666666668,-0.45347433160785594,0.7229807937771026
2011-07-10,20.7,-0.49439065886074746,0.7457551208992558
2011-07-11,19.9,-0.48647603299824915,0.7408168492943176
2011-07-12,18.733333333333334,-0.5010034647368691,0.7482998424915964
2011-07-13,17.366666666666667,-0.4777820620167003,0.7351516943434484
2011-07-14,16.7,-0.4535618827533571,0.7210491302408842
2011-07-15,16.0,-0.47263347415048357,0.7317634159551699
2011-07-16,15.0,-0.490285254468672,0.7403655664928043
2011-07-17,13.366666666666667,-0.5075123046141391,0.7490322331594711
2011-07-18,10.966666666666667,-0.48822083895471224,0.7383484724757103
2011-07-19,10.466666666666667,-0.4778167031436042,0.7332558798831177
2011-07-20,9.0,-0.4757699992125471,0.7158316374588752
2011-07-21,8.333333333333334,-0.48684867380710833,0.7218922435194813
2011-07-22,8.0,-0.4474574622626344,0.7003644657417036
2011-07-23,7.6,-0.4314767782149808,0.6932216085988465
2011-07-24,7.3,-0.4003957736595721,0.6759139162911543
2011-07-25,7.166666666666667,-0.41520063088379805,0.6842472496244876
2011-07-26,6.9,-0.3857570412858576,0.6509139162911542
2011-07-27,6.333333333333333,-0.3789903413593317,0.6313060731538993
2011-07-28,6.4,-0.32587525361175784,0.597972739820566
2011-07-29,6.333333333333333,-0.31710608157908365,0.5935282953761214
2011-07-30,6.166666666666667,-0.27716800183592544,0.5697187715665976
2011-07-31,5.933333333333334,-0.30078157345988654,0.5822187715665976
2011-08-01,5.333333333333333,-0.29354740562797116,0.5618484011962273
2011-08-02,5.3,-0.2831389587729559,0.5554991948470209
2011-08-03,4.666666666666667,-0.27501034222802045,0.5515309408787669
2011-08-04,4.6,-0.2430971824403656,0.5348642742121003
2011-08-05,4.6,-0.19943695597609407,0.5098642742121002
2011-08-06,4.366666666666666,-0.18391845556855724,0.4860547504025765
2011-08-07,4.333333333333333,-0.2078182447230868,0.49772141706924317
2011-08-08,4.133333333333334,-0.2060081362998538,0.4960547504025765
2011-08-09,3.466666666666667,-0.19825371138002504,0.4907407407407407
2011-08-10,3.533333333333333,-0.17860131361497142,0.48185185185185186
2011-08-11,3.466666666666667,-0.1628672966960246,0.4735185185185185
2011-08-12,3.466666666666667,-0.17659371590645856,0.48185185185185186
2011-08-13,3.2666666666666666,-0.17318445407051258,0.4651851851851852
2011-08-14,3.033333333333333,-0.1420212001160339,0.4318518518518519
2011-08-15,3.033333333333333,-0.14207397009487505,0.4318518518518519
2011-08-16,3.033333333333333,-0.14122460390682573,0.4318518518518519
2011-08-17,3.1,-0.1430659495845989,0.4332407407407407
2011-08-18,2.8,-0.13812499319513638,0.4147222222222222
2011-08-19,2.9,-0.1712278400030401,0.44805555555555554
2011-08-20,3.1333333333333333,-0.143317637923691,0.4332407407407407
2011-08-21,2.933333333333333,-0.16134713101718162,0.42768518518518517
2011-08-22,3.1,-0.17453154929810102,0.43482804232804234
2011-08-23,3.2,-0.2124094814889961,0.45506613756613756
2011-08-24,3.2,-0.22382816332909797,0.4633994708994709
2011-08-25,3.2333333333333334,-0.2560660745534632,0.49673280423280425
2011-08-26,3.3,-0.28926300067040656,0.5300661375661375
2011-08-27,3.2,-0.2869471814069483,0.5300661375661375
2011-08-28,3.1,-0.2757696197264724,0.5078439153439154
2011-08-29,3.033333333333333,-0.30070698319209943,0.5078439153439154
2011-08-30,3.0,-0.2683107222947809,0.47451058201058205
2011-08-31,3.033333333333333,-0.23915000019801988,0.47451058201058205
2011-09-01,3.033333333333333,-0.22725936497251192,0.46895502645502646
2011-09-02,3.033333333333333,-0.2605216773847739,0.4856216931216931
2011-09-03,3.066666666666667,-0.27293752423591083,0.4911772486772487
2011-09-04,2.966666666666667,-0.25034776172704165,0.48284391534391535
2011-09-05,3.0,-0.28326982698506775,0.5161772486772487
2011-09-06,2.9,-0.29954274189141056,0.524510582010582
2011-09-07,2.966666666666667,-0.2714240795208348,0.5106216931216931
2011-09-08,2.9,-0.22678538486361505,0.4883994708994709
2011-09-09,2.8333333333333335,-0.26567501218782535,0.5083994708994709
2011-09-10,2.433333333333333,-0.2483028074933423,0.4833994708994709
2011-09-11,2.3,-0.24807425646318332,0.4667328042328042
2011-09-12,2.3,-0.24807425646318332,0.4667328042328042
2011-09-13,2.6,-0.2602255503060641,0.4889550264550265
2011-09-14,2.7,-0.22690753288291118,0.4722883597883598
2011-09-15,2.8,-0.19527873493455072,0.45562169312169315
2011-09-16,2.8,-0.21899660450440864,0.46812169312169316
2011-09-17,3.033333333333333,-0.2522490727838385,0.5014550264550265
2011-09-18,2.966666666666667,-0.18814553233681533,0.46812169312169316
2011-09-19,2.8333333333333335,-0.1769977528456027,0.4629365079365079
2011-09-20,2.9,-0.18237000292571134,0.4796031746031746
2011-09-21,2.8666666666666667,-0.1709775605403557,0.47246031746031747
2011-09-22,2.7333333333333334,-0.18126545733244961,0.4772222222222222
2011-09-23,2.6,-0.15112026468944298,0.4438888888888889
2011-09-24,2.566666666666667,-0.11888235346507775,0.41055555555555556
2011-09-25,2.533333333333333,-0.06074806388250734,0.37722222222222224
2011-09-26,2.566666666666667,-0.08612748519611108,0.3938888888888889
2011-09-27,2.7,-0.08574717229636258,0.41055555555555556
2011-09-28,2.7,-0.08574717229636258,0.41055555555555556
2011-09-29,2.8333333333333335,-0.11658903247149534,0.4438888888888889
2011-09-30,2.8666666666666667,-0.14736495600175606,0.46055555555555555
2011-10-01,2.7333333333333334,-0.15179263935518014,0.46055555555555555
2011-10-02,3.3,-0.1277839740821161,0.4482748538011696
2011-10-03,3.2,-0.11415701648014497,0.42605263157894735
2011-10-04,3.2,-0.11541753948149794,0.42605263157894735
2011-10-05,3.3,-0.10072517683523606,0.417719298245614
2011-10-06,3.3333333333333335,-0.09291007707931312,0.417719298245614
2011-10-07,3.3,-0.09972202344488149,0.4199415204678363
2011-10-08,3.4,-0.1452125476176644,0.44494152046783625
2011-10-09,3.6,-0.09729880687678237,0.4190155945419104
2011-10-10,3.8,-0.0852624515402752,0.43012670565302147
2011-10-11,3.9,-0.09843650457346816,0.4523489278752437
2011-10-12,3.9,-0.09843650457346816,0.4523489278752437
2011-10-13,3.6666666666666665,-0.087433424673433,0.44679337231968813
2011-10-14,3.533333333333333,-0.08743582922414432,0.43012670565302147
2011-10-15,3.5,-0.09824496317103991,0.435682261208577
2011-10-16,3.3,-0.08157631017958611,0.42734892787524364
2011-10-17,3.1333333333333333,-0.05250744721345735,0.410682261208577
2011-10-18,3.3333333333333335,-0.0826876905806979,0.4249679754942913
2011-10-19,3.2333333333333334,-0.09307870996476415,0.4283013088276247
2011-10-20,3.2666666666666666,-0.07927202515285417,0.42274575327206904
2011-10-21,3.066666666666667,-0.07740655871710383,0.4060790866054024
2011-10-22,2.966666666666667,-0.04465885095279618,0.37274575327206905
2011-10-23,3.2666666666666666,-0.0624360793082039,0.398671679197995
2011-10-24,3.4,-0.0657053250320872,0.4153383458646617
2011-10-25,3.466666666666667,-0.10196291853137683,0.43756056808688387
2011-10-26,3.4,-0.10152086068340015,0.4208939014202172
2011-10-27,3.3666666666666667,-0.09425420362897587,0.4153383458646617
2011-10-28,3.466666666666667,-0.10340154832417306,0.43756056808688387
2011-10-29,3.3333333333333335,-0.0725596881490403,0.40422723475355055
2011-10-30,3.3666666666666667,-0.08287393251208336,0.4097827903091061
2011-10-31,3.3333333333333335,-0.11041029194144279,0.42644945697577274
2011-11-01,2.8333333333333335,-0.11843461819584408,0.4303968253968254
2011-11-02,2.8333333333333335,-0.11843461819584408,0.4303968253968254
2011-11-03,2.9,-0.14226827318233157,0.4415079365079365
2011-11-04,2.8,-0.15735186084868416,0.4498412698412698
2011-11-05,2.7666666666666666,-0.1651392841812164,0.4498412698412698
2011-11-06,2.6333333333333333,-0.19570077066383665,0.46984126984126984
2011-11-07,2.5,-0.18121094013017322,0.4448412698412698
2011-11-08,2.2,-0.1960010896599482,0.43743386243386245
2011-11-09,2.0,-0.20803744499645535,0.4263227513227513
2011-11-10,1.9,-0.1948633919632624,0.4041005291005291
2011-11-11,1.9,-0.1948633919632624,0.4041005291005291
2011-11-12,1.9333333333333333,-0.2070932246389843,0.40965608465608466
2011-11-13,2.466666666666667,-0.22726919225284034,0.4367394179894179
2011-11-14,2.7666666666666666,-0.21619376528357703,0.43118386243386236
2011-11-15,2.7666666666666666,-0.24856581974124153,0.44785052910052914
2011-11-16,2.7,-0.24438221442794045,0.4311838624338625
2011-11-17,2.466666666666667,-0.24520266469981938,0.4168981481481481
2011-11-18,2.433333333333333,-0.27434440172380875,0.43356481481481474
2011-11-19,2.3333333333333335,-0.2827788364556101,0.42245370370370366
2011-11-20,2.4,-0.2865806700454818,0.4391203703703704
2011-11-21,2.433333333333333,-0.2535999617642827,0.4391203703703704
2011-11-22,2.2333333333333334,-0.24962284846438304,0.4354166666666667
2011-11-23,2.1333333333333333,-0.2777175727817748,0.45208333333333334
2011-11-24,2.033333333333333,-0.26639734274811216,0.42986111111111114
2011-11-25,2.1333333333333333,-0.2975596047110028,0.46319444444444446
2011-11-26,2.2666666666666666,-0.2828845968795201,0.45208333333333334
2011-11-27,2.2666666666666666,-0.267988910703432,0.4409722222222222
2011-11-28,2.3333333333333335,-0.2970623268967583,0.4743055555555556
2011-11-29,2.3,-0.2861186376166722,0.46875
2011-11-30,2.3333333333333335,-0.22114009568615564,0.4354166666666667
2011-12-01,2.3333333333333335,-0.22089208075924524,0.4354166666666667
2011-12-02,2.3666666666666667,-0.2540607145381352,0.46875
2011-12-03,2.2666666666666666,-0.2619312787339801,0.45763888888888893
2011-12-04,2.2666666666666666,-0.26194276057538535,0.45763888888888893
2011-12-05,2.3666666666666667,-0.24567617419220153,0.44930555555555557
2011-12-06,2.4,-0.191422765879404,0.41597222222222224
2011-12-07,2.466666666666667,-0.1923648311978295,0.4326388888888889
2011-12-08,2.466666666666667,-0.1923648311978295,0.4326388888888889
2011-12-09,2.533333333333333,-0.1975797299827848,0.44930555555555557
2011-12-10,2.6,-0.22530062439895812,0.48263888888888895
2011-12-11,2.6,-0.22530062439895812,0.48263888888888895
2011-12-12,2.533333333333333,-0.2392058648287304,0.49375
2011-12-13,2.033333333333333,-0.2454359628378399,0.5
2011-12-14,1.6333333333333333,-0.24487707972053496,0.48333333333333334
2011-12-15,1.6,-0.18695628503485331,0.45
2011-12-16,1.6,-0.18695628503485331,0.45
2011-12-17,1.6666666666666667,-0.19114316462997405,0.4666666666666667
2011-12-18,1.7333333333333334,-0.1834645088466387,0.4666666666666667
2011-12-19,1.7333333333333334,-0.1834645088466387,0.4666666666666667
2011-12-20,1.7666666666666666,-0.1913090579329975,0.47222222222222227
2011-12-21,1.9,-0.2440619564671365,0.4988888888888889
2011-12-22,1.8666666666666667,-0.22715218464060435,0.4933333333333333
2011-12-23,1.8666666666666667,-0.22900977531595837,0.49333333333333335
2011-12-24,1.9,-0.19728051820917736,0.49333333333333335
2011-12-25,1.8333333333333333,-0.19930962721033701,0.49333333333333335
2011-12-26,1.7,-0.23255648801724116,0.5155555555555555
2011-12-27,1.6,-0.2383048294981321,0.5044444444444445
2011-12-28,1.5666666666666667,-0.2424454618493716,0.5044444444444445
2011-12-29,1.5333333333333334,-0.2747729995846748,0.5211111111111111
2011-12-30,1.4666666666666666,-0.3064772187670072,0.5211111111111111
2011-12-31,1.4,-0.28938204983870186,0.5127777777777778
2012-01-01,1.4,-0.2895027075211207,0.5127777777777778
2012-01-02,1.4,-0.2895027075211207,0.5127777777777778
2012-01-03,1.4333333333333333,-0.28326415558656054,0.5127777777777778
2012-01-04,1.3666666666666667,-0.24142492453257244,0.48777777777777775
2012-01-05,1.4,-0.26411887215243446,0.4988888888888888
2012-01-06,1.3333333333333333,-0.26317680683400896,0.48222222222222216
2012-01-07,1.3333333333333333,-0.26317680683400896,0.48222222222222216
2012-01-08,1.3333333333333333,-0.26183403339650896,0.48222222222222216
2012-01-09,1.4333333333333333,-0.25404688404666054,0.4755555555555555
2012-01-10,1.7666666666666666,-0.27377115633752613,0.5022222222222222
2012-01-11,1.7333333333333334,-0.24648786928918626,0.46888888888888886
2012-01-12,1.7666666666666666,-0.22446729587184058,0.4522222222222222
2012-01-13,1.7666666666666666,-0.22446729587184058,0.4522222222222222
2012-01-14,1.8,-0.2533717468049791,0.46888888888888886
2012-01-15,1.8,-0.2533717468049791,0.46888888888888886
2012-01-16,1.9666666666666666,-0.2536655737199481,0.4712698412698412
2012-01-17,2.1333333333333333,-0.24490672754626427,0.462936507936508
2012-01-18,2.1333333333333333,-0.24490672754626427,0.462936507936508
2012-01-19,2.1333333333333333,-0.22549762600707632,0.45182539682539685
2012-01-20,1.9666666666666666,-0.20572543575413646,0.42515873015873024
2012-01-21,1.9666666666666666,-0.20878251228777192,0.42515873015873024
2012-01-22,1.9666666666666666,-0.20841596359061818,0.42515873015873024
2012-01-23,1.9333333333333333,-0.2401452206973992,0.42515873015873024
2012-01-24,2.1,-0.23965482348250966,0.42515873015873024
2012-01-25,2.0,-0.22872994046126094,0.402936507936508
2012-01-26,2.066666666666667,-0.22856702705933934,0.41960317460317464
2012-01-27,2.033333333333333,-0.1953529785147735,0.38626984126984126
2012-01-28,2.066666666666667,-0.16282479465717362,0.3696031746031746
2012-01-29,2.066666666666667,-0.16282479465717362,0.3696031746031746
2012-01-30,2.0,-0.16292700172180222,0.35293650793650794
2012-01-31,1.9666666666666666,-0.12963771026049342,0.3196031746031746
2012-02-01,2.066666666666667,-0.16146602035278368,0.35293650793650794
2012-02-02,2.0,-0.13437980016782172,0.3196031746031746
2012-02-03,2.0,-0.13358940681531317,0.3196031746031746
2012-02-04,1.9,-0.1378312422240537,0.30849206349206354
2012-02-05,1.9333333333333333,-0.17108064625707883,0.34182539682539687
2012-02-06,1.9333333333333333,-0.17108064625707883,0.34182539682539687
2012-02-07,1.9333333333333333,-0.16718865368810912,0.34182539682539687
2012-02-08,1.8,-0.12231754515615721,0.3151587301587302
2012-02-09,1.5333333333333334,-0.1356115797564151,0.32182539682539685
2012-02-10,1.5333333333333334,-0.1356115797564151,0.32182539682539685
2012-02-11,1.5333333333333334,-0.16445844962246836,0.3384920634920635
2012-02-12,1.6,-0.16445801252174,0.3551587301587302
2012-02-13,1.6666666666666667,-0.16067116006262722,0.3551587301587302
2012-02-14,1.7333333333333334,-0.16480746710347752,0.37182539682539684
2012-02-15,1.5,-0.16032676059338782,0.35277777777777775
2012-02-16,1.3,-0.14837727232111825,0.3444444444444444
2012-02-17,1.3333333333333333,-0.18124660932355457,0.3777777777777777
2012-02-18,1.3666666666666667,-0.21626404921213788,0.4
2012-02-19,1.5666666666666667,-0.22770067188474868,0.4222222222222222
2012-02-20,1.6,-0.20217243929704035,0.40555555555555556
2012-02-21,1.6666666666666667,-0.18295785221788619,0.3944444444444445
2012-02-22,1.6666666666666667,-0.18295785221788619,0.39444444444444443
2012-02-23,1.5333333333333334,-0.14842931561999853,0.3777777777777777
2012-02-24,1.5666666666666667,-0.1815602435006036,0.4111111111111111
2012-02-25,1.5333333333333334,-0.20812922252549068,0.42777777777777776
2012-02-26,1.5333333333333334,-0.20812922252549068,0.42777777777777776
2012-02-27,1.4666666666666666,-0.20734411213133075,0.4111111111111111
2012-02-28,1.5333333333333334,-0.17920880847507056,0.4111111111111111
2012-02-29,1.6,-0.21248454584015744,0.4444444444444444
2012-03-01,1.6333333333333333,-0.1877937389744653,0.4444444444444444
2012-03-02,1.5333333333333334,-0.15596542888217507,0.4111111111111111
2012-03-03,1.9666666666666666,-0.16683041570533036,0.4341880341880342
2012-03-04,1.9333333333333333,-0.16153844016739446,0.4341880341880342
2012-03-05,2.033333333333333,-0.15140776585819377,0.44529914529914527
2012-03-06,2.0,-0.11815836182516866,0.41196581196581195
2012-03-07,2.0,-0.11815836182516866,0.41196581196581195
2012-03-08,2.0,-0.14954455943189118,0.4286324786324786
2012-03-09,2.1,-0.1434124206630593,0.4286324786324786
2012-03-10,2.033333333333333,-0.11039411377193582,0.3952991452991453
2012-03-11,2.066666666666667,-0.0779738123345579,0.3952991452991453
2012-03-12,2.3,-0.05113033261733858,0.38048433048433045
2012-03-13,2.2333333333333334,-0.05113076971806693,0.36381766381766384
2012-03-14,2.1,-0.05095053470966824,0.3471509971509972
2012-03-15,2.033333333333333,-0.04681422766881792,0.3304843304843305
2012-03-16,2.1,-0.046941353448605616,0.3471509971509972
2012-03-17,2.066666666666667,-0.008816239802416248,0.3304843304843305
2012-03-18,2.1333333333333333,0.0349556218567397,0.3082621082621083
2012-03-19,2.1,0.07801067855453218,0.286039886039886
2012-03-20,1.9333333333333333,0.12271823843150395,0.2638176638176638
2012-03-21,1.8666666666666667,0.13005119787152336,0.2638176638176638
2012-03-22,1.8,0.11728555718887905,0.2749287749287749
2012-03-23,2.0,0.10434585902256162,0.2971509971509972
2012-03-24,1.9333333333333333,0.1025182961738347,0.28048433048433047
2012-03-25,1.9,0.13564922405443977,0.24715099715099717
2012-03-26,1.8666666666666667,0.16205528967740526,0.21381766381766382
2012-03-27,1.8666666666666667,0.16205528967740526,0.21381766381766382
2012-03-28,1.8666666666666667,0.16205528967740526,0.21381766381766382
2012-03-29,1.8333333333333333,0.16562420520347745,0.21381766381766382
2012-03-30,1.7666666666666666,0.19889994256856433,0.1804843304843305
2012-03-31,1.7333333333333334,0.1742091357028722,0.1804843304843305
2012-04-01,1.8666666666666667,0.15556057585440466,0.20548433048433049
2012-04-02,1.5666666666666667,0.17976197131254054,0.19074074074074074
2012-04-03,1.6333333333333333,0.17722918385708772,0.19074074074074074
2012-04-04,1.5333333333333334,0.16709850954788702,0.17962962962962964
2012-04-05,1.7333333333333334,0.13471209467561157,0.21296296296296297
2012-04-06,1.9333333333333333,0.13315063245870448,0.22962962962962966
2012-04-07,1.9,0.13119528817909734,0.22962962962962966
2012-04-08,2.0,0.0878834261701851,0.2534391534391534
2012-04-09,2.1,0.07532704944806122,0.27566137566137566
2012-04-10,2.1333333333333333,0.06949150140481018,0.27566137566137566
2012-04-11,1.8333333333333333,0.07588038375926394,0.2571428571428572
2012-04-12,1.8333333333333333,0.07588038375926394,0.2571428571428571
2012-04-13,2.1,0.06686212674729405,0.27797619047619043
2012-04-14,2.1,0.06686212674729405,0.27797619047619043
2012-04-15,2.066666666666667,0.0336639399921137,0.2946428571428571
2012-04-16,2.033333333333333,0.000478293060783345,0.2946428571428571
2012-04-17,2.0,-0.040217218902849024,0.3168650793650794
2012-04-18,1.9333333333333333,-0.025113243633319467,0.3057539682539682
2012-04-19,1.9,-0.058384180837680426,0.3057539682539682
2012-04-20,1.9,-0.123327824248681,0.3390873015873016
2012-04-21,1.8666666666666667,-0.09692175862571549,0.3057539682539682
2012-04-22,1.6666666666666667,-0.0839820604593981,0.283531746031746
2012-04-23,1.8,-0.1025549715828328,0.30853174603174605
2012-04-24,1.8333333333333333,-0.13587006788168635,0.34186507936507937
2012-04-25,1.8333333333333333,-0.13587006788168635,0.34186507936507937
2012-04-26,1.8333333333333333,-0.13587006788168635,0.34186507936507937
2012-04-27,1.8333333333333333,-0.13587006788168635,0.34186507936507937
2012-04-28,1.8,-0.16757428706401872,0.34186507936507937
2012-04-29,1.8,-0.16757428706401872,0.34186507936507937
2012-04-30,1.8333333333333333,-0.14470341464593298,0.34186507936507937
2012-05-01,1.7,-0.12605485479746548,0.3168650793650794
2012-05-02,1.6666666666666667,-0.1726088008355527,0.34186507936507937
2012-05-03,1.6,-0.2273863899447615,0.3751984126984127
2012-05-04,1.6666666666666667,-0.23349160032849464,0.39186507936507936
2012-05-05,1.4666666666666666,-0.2011051854562192,0.35853174603174603
2012-05-06,1.3,-0.17864752488713415,0.34186507936507937
2012-05-07,1.3666666666666667,-0.13738785131819664,0.3196428571428572
2012-05-08,1.1333333333333333,-0.12514549154374335,0.29583333333333334
2012-05-09,1.0333333333333334,-0.11258911482161947,0.27361111111111114
2012-05-10,0.9666666666666667,-0.13917386821574637,0.27361111111111114
2012-05-11,0.9666666666666667,-0.13917386821574637,0.27361111111111114
2012-05-12,1.0666666666666667,-0.1300144767595662,0.2847222222222222
2012-05-13,0.8,-0.12099621974759632,0.2638888888888889
2012-05-14,0.8,-0.12099621974759632,0.2638888888888889
2012-05-15,0.9333333333333333,-0.09488791111442779,0.25055555555555553
2012-05-16,0.9666666666666667,-0.12818492535087797,0.28388888888888886
2012-05-17,1.0,-0.11080503049823974,0.2727777777777778
2012-05-18,1.0,-0.10870064877801472,0.2727777777777778
2012-05-19,1.0,-0.10870064877801472,0.2727777777777778
2012-05-20,0.9666666666666667,-0.07667077763213052,0.23944444444444446
2012-05-21,1.0,-0.1099452176027828,0.2727777777777778
2012-05-22,1.0333333333333334,-0.14134315235747233,0.3061111111111111
2012-05-23,0.9333333333333333,-0.10187404288185968,0.28111111111111114
2012-05-24,0.9,-0.06855894658300613,0.2477777777777778
2012-05-25,1.0333333333333334,-0.05650863928927317,0.2561111111111111
2012-05-26,1.1333333333333333,-0.03080097122324839,0.2561111111111111
2012-05-27,1.1333333333333333,-0.030800971223248385,0.2561111111111111
2012-05-28,1.2,-0.03383996768130197,0.2727777777777778
2012-05-29,1.2,-0.03383996768130197,0.2727777777777778
2012-05-30,1.2333333333333334,-0.08876359744204416,0.3061111111111111
2012-05-31,1.2333333333333334,-0.08876359744204416,0.3061111111111111
2012-06-01,1.2333333333333334,-0.05002761764658823,0.28388888888888886
2012-06-02,1.2333333333333334,0.007379141615496731,0.25055555555555553
2012-06-03,1.2,-0.019479170276059055,0.2672222222222222
2012-06-04,1.2666666666666666,-0.05274638020330006,0.3005555555555555
2012-06-05,1.4,-0.05486603660715952,0.30722222222222223
2012-06-06,1.3,-0.06280403551128176,0.2961111111111111
2012-06-07,1.3,-0.06280403551128176,0.2961111111111111
2012-06-08,1.3333333333333333,-0.037866672045654734,0.2961111111111111
2012-06-09,1.4333333333333333,-0.04966129412253699,0.3183333333333333
2012-06-10,1.5666666666666667,-0.08293655862410865,0.3516666666666666
2012-06-11,1.5,-0.12528073075744842,0.3738888888888889
2012-06-12,1.5,-0.12528073075744842,0.3738888888888889
2012-06-13,1.5666666666666667,-0.12642029507292643,0.39055555555555554
2012-06-14,1.4333333333333333,-0.14969960434569254,0.4038888888888889
2012-06-15,1.5,-0.1273641034960747,0.39277777777777784
2012-06-16,1.4,-0.1149510110418002,0.3705555555555556
2012-06-17,1.3666666666666667,-0.14795970370372138,0.3705555555555556
2012-06-18,1.3666666666666667,-0.14795970370372138,0.3705555555555556
2012-06-19,1.3666666666666667,-0.14795970370372138,0.3705555555555556
2012-06-20,1.3333333333333333,-0.11468526373306911,0.33722222222222226
2012-06-21,1.3333333333333333,-0.05834996551275254,0.30388888888888893
2012-06-22,1.3333333333333333,-0.054293086628119165,0.30388888888888893
2012-06-23,1.3333333333333333,-0.054293086628119165,0.30388888888888893
2012-06-24,1.2333333333333334,-0.09959491193294527,0.3288888888888889
2012-06-25,1.2,-0.12949719429016116,0.34555555555555556
2012-06-26,1.2333333333333334,-0.16095795234044394,0.3788888888888889
2012-06-27,1.2666666666666666,-0.14864067501491973,0.3733333333333333
2012-06-28,1.3333333333333333,-0.15251115229394702,0.38999999999999996
2012-06-29,1.3333333333333333,-0.12151663369602629,0.3733333333333333
2012-06-30,1.5333333333333334,-0.1218501753277249,0.38999999999999996
2012-07-01,1.6333333333333333,-0.15754224591785007,0.4122222222222222
2012-07-02,1.7,-0.2218647923734453,0.4455555555555556
2012-07-03,1.7666666666666666,-0.20427582727538215,0.4344444444444445
2012-07-04,1.7,-0.17100861734814116,0.40111111111111114
2012-07-05,1.5333333333333334,-0.18978515929645964,0.3944444444444445
2012-07-06,1.6,-0.19006443685955474,0.41111111111111115
2012-07-07,1.6333333333333333,-0.2233777787950304,0.4444444444444445
2012-07-08,1.6666666666666667,-0.2525089936123954,0.46111111111111114
2012-07-09,1.5666666666666667,-0.24071437153551314,0.43888888888888894
2012-07-10,1.5666666666666667,-0.223485746814145,0.4305555555555556
2012-07-11,1.5666666666666667,-0.21891700906885997,0.4305555555555556
2012-07-12,1.6,-0.2423695950044526,0.4638888888888889
2012-07-13,1.6,-0.2739053108625942,0.48055555555555557
2012-07-14,1.5666666666666667,-0.24340899768802857,0.44722222222222224
2012-07-15,1.4666666666666666,-0.23244748430119622,0.425
2012-07-16,1.5333333333333334,-0.23360854701863396,0.44166666666666665
2012-07-17,1.5333333333333334,-0.23360854701863396,0.44166666666666665
2012-07-18,1.6333333333333333,-0.26445944557587303,0.475
2012-07-19,1.6666666666666667,-0.23284995605548223,0.475
2012-07-20,1.7,-0.26532678057750064,0.5083333333333333
2012-07-21,1.7666666666666666,-0.3235469041599168,0.5416666666666666
2012-07-22,1.7666666666666666,-0.3817687410447333,0.575
2012-07-23,1.7666666666666666,-0.3817687410447333,0.575
2012-07-24,1.7333333333333334,-0.34851722303364013,0.5416666666666666
2012-07-25,1.6666666666666667,-0.3443226087424491,0.525
2012-07-26,1.6333333333333333,-0.31286185069216627,0.49166666666666664
2012-07-27,1.5333333333333334,-0.3221401315596369,0.48055555555555557
2012-07-28,1.4666666666666666,-0.31826965428060955,0.4638888888888889
2012-07-29,1.4,-0.31721141553587384,0.44722222222222224
2012-07-30,1.2,-0.31687787390417527,0.4305555555555556
2012-07-31,1.1666666666666667,-0.31980278680721924,0.4305555555555556
2012-08-01,1.1333333333333333,-0.3197128390934732,0.4305555555555556
2012-08-02,1.1333333333333333,-0.2780329408579403,0.4083333333333333
2012-08-03,1.2,-0.3096879732939932,0.44166666666666665
2012-08-04,1.2,-0.3096879732939932,0.44166666666666665
2012-08-05,1.1333333333333333,-0.30940869573089813,0.425
2012-08-06,1.2,-0.2650983306103282,0.40277777777777773
2012-08-07,1.3333333333333333,-0.28258786820703086,0.41388888888888886
2012-08-08,1.4,-0.2866796605123414,0.4305555555555555
2012-08-09,1.2666666666666666,-0.2706330207321379,0.40555555555555556
2012-08-10,1.3,-0.24615611705515122,0.3888888888888889
2012-08-11,1.2666666666666666,-0.22270353111955857,0.3555555555555555
2012-08-12,1.2,-0.19002825094593898,0.3222222222222222
2012-08-13,1.2666666666666666,-0.22326268924607173,0.3555555555555555
2012-08-14,1.3,-0.20236649089389377,0.3555555555555555
2012-08-15,6.333333333333333,-0.18824456558248318,0.3465141612200435
2012-08-16,6.666666666666667,-0.19200582370778835,0.3631808278867102
2012-08-17,6.733333333333333,-0.15582062932141208,0.3431808278867102
2012-08-18,6.966666666666667,-0.22025220004009785,0.37651416122004355
2012-08-19,7.066666666666666,-0.20738933391658051,0.3681808278867102
2012-08-20,7.1,-0.1932361957823659,0.3598474945533769
2012-08-21,7.1,-0.19312621329182633,0.3598474945533769
2012-08-22,7.533333333333333,-0.20563953997340356,0.3829244176303
2012-08-23,7.6,-0.23866796077933466,0.4162577509636333
2012-08-24,7.666666666666667,-0.26849675259636396,0.44959108429696665
2012-08-25,7.666666666666667,-0.26849675259636396,0.44959108429696665
2012-08-26,7.666666666666667,-0.26849675259636396,0.44959108429696665
2012-08-27,7.733333333333333,-0.294154659724698,0.4829244176303
2012-08-28,7.8,-0.32735737941311355,0.5162577509636334
2012-08-29,7.833333333333333,-0.2941505847538169,0.5162577509636334
2012-08-30,7.666666666666667,-0.261052043652997,0.4829244176303
2012-08-31,7.7,-0.23934524564259477,0.47181330651918885
2012-09-01,7.6,-0.26565058670090197,0.47181330651918885
2012-09-02,7.566666666666666,-0.26728237014657813,0.47181330651918885
2012-09-03,7.7,-0.2824902101521349,0.49681330651918887
2012-09-04,7.7,-0.2824902101521349,0.49681330651918887
2012-09-05,8.166666666666666,-0.3073581075598162,0.5092316071727836
2012-09-06,8.1,-0.2879779573211433,0.4981204960616725
2012-09-07,8.366666666666667,-0.29847232003304974,0.5047871627283392
2012-09-08,8.633333333333333,-0.3060370271334411,0.5256204960616725
2012-09-09,8.6,-0.27019366869622086,0.5089538293950059
2012-09-10,9.3,-0.295053427198182,0.5375252579664345
2012-09-11,9.466666666666667,-0.3282837144321704,0.5708585912997678
2012-09-12,9.566666666666666,-0.3282987119542067,0.5708585912997678
2012-09-13,9.566666666666666,-0.3824957630819583,0.6041919246331011
2012-09-14,4.5,-0.42861684129215744,0.6298999856352798
2012-09-15,4.166666666666667,-0.42485558316685224,0.6132333189686131
2012-09-16,4.0,-0.43018987899598937,0.5998999856352797
2012-09-17,3.7333333333333334,-0.39736779779769443,0.5665666523019464
2012-09-18,3.7,-0.3899065449891236,0.5637888745241686
2012-09-19,3.566666666666667,-0.3707769230065491,0.5387888745241686
2012-09-20,3.533333333333333,-0.3376181458490835,0.5054555411908354
2012-09-21,3.3,-0.34840023957575517,0.5101563958916899
2012-09-22,3.2666666666666666,-0.34867250067874944,0.5101563958916899
2012-09-23,3.3666666666666667,-0.32834987643247004,0.4968230625583566
2012-09-24,3.3666666666666667,-0.32834987643247004,0.4968230625583567
2012-09-25,3.3666666666666667,-0.32834987643247004,0.4968230625583567
2012-09-26,3.3,-0.302691969304136,0.46348972922502335
2012-09-27,3.3,-0.3022725145308689,0.46348972922502335
2012-09-28,3.2666666666666666,-0.33547930919016555,0.46348972922502335
2012-09-29,9.266666666666667,-0.3320755417214129,0.47682306255835666
2012-09-30,9.866666666666667,-0.3237142269402844,0.47206115779645186
2012-10-01,10.133333333333333,-0.3549301879694166,0.5053944911297852
2012-10-02,10.2,-0.31612060372267525,0.483172268907563
2012-10-03,12.333333333333334,-0.3158697088395755,0.48219187675070024
2012-10-04,12.8,-0.335924959875947,0.5083823529411765
2012-10-05,15.433333333333334,-0.333706148838502,0.507422385620915
2012-10-06,16.066666666666666,-0.3238755310202225,0.502349921852799
2012-10-07,16.066666666666666,-0.31886818196620387,0.4990165885194658
2012-10-08,15.9,-0.34449838038529795,0.5115165885194658
2012-10-09,15.9,-0.40948928431914094,0.5448499218527991
2012-10-10,15.366666666666667,-0.39316450762425276,0.5362784932813706
2012-10-11,18.066666666666666,-0.3689717562184776,0.5231001987077272
2012-10-12,18.366666666666667,-0.3504998719167471,0.5135763891839177
2012-10-13,18.433333333333334,-0.3455337102683147,0.5135763891839177
2012-10-14,18.5,-0.34543499702928065,0.5135763891839177
2012-10-15,18.533333333333335,-0.37860476727006437,0.5469097225172509
2012-10-16,18.633333333333333,-0.39151900431895525,0.5691319447394732
2012-10-17,18.633333333333333,-0.39151900431895525,0.5691319447394732
2012-10-18,19.866666666666667,-0.38029315795882807,0.5627430558505843
2012-10-19,20.3,-0.3871986172466671,0.5832558763634047
2012-10-20,20.7,-0.37938150152920314,0.5943669874745158
2012-10-21,20.833333333333332,-0.3451634860571089,0.5765892096967381
2012-10-22,20.933333333333334,-0.3451181999381247,0.5765892096967381
2012-10-23,20.866666666666667,-0.3493037451177037,0.5788114319189603
2012-10-24,20.933333333333334,-0.3813985753922856,0.6121447652522937
2012-10-25,21.333333333333332,-0.37917492461229657,0.6260336541411825
2012-10-26,22.466666666666665,-0.38020102196138866,0.6427003208078492
2012-10-27,23.166666666666668,-0.35660663186797226,0.6311061179092985
2012-10-28,23.733333333333334,-0.36506613724834097,0.6526747453602789
2012-10-29,17.766666666666666,-0.3435325412514666,0.6393414120269456
2012-10-30,17.066666666666666,-0.3403687489402675,0.6218810945666281
2012-10-31,16.8,-0.30915278791113526,0.5885477612332948
2012-11-01,16.7,-0.3146755562761475,0.5774366501221837
2012-11-02,14.433333333333334,-0.29971861115369053,0.5534170422790464
2012-11-03,13.966666666666667,-0.279663360117319,0.5272265660885702
2012-11-04,10.766666666666667,-0.26801129693217685,0.5046571216441257
2012-11-05,10.0,-0.2755386760406887,0.493062918745575
2012-11-06,9.666666666666666,-0.2659598700774904,0.47306291874557505
2012-11-07,9.566666666666666,-0.2327649645580049,0.43972958541224166
2012-11-08,9.566666666666666,-0.16707318748764155,0.4063962520789083
2012-11-09,9.433333333333334,-0.19177544837923802,0.41972958541224165
2012-11-10,6.566666666666666,-0.1827379125510247,0.39957454665255177
2012-11-11,6.1,-0.16796036103058626,0.37576502284302793
2012-11-12,6.0,-0.13962566990344494,0.34243168950969455
2012-11-13,5.933333333333334,-0.13975940683174898,0.34243168950969455
2012-11-14,5.9,-0.10658963659096529,0.3090983561763612
2012-11-15,5.833333333333333,-0.12680463663758934,0.32020946728747235
2012-11-16,5.866666666666666,-0.15225672594728173,0.35354280062080573
2012-11-17,4.566666666666666,-0.1846400734486391,0.3710428006208057
2012-11-18,4.2,-0.2110468573839904,0.3838633134413186
2012-11-19,3.8333333333333335,-0.2501086086834246,0.4060855356635408
2012-11-20,3.5,-0.2610312037472699,0.3960855356635407
2012-11-21,3.3666666666666667,-0.22777580795732877,0.3627522023302074
2012-11-22,3.3,-0.2473515614342134,0.3738633134413185
2012-11-23,3.2666666666666666,-0.24848001246367304,0.3738633134413185
2012-11-24,2.8666666666666667,-0.25070366324366206,0.3599744245524297
2012-11-25,1.8666666666666667,-0.2829038572331727,0.37664109121909634
2012-11-26,1.1666666666666667,-0.3048537313353782,0.38823529411764707
2012-11-27,0.6666666666666666,-0.329411044716835,0.4
2012-11-28,0.6333333333333333,-0.35434840818246205,0.4
2012-11-29,0.6333333333333333,-0.35434840818246205,0.4
2012-11-30,0.6333333333333333,-0.35434840818246205,0.4
2012-12-01,0.6333333333333333,-0.35434840818246205,0.4
2012-12-02,0.6333333333333333,-0.35434840818246205,0.4
2012-12-03,0.6333333333333333,-0.35434840818246205,0.4
2012-12-04,0.6666666666666666,-0.38735051651795704,0.43333333333333335
2012-12-05,0.7666666666666667,-0.4201750334766176,0.4666666666666667
2012-12-06,0.7666666666666667,-0.4201750334766176,0.4666666666666667
2012-12-07,0.7666666666666667,-0.4201750334766176,0.4666666666666667
2012-12-08,0.7333333333333333,-0.45258012579547036,0.4666666666666667
2012-12-09,0.7,-0.41934288309680096,0.43333333333333335
2012-12-10,0.7,-0.41934288309680096,0.43333333333333335
2012-12-11,0.7,-0.41934288309680096,0.43333333333333335
2012-12-12,0.7,-0.41934288309680096,0.43333333333333335
2012-12-13,0.6666666666666666,-0.38614764379130473,0.4
2012-12-14,0.6666666666666666,-0.38614764379130473,0.4
2012-12-15,0.6333333333333333,-0.35301840669578977,0.36666666666666664
2012-12-16,0.6,-0.32756631738609737,0.3333333333333333
2012-12-17,0.5666666666666667,-0.2942561106549369,0.3
2012-12-18,0.5666666666666667,-0.2673932330475913,0.2833333333333333
2012-12-19,0.5333333333333333,-0.2361485974656211,0.25
2012-12-20,0.6666666666666666,-0.25657672997978,0.275
2012-12-21,0.7666666666666667,-0.28985153486331305,0.30833333333333335
2012-12-22,0.7333333333333333,-0.2565840686360995,0.275
2012-12-23,0.7333333333333333,-0.2565179591377576,0.275
2012-12-24,0.7333333333333333,-0.2565179591377576,0.275
2012-12-25,0.6,-0.2232916677991549,0.24166666666666667
2012-12-26,0.6333333333333333,-0.20327630456950932,0.23055555555555557
2012-12-27,0.6,-0.13722937123643028,0.19722222222222222
2012-12-28,0.6,-0.13722937123643028,0.19722222222222222
2012-12-29,0.6,-0.13722937123643028,0.19722222222222222
2012-12-30,0.6,-0.13722937123643028,0.19722222222222222
2012-12-31,0.6333333333333333,-0.16725831445720463,0.23055555555555554
2013-01-01,0.6666666666666666,-0.20014292813009688,0.2638888888888889
2013-01-02,0.9333333333333333,-0.20937282658285566,0.2847222222222222
2013-01-03,1.7666666666666666,-0.17641160275436876,0.26805555555555555
2013-01-04,2.2,-0.13849699094127388,0.24930555555555553
2013-01-05,2.2,-0.13849699094127388,0.24930555555555553
2013-01-06,2.2666666666666666,-0.17163040830920906,0.2826388888888889
2013-01-07,2.566666666666667,-0.1835267461539164,0.3048611111111111
2013-01-08,2.6,-0.15102742087849527,0.3048611111111111
2013-01-09,2.6333333333333333,-0.1843290981849884,0.3381944444444444
2013-01-10,3.066666666666667,-0.19712144047488855,0.3612713675213675
2013-01-11,3.6,-0.19257667832543537,0.3737713675213675
2013-01-12,3.6,-0.19257667832543537,0.3737713675213675
2013-01-13,3.6333333333333333,-0.1600755847788859,0.3737713675213675
2013-01-14,3.6666666666666665,-0.12805615835358786,0.3737713675213675
2013-01-15,3.6666666666666665,-0.12805615835358786,0.3737713675213675
2013-01-16,3.6666666666666665,-0.12805615835358786,0.3737713675213675
2013-01-17,3.6,-0.12160679273774312,0.35710470085470086
2013-01-18,3.6333333333333333,-0.15488944821526693,0.3904380341880342
2013-01-19,3.5,-0.13446131570110803,0.36543803418803417
2013-01-20,3.466666666666667,-0.13188311646021159,0.36543803418803417
2013-01-21,3.533333333333333,-0.13210333972808472,0.38210470085470083
2013-01-22,3.5,-0.09894616792238506,0.3487713675213675
2013-01-23,4.933333333333334,-0.10452105850082506,0.36892640628105744
2013-01-24,5.166666666666667,-0.1305605141190022,0.40225973961439077
2013-01-25,6.466666666666667,-0.12547381073337666,0.3990851364397876
2013-01-26,6.633333333333334,-0.16924799730481574,0.4213073586620098
2013-01-27,7.466666666666667,-0.1663108113815573,0.4359740253286765
2013-01-28,8.966666666666667,-0.18013810125425658,0.4596777290323802
2013-01-29,9.333333333333334,-0.17670877601322552,0.4748292441838953
2013-01-30,9.4,-0.1784762908248473,0.4748292441838953
2013-01-31,9.466666666666667,-0.1747849712002644,0.4748292441838953
2013-02-01,9.2,-0.1655550727475056,0.453995910850562
2013-02-02,8.333333333333334,-0.1655141882404975,0.43732924418389535
2013-02-03,7.833333333333333,-0.13728957621309082,0.422745910850562
2013-02-04,7.9,-0.1374808038081022,0.4394125775172287
2013-02-05,7.833333333333333,-0.10434738644016701,0.40607924418389535
2013-02-06,8.066666666666666,-0.09540447165841998,0.40260702196167314
2013-02-07,8.033333333333333,-0.12790379693384113,0.40260702196167314
2013-02-08,9.733333333333333,-0.10086119699445813,0.38850445785910903
2013-02-09,10.766666666666667,-0.10813765226400714,0.3927002620549132
2013-02-10,10.233333333333333,-0.1126824144134603,0.3802002620549132
2013-02-11,10.733333333333333,-0.11326624826686403,0.397978039832691
2013-02-12,10.833333333333334,-0.17614664709664207,0.4313113731660243
2013-02-13,11.333333333333334,-0.21200125417209487,0.4500613731660243
2013-02-14,11.366666666666667,-0.18082867265837213,0.4500613731660243
2013-02-15,11.633333333333333,-0.17537818676329475,0.4625613731660243
2013-02-16,12.333333333333334,-0.16165105447316605,0.47208518268983385
2013-02-17,12.533333333333333,-0.12659505522820363,0.45303756364221476
2013-02-18,12.733333333333333,-0.1500866600199508,0.48081534141999255
2013-02-19,13.233333333333333,-0.1368971374193094,0.4729722041650906
2013-02-20,13.2,-0.16987626816424348,0.4896388708317573
2013-02-21,13.366666666666667,-0.20310206081065155,0.5229722041650906
2013-02-22,12.266666666666667,-0.19390369559454423,0.516150498738734
2013-02-23,12.066666666666666,-0.20105879780209135,0.516150498738734
2013-02-24,10.8,-0.1909594360834443,0.5137695463577817
2013-02-25,10.766666666666667,-0.1977699869718237,0.5182139908022261
2013-02-26,9.966666666666667,-0.23390957469205892,0.5368806574688928
2013-02-27,8.533333333333333,-0.24223228078213832,0.5465102870985225
2013-02-28,8.533333333333333,-0.2500587058721189,0.5495405901288255
2013-03-01,8.466666666666667,-0.24973119556819776,0.5495405901288255
2013-03-02,8.4,-0.25381952583705764,0.5495405901288255
2013-03-03,9.066666666666666,-0.2656929173063773,0.5728739234621588
2013-03-04,9.266666666666667,-0.2878788555322294,0.6006517012399365
2013-03-05,9.466666666666667,-0.33500550463948126,0.6244612250494603
2013-03-06,9.4,-0.33481427704446987,0.6077945583827937
2013-03-07,11.5,-0.33321118155085044,0.6231384737267089
2013-03-08,12.066666666666666,-0.33845197150977546,0.6256005949388302
2013-03-09,12.633333333333333,-0.33083025814728734,0.6373653008211833
2013-03-10,11.1,-0.3247127477719832,0.6348011982570807
2013-03-11,9.833333333333334,-0.3061126603171585,0.6241951376510201
2013-03-12,11.366666666666667,-0.32154633666364707,0.6488328188104404
2013-03-13,11.033333333333333,-0.3536964132913784,0.6643883743659958
2013-03-14,11.066666666666666,-0.33067381208428104,0.6510550410326625
2013-03-15,10.6,-0.35457568268267675,0.6656383743659958
2013-03-16,10.566666666666666,-0.38574826419639946,0.6656383743659958
2013-03-17,10.333333333333334,-0.35824865872947737,0.6531383743659959
2013-03-18,9.966666666666667,-0.38448420063893735,0.6669478981755197
2013-03-19,11.033333333333333,-0.38977546810789865,0.6714656026932242
2013-03-20,11.166666666666666,-0.3590308234395315,0.6570211582487797
2013-03-21,10.933333333333334,-0.34776008994047203,0.6515309621703483
2013-03-22,11.766666666666667,-0.3172159651293485,0.6361463467857329
2013-03-23,12.266666666666667,-0.27561757538458986,0.6144796801190663
2013-03-24,12.2,-0.30259294831495764,0.6303130134523997
2013-03-25,12.5,-0.2770330578460423,0.6169796801190663
2013-03-26,13.6,-0.3033181528622039,0.6282409413803276
2013-03-27,13.866666666666667,-0.2987900790867413,0.624651197790584
2013-03-28,14.3,-0.2746422202967524,0.612746435885822
2013-03-29,14.466666666666667,-0.24846611052865694,0.593698816838203
2013-03-30,14.2,-0.27677434152840125,0.6088503319897182
2013-03-31,14.566666666666666,-0.2547443424643266,0.5949614431008292
2013-04-01,16.6,-0.2213394989070611,0.5772195076169583
2013-04-02,16.033333333333335,-0.19760344732112192,0.564997285394736
2013-04-03,16.166666666666668,-0.1943079885009908,0.5638861742836251
2013-04-04,16.066666666666666,-0.1837227561381301,0.5567433171407679
2013-04-05,16.366666666666667,-0.21470753357103098,0.5900766504741012
2013-04-06,14.366666666666667,-0.21079451522709036,0.5858438462412969
2013-04-07,14.666666666666666,-0.2094045386437444,0.5844729948704456
2013-04-08,14.433333333333334,-0.2106215354350604,0.586041622321426
2013-04-09,16.866666666666667,-0.21583127757572976,0.5887842383551812
2013-04-10,17.666666666666668,-0.2293808792763006,0.5965620161329589
2013-04-11,17.433333333333334,-0.2203510524011406,0.5907277537769574
2013-04-12,18.066666666666666,-0.20614518059724762,0.5837833093325132
2013-04-13,19.0,-0.20296887700104005,0.5819651275143313
2013-04-14,19.3,-0.18232500371407032,0.5698439153931191
2013-04-15,19.7,-0.1897245286279641,0.5892883598375637
2013-04-16,19.833333333333332,-0.2557722388082467,0.622621693170897
2013-04-17,20.233333333333334,-0.2550739401950163,0.6220156325648364
2013-04-18,19.5,-0.2533087747533604,0.620859272584947
2013-04-19,19.3,-0.27868419311836207,0.6325259392516137
2013-04-20,19.066666666666666,-0.2773809663692598,0.6347481614738357
2013-04-21,18.233333333333334,-0.2414727906318299,0.6167994435251178
2013-04-22,17.6,-0.28316180526532647,0.6384661101917845
2013-04-23,17.366666666666667,-0.28871201246299266,0.6426327768584511
2013-04-24,17.266666666666666,-0.2775289687730378,0.6369184911441654
2013-04-25,16.566666666666666,-0.25448566061432226,0.623573896549571
2013-04-26,16.233333333333334,-0.27477157923523876,0.6338303068059812
2013-04-27,15.833333333333334,-0.26983409196224956,0.6290684020440764
2013-04-28,15.633333333333333,-0.2408223088165267,0.6147826877583621
2013-04-29,15.933333333333334,-0.22366760229867136,0.6064493544250288
2013-04-30,15.733333333333333,-0.22658852741918398,0.6092271322028064
2013-05-01,13.733333333333333,-0.2599258160654718,0.6269690676866774
2013-05-02,13.633333333333333,-0.2717884761820913,0.6158579565755663
2013-05-03,13.333333333333334,-0.28617621170785834,0.622524623242233
2013-05-04,13.266666666666667,-0.3140846278002541,0.6391912899088996
2013-05-05,13.2,-0.3161919480925403,0.6391912899088996
2013-05-06,13.2,-0.3134804433947406,0.6391912899088997
2013-05-07,11.8,-0.3066762069562013,0.61935002006763
2013-05-08,11.466666666666667,-0.3130809235273734,0.6060166867342965
2013-05-09,8.9,-0.3407410478770681,0.619940737367208
2013-05-10,8.233333333333333,-0.3319038813822747,0.6154962929227635
2013-05-11,7.0,-0.3288224852111043,0.6133595407860113
2013-05-12,6.333333333333333,-0.3287754790841972,0.6119706518971224
2013-05-13,5.233333333333333,-0.32459507860427356,0.5937888337153043
2013-05-14,4.866666666666666,-0.3175019006426929,0.5725767125031831
2013-05-15,4.533333333333333,-0.3092900349526735,0.5697989347254052
2013-05-16,4.433333333333334,-0.2441119644869498,0.5364656013920719
2013-05-17,4.166666666666667,-0.24706387784940748,0.537547852474323
2013-05-18,3.7666666666666666,-0.2520510077807639,0.5399007936507937
2013-05-19,3.6333333333333333,-0.23392862929238217,0.5149007936507937
2013-05-20,3.6,-0.1956739311748081,0.4926785714285714
2013-05-21,3.6333333333333333,-0.26157072140110865,0.5260119047619047
2013-05-22,3.6333333333333333,-0.2614920472436481,0.5260119047619047
2013-05-23,3.8,-0.23064408322175345,0.509345238095238
2013-05-24,3.7333333333333334,-0.2542080735876447,0.5217261904761905
2013-05-25,3.3666666666666667,-0.28747142182929175,0.5404761904761906
2013-05-26,4.8,-0.26676961288257167,0.5303312629399586
2013-05-27,5.766666666666667,-0.2858440635241218,0.5426968543378081
2013-05-28,5.733333333333333,-0.31888196047516143,0.5426968543378081
2013-05-29,5.433333333333334,-0.2934933292505291,0.5288079654489192
2013-05-30,5.233333333333333,-0.2811334554656162,0.5065857432266969
2013-05-31,5.166666666666667,-0.24791938605942462,0.4732524098933636
2013-06-01,5.533333333333333,-0.273433144140803,0.5035554401963939
2013-06-02,5.766666666666667,-0.22487109502013838,0.4785554401963939
2013-06-03,5.8,-0.2261757910237344,0.4785554401963939
2013-06-04,5.933333333333334,-0.2212634663546932,0.4755251371660909
2013-06-05,6.166666666666667,-0.24306073355325583,0.48774735938831315
2013-06-06,6.4,-0.27494228733939735,0.5210806927216465
2013-06-07,6.433333333333334,-0.30815961811306886,0.5544140260549798
2013-06-08,6.366666666666666,-0.27514818463089874,0.5210806927216465
2013-06-09,6.033333333333333,-0.26896703932049687,0.5010806927216465
2013-06-10,6.033333333333333,-0.29866045706831224,0.5177473593883131
2013-06-11,5.966666666666667,-0.3076935414807281,0.5260806927216464
2013-06-12,6.133333333333334,-0.31586122635367325,0.5460806927216465
2013-06-13,6.2,-0.3166149052318216,0.5627473593883131
2013-06-14,6.3,-0.32577217999461106,0.5660806927216464
2013-06-15,6.233333333333333,-0.35785263164205167,0.5660806927216464
2013-06-16,5.766666666666667,-0.34309060727349305,0.5422711689121226
2013-06-17,5.633333333333334,-0.36959635808856667,0.555604502245456
2013-06-18,5.633333333333334,-0.36959635808856667,0.555604502245456
2013-06-19,5.566666666666666,-0.4029179334123073,0.555604502245456
2013-06-20,5.5,-0.370274089721753,0.5222711689121227
2013-06-21,5.466666666666667,-0.3370363463440675,0.4889378355787893
2013-06-22,5.4,-0.3578036027960451,0.49727116891212264
2013-06-23,5.266666666666667,-0.30487722255910155,0.4706045022454559
2013-06-24,5.1,-0.27243476686998924,0.4372711689121226
2013-06-25,3.566666666666667,-0.2598241080826903,0.4140827631150212
2013-06-26,2.8,-0.24488602855698371,0.40588383838383835
2013-06-27,2.8,-0.24488602855698371,0.40588383838383835
2013-06-28,2.7,-0.2547240354507775,0.3947727272727272
2013-06-29,2.7,-0.2547240354507775,0.3947727272727272
2013-06-30,2.7,-0.2547240354507775,0.3947727272727272
2013-07-01,2.3666666666666667,-0.26217500763215545,0.39780303030303027
2013-07-02,2.1,-0.277458841821332,0.38946969696969697
2013-07-03,2.0,-0.24501901986279015,0.35613636363636364
2013-07-04,1.8666666666666667,-0.24928672483989173,0.35916666666666663
2013-07-05,1.7333333333333334,-0.2480395351326655,0.35805555555555557
2013-07-06,1.5,-0.21615798134652398,0.32472222222222225
2013-07-07,1.5333333333333334,-0.21612695911573987,0.32472222222222225
2013-07-08,1.6,-0.2173614011113606,0.3413888888888889
2013-07-09,1.6666666666666667,-0.2502508735562128,0.37472222222222223
2013-07-10,1.6,-0.21723500250823916,0.3413888888888889
2013-07-11,1.6,-0.18928778826244297,0.32472222222222225
2013-07-12,1.4666666666666666,-0.15116653222886345,0.3047222222222222
2013-07-13,1.4,-0.15041285335071505,0.28805555555555556
2013-07-14,1.2666666666666666,-0.17509783127951245,0.30138888888888893
2013-07-15,1.2666666666666666,-0.17509783127951245,0.30138888888888893
2013-07-16,1.3,-0.2076736611033243,0.33472222222222225
2013-07-17,1.2666666666666666,-0.1744280220970275,0.30138888888888893
2013-07-18,1.2666666666666666,-0.1744280220970275,0.30138888888888893
2013-07-19,1.3,-0.20774076401241243,0.33472222222222225
2013-07-20,1.3,-0.20774076401241243,0.33472222222222225
2013-07-21,1.3,-0.20774076401241243,0.33472222222222225
2013-07-22,1.1666666666666667,-0.18891936609196286,0.3097222222222223
2013-07-23,1.1666666666666667,-0.25514513720122595,0.3430555555555556
2013-07-24,1.1666666666666667,-0.25514513720122595,0.3430555555555556
2013-07-25,1.2,-0.22333754369663816,0.3430555555555556
2013-07-26,0.9333333333333333,-0.2150841168467961,0.32222222222222224
2013-07-27,1.1,-0.2245617842579645,0.34222222222222226
2013-07-28,1.1,-0.2245617842579645,0.34222222222222226
2013-07-29,1.1,-0.2245617842579645,0.34222222222222226
2013-07-30,1.1,-0.2245617842579645,0.34222222222222226
2013-07-31,1.2333333333333334,-0.18521700500495852,0.32222222222222224
2013-08-01,1.3666666666666667,-0.204572419812755,0.34722222222222227
2013-08-02,1.3666666666666667,-0.204572419812755,0.34722222222222227
2013-08-03,1.1333333333333333,-0.17212494177950755,0.31388888888888894
2013-08-04,1.0,-0.1611297431588173,0.30833333333333335
2013-08-05,1.0333333333333334,-0.193721926510334,0.3416666666666667
2013-08-06,1.0,-0.1287823282678922,0.30833333333333335
2013-08-07,1.0,-0.12337351868549984,0.30833333333333335
2013-08-08,0.9666666666666667,-0.12380187044541043,0.30833333333333335
2013-08-09,0.9666666666666667,-0.12380187044541043,0.30833333333333335
2013-08-10,0.9333333333333333,-0.09232579201459885,0.2916666666666667
2013-08-11,0.9,-0.12227936317523322,0.2916666666666667
2013-08-12,0.9,-0.12227936317523322,0.2916666666666667
2013-08-13,0.9,-0.12221198608477911,0.2916666666666667
2013-08-14,1.0,-0.11163230866193773,0.3027777777777778
2013-08-15,1.2666666666666666,-0.10395368599229389,0.29907407407407405
2013-08-16,1.2666666666666666,-0.1039536859922939,0.29907407407407405
2013-08-17,1.3,-0.13721709513001973,0.3324074074074074
2013-08-18,1.2666666666666666,-0.10390435321463481,0.29907407407407405
2013-08-19,1.3666666666666667,-0.13627648615174826,0.3324074074074074
2013-08-20,1.6666666666666667,-0.15420157928157738,0.35833333333333334
2013-08-21,1.7,-0.12926421581595035,0.35833333333333334
2013-08-22,1.8,-0.11386658568073203,0.35
2013-08-23,1.8666666666666667,-0.1464319290607064,0.38333333333333336
2013-08-24,1.9333333333333333,-0.21100285601836666,0.4166666666666667
2013-08-25,1.9333333333333333,-0.21100285601836666,0.4166666666666667
2013-08-26,1.8,-0.16910964958093785,0.39666666666666667
2013-08-27,1.8,-0.16910964958093785,0.39666666666666667
2013-08-28,1.8,-0.16910964958093785,0.39666666666666667
2013-08-29,1.8,-0.16910964958093785,0.39666666666666667
2013-08-30,1.8,-0.19551095835588597,0.41000000000000003
2013-08-31,1.7,-0.20876108827414339,0.41833333333333333
2013-09-01,1.8333333333333333,-0.22732259951255943,0.44333333333333336
2013-09-02,1.8666666666666667,-0.2605892213406386,0.4766666666666667
2013-09-03,1.8666666666666667,-0.28807144584479155,0.49333333333333335
2013-09-04,1.8666666666666667,-0.2887103619398894,0.49333333333333335
2013-09-05,1.8333333333333333,-0.32046365163944385,0.49333333333333335
2013-09-06,1.7666666666666666,-0.3246380192262155,0.4766666666666667
2013-09-07,1.7333333333333334,-0.29132019502145273,0.44333333333333336
2013-09-08,1.7333333333333334,-0.29132019502145273,0.44333333333333336
2013-09-09,1.7,-0.3232293707353097,0.44333333333333336
2013-09-10,1.7,-0.3232293707353097,0.44333333333333336
2013-09-11,1.7,-0.3232293707353097,0.44333333333333336
2013-09-12,1.6666666666666667,-0.2902668359103026,0.41000000000000003
2013-09-13,1.5666666666666667,-0.300846513333144,0.3988888888888889
2013-09-14,1.2666666666666666,-0.275949306178976,0.3692592592592593
2013-09-15,1.2666666666666666,-0.275949306178976,0.3692592592592593
2013-09-16,1.2666666666666666,-0.20938160905131592,0.33592592592592596
2013-09-17,1.2666666666666666,-0.2093816090513159,0.33592592592592596
2013-09-18,1.1666666666666667,-0.17700947611420242,0.30259259259259264
2013-09-19,0.8666666666666667,-0.1590843829843733,0.27666666666666667
2013-09-20,0.8333333333333334,-0.18402174645000036,0.27666666666666667
2013-09-21,0.7,-0.16610437168015374,0.25166666666666665
2013-09-22,0.7666666666666667,-0.1169298667046759,0.22666666666666666
2013-09-23,0.6666666666666666,-0.08416653325160348,0.19333333333333333
2013-09-24,0.6666666666666666,-0.08416653325160348,0.19333333333333333
2013-09-25,0.6333333333333333,-0.11658207227786385,0.19333333333333333
2013-09-26,0.7,-0.08594075689713163,0.19333333333333333
2013-09-27,0.7,-0.08594075689713163,0.19333333333333333
2013-09-28,0.7333333333333333,-0.053207640349864985,0.19333333333333333
2013-09-29,0.5666666666666667,-0.03318638056516649,0.16666666666666666
2013-09-30,0.5333333333333333,-0.0005808358391126145,0.13333333333333333
2013-10-01,0.43333333333333335,0.04291803886493046,0.10833333333333334
2013-10-02,0.43333333333333335,0.04357286343971887,0.10833333333333334
2013-10-03,0.5666666666666667,0.059052066836092196,0.09722222222222224
2013-10-04,0.5333333333333333,0.09228316628270677,0.0638888888888889
2013-10-05,0.8333333333333334,0.08182584041798553,0.08611111111111111
2013-10-06,1.1333333333333333,0.05596738496312386,0.11574074074074074
2013-10-07,1.1333333333333333,0.055967384963123874,0.11574074074074074
2013-10-08,1.1333333333333333,0.055967384963123874,0.11574074074074074
2013-10-09,1.1333333333333333,0.055967384963123874,0.11574074074074074
2013-10-10,1.1333333333333333,0.055967384963123874,0.11574074074074074
2013-10-11,1.1333333333333333,0.055967384963123874,0.11574074074074074
2013-10-12,1.1333333333333333,0.055967384963123874,0.11574074074074074
2013-10-13,1.1333333333333333,0.055967384963123874,0.11574074074074074
2013-10-14,1.1333333333333333,0.055967384963123874,0.11574074074074074
2013-10-15,1.4,0.07066531070956475,0.12407407407407407
2013-10-16,1.3666666666666667,0.037361022719630474,0.12407407407407407
2013-10-17,1.3666666666666667,0.037361022719630474,0.12407407407407407
2013-10-18,1.8,0.02824095132683755,0.1445868945868946
2013-10-19,1.9666666666666666,0.031329310364872624,0.15792022792022792
2013-10-20,2.3333333333333335,0.004496598487627734,0.18822325822325822
2013-10-21,3.6333333333333333,0.0030221843713307216,0.20446257446257446
2013-10-22,3.7333333333333334,-0.037001243049807675,0.22470066970066968
2013-10-23,4.3,-0.047433863893059224,0.2462692971516501
2013-10-24,4.733333333333333,-0.07054103342338978,0.2744744253567783
2013-10-25,4.733333333333333,-0.07054103342338978,0.2744744253567783
2013-10-26,4.933333333333334,-0.11697188444579223,0.2994744253567783
2013-10-27,5.3,-0.1266763996934262,0.3206865465688995
2013-10-28,5.433333333333334,-0.17807986258023648,0.34735321323556617
2013-10-29,5.933333333333334,-0.19902976498226657,0.37401987990223284
2013-10-30,6.7,-0.20667752240881873,0.3943097349746966
2013-10-31,6.966666666666667,-0.23592046204879324,0.4128282534932151
2013-11-01,7.0,-0.20316862566942415,0.39616158682654845
2013-11-02,7.533333333333333,-0.20166038745017262,0.39666663733159896
2013-11-03,7.7,-0.23472267581394723,0.4299999706649323
2013-11-04,7.933333333333334,-0.24931346455695752,0.4369444151093767
2013-11-05,7.8,-0.21780829950101144,0.42064811881308045
2013-11-06,7.866666666666666,-0.21921234154628683,0.4373147854797471
2013-11-07,8.033333333333333,-0.24165626311229632,0.46398145214641384
2013-11-08,8.466666666666667,-0.2601513502468288,0.48962247778743945
2013-11-09,8.6,-0.26016306206282175,0.5062891444541061
2013-11-10,8.866666666666667,-0.26854362090126865,0.5271224777874395
2013-11-11,9.0,-0.28488744099633095,0.5521224777874394
2013-11-12,9.1,-0.3178165733784059,0.5854558111207727
2013-11-13,9.766666666666667,-0.32472594141658345,0.6054558111207728
2013-11-14,9.5,-0.3394238671630243,0.5971224777874394
2013-11-15,9.733333333333333,-0.36422138819790084,0.6256939063588681
2013-11-16,9.8,-0.3968766153821965,0.6590272396922014
2013-11-17,9.366666666666667,-0.38775654398940357,0.6385144191793809
2013-11-18,9.433333333333334,-0.4048050269410674,0.6489906096555713
2013-11-19,9.466666666666667,-0.3838032187462663,0.6381320237969855
2013-11-20,8.466666666666667,-0.3935272524402483,0.6441149297798915
2013-11-21,8.533333333333333,-0.40290621731598925,0.6488768345417962
2013-11-22,8.3,-0.41868612919171405,0.6573082070908158
2013-11-23,8.066666666666666,-0.4159667770839324,0.6568808566634653
2013-11-24,9.3,-0.4282966935117338,0.6794033791859879
2013-11-25,9.5,-0.43119254203573654,0.6805938553764641
2013-11-26,9.233333333333333,-0.4544361002017395,0.6927150674976762
2013-11-27,9.566666666666666,-0.4622397229508562,0.6971595119421207
2013-11-28,9.933333333333334,-0.4515102619238494,0.6922877170703258
2013-11-29,9.666666666666666,-0.46001463764421907,0.6964423064423065
2013-11-30,10.0,-0.47201012631668,0.7024851914325598
2013-12-01,10.433333333333334,-0.4763107352165382,0.7035963025436709
2013-12-02,10.3,-0.4892834951661775,0.7104986594460279
2013-12-03,10.233333333333333,-0.4887218407309137,0.7104986594460279
2013-12-04,9.7,-0.4636737261231822,0.6813319927793612
2013-12-05,9.566666666666666,-0.5025823607063375,0.7013319927793611
2013-12-06,9.833333333333334,-0.4933726513401749,0.6979986594460279
2013-12-07,9.8,-0.5037416668748937,0.7046653261126946
2013-12-08,9.433333333333334,-0.5180794446606596,0.7123576338050023
2013-12-09,9.833333333333334,-0.5347948673058708,0.7206909671383356
2013-12-10,9.9,-0.5171063811768253,0.7098576338050022
2013-12-11,9.933333333333334,-0.5106780373244643,0.7048576338050022
2013-12-12,10.066666666666666,-0.4898692951645754,0.6953338242811927
2013-12-13,10.133333333333333,-0.48754957824502315,0.6935156424630108
2013-12-14,10.666666666666666,-0.5084315323288632,0.7205989757963441
2013-12-15,11.133333333333333,-0.4926190781809189,0.7126624678598362
2013-12-16,11.833333333333334,-0.47563262214262353,0.7039668156859232
2013-12-17,13.0,-0.4935405307298522,0.7296811014002089
2013-12-18,14.166666666666666,-0.4967790620147143,0.7312684029875105
2013-12-19,15.2,-0.5113458756935728,0.7389557414888024
2013-12-20,16.1,-0.5080736728066558,0.7371038896369507
2013-12-21,17.533333333333335,-0.4887656823156053,0.7274885050215661
2013-12-22,17.466666666666665,-0.4817902481911355,0.722488505021566
2013-12-23,18.133333333333333,-0.4613884738060989,0.711377393910455
2013-12-24,17.733333333333334,-0.47177805768156605,0.7168548713879324
2013-12-25,18.433333333333334,-0.4735069779085714,0.7173310618641229
2013-12-26,19.133333333333333,-0.45072867315950643,0.7034421729752339
2013-12-27,19.433333333333334,-0.43094078249675677,0.6917755063085674
2013-12-28,19.333333333333332,-0.4371670802113953,0.6946183156731158
2013-12-29,19.066666666666666,-0.42707257420878747,0.6892214902762904
2013-12-30,18.866666666666667,-0.4298264438208339,0.6903011124085442
2013-12-31,18.966666666666665,-0.4374595714792894,0.6947455568529886
2014-01-01,18.9,-0.4227734330618556,0.6859492605566923
2014-01-02,18.966666666666665,-0.42323966165292676,0.6859492605566923
2014-01-03,19.7,-0.4333854571788533,0.7071613817688135
2014-01-04,20.366666666666667,-0.42462945150945625,0.7023994770069087
2014-01-05,20.6,-0.4449524257986211,0.7125955554382812
2014-01-06,20.7,-0.43591097083629937,0.7078336506763765
2014-01-07,23.0,-0.42057803384754944,0.7003219135871747
2014-01-08,23.3,-0.4266864533503243,0.7033219135871747
2014-01-09,23.3,-0.4679994059879968,0.7266552469205081
2014-01-10,24.633333333333333,-0.48883727307136965,0.7392478395131007
2014-01-11,25.266666666666666,-0.504478040355735,0.7462075464728076
2014-01-12,24.933333333333334,-0.511975048244712,0.7502479505132116
2014-01-13,24.566666666666666,-0.4975454292801194,0.7431646171798784
2014-01-14,24.133333333333333,-0.507522785151528,0.7475296965449576
2014-01-15,23.633333333333333,-0.5247795711023271,0.7562253487188707
2014-01-16,23.1,-0.5137157436826875,0.74980930861862
2014-01-17,22.2,-0.520894845795064,0.7533013721106836
2014-01-18,20.833333333333332,-0.5337061234978613,0.7595029224982804
2014-01-19,19.8,-0.5463989427466082,0.7657992187945768
2014-01-20,18.633333333333333,-0.5553143393027541,0.7695322504687849
2014-01-21,19.233333333333334,-0.5481697466003653,0.7676091735457079
2014-01-22,18.633333333333333,-0.5725006917031976,0.7801091735457079
2014-01-23,18.1,-0.5680516954330531,0.7780350994716339
2014-01-24,17.066666666666666,-0.5795708626008529,0.7847017661383006
2014-01-25,16.733333333333334,-0.5928770649027563,0.7938287502652847
2014-01-26,16.033333333333335,-0.5753931666505074,0.7854954169319514
2014-01-27,15.9,-0.5575921162326606,0.7766472094567417
2014-01-28,17.133333333333333,-0.5679096676837305,0.7825995904091224
2014-01-29,17.9,-0.5611421399586181,0.780106712916245
2014-01-30,17.966666666666665,-0.5662030311144616,0.7828844906940229
2014-01-31,17.666666666666668,-0.5521807500758423,0.7763368716464037
2014-02-01,17.6,-0.5288619774949537,0.7652257605352927
2014-02-02,16.933333333333334,-0.5513784822378363,0.7773469726565048
2014-02-03,16.3,-0.5278488244217061,0.7654422107517429
2014-02-04,15.866666666666667,-0.5320990565373862,0.7669127989870369
2014-02-05,15.833333333333334,-0.5193763665360197,0.7605635926378306
2014-02-06,13.933333333333334,-0.515717648271541,0.758551520203223
2014-02-07,13.2,-0.5038777088362179,0.7527737424254453
2014-02-08,13.266666666666667,-0.47682435276490465,0.7388848535365562
2014-02-09,11.966666666666667,-0.4678491323539925,0.7340700387217416
2014-02-10,11.266666666666667,-0.4573599608551314,0.7299674746191775
2014-02-11,11.4,-0.4778377461907782,0.7410785857302886
2014-02-12,11.533333333333333,-0.5044641065188873,0.7544119190636219
2014-02-13,11.633333333333333,-0.5016667061770949,0.7536543433060461
2014-02-14,11.666666666666666,-0.4999569430784487,0.7536543433060461
2014-02-15,11.133333333333333,-0.5263607738409438,0.7676894310253444
2014-02-16,10.833333333333334,-0.5241192451444597,0.7665783199142332
2014-02-17,10.9,-0.5075682581789625,0.7582449865808999
2014-02-18,10.733333333333333,-0.48694919400685344,0.7315783199142332
2014-02-19,10.266666666666667,-0.4748438456707022,0.7263495617442985
2014-02-20,9.4,-0.4627513397785844,0.7032726386673755
2014-02-21,9.233333333333333,-0.47165556134973846,0.7074393053340422
2014-02-22,9.0,-0.45380753603219315,0.698180046074783
2014-02-23,8.9,-0.4542324466172787,0.698180046074783
2014-02-24,8.466666666666667,-0.46377352091027907,0.7029419508366878
2014-02-25,8.733333333333333,-0.4894061173476562,0.7160732639680009
2014-02-26,8.366666666666667,-0.5236382792083732,0.7336171236171237
2014-02-27,6.966666666666667,-0.5405664637375188,0.741950456950457
2014-02-28,5.866666666666666,-0.5394006201204856,0.741024531024531
2014-03-01,6.166666666666667,-0.5398066770507646,0.7413118873463701
2014-03-02,6.266666666666667,-0.5636238635482713,0.7536928397273226
2014-03-03,6.433333333333334,-0.5467073351213327,0.7439706175051003
2014-03-04,6.833333333333333,-0.5164741147200683,0.7273039508384336
2014-03-05,7.7,-0.5446804260282706,0.7415896651241478
2014-03-06,8.433333333333334,-0.5576018973107283,0.74864094717543
2014-03-07,8.8,-0.5648424734665529,0.751908921031639
2014-03-08,9.166666666666666,-0.5742256724260397,0.7560993972221153
2014-03-09,9.466666666666667,-0.5900397320676659,0.7644327305554486
2014-03-10,9.666666666666666,-0.6144192398234575,0.7764697675924858
2014-03-11,10.433333333333334,-0.6169463165259226,0.7774276219986158
2014-03-12,10.866666666666667,-0.6254775320258711,0.7803905849615789
2014-03-13,10.966666666666667,-0.6124596026412882,0.7733730411019298
2014-03-14,10.933333333333334,-0.611400533791495,0.7733730411019298
2014-03-15,10.8,-0.6202885248813366,0.777702045430934
2014-03-16,10.533333333333333,-0.6223927107892656,0.777702045430934
2014-03-17,10.833333333333334,-0.6064697523026557,0.7693687120976007
2014-03-18,11.133333333333333,-0.6032764758443392,0.7682576009864897
2014-03-19,11.666666666666666,-0.6078438162580685,0.7699242676531562
2014-03-20,12.5,-0.6305847232913531,0.7979242676531563
2014-03-21,13.033333333333333,-0.6292020202491833,0.7967546770098813
2014-03-22,13.433333333333334,-0.6197765842888905,0.8078657881209925
2014-03-23,14.133333333333333,-0.6114490386493491,0.8036991214543259
2014-03-24,14.1,-0.6432541357127316,0.8203657881209926
2014-03-25,14.666666666666666,-0.6159166503816553,0.8055509733061776
2014-03-26,15.0,-0.6041169780453661,0.7994903672455717
2014-03-27,14.933333333333334,-0.5966091814246857,0.7937664615216659
2014-03-28,16.1,-0.5836704632850224,0.7867897173356194
2014-03-29,16.566666666666666,-0.5738381629150842,0.7826230506689528
2014-03-30,17.733333333333334,-0.5776657226016279,0.7840850389730464
2014-03-31,17.5,-0.5874087230704917,0.7891007129542376
2014-04-01,18.133333333333333,-0.5663575792173481,0.777376575023203
2014-04-02,19.633333333333333,-0.5899219398080114,0.7894048769099956
2014-04-03,19.466666666666665,-0.6070369962439093,0.7986641361692547
2014-04-04,19.733333333333334,-0.5949388226359997,0.7927117552168739
2014-04-05,18.9,-0.5985606825991233,0.793993806498925
2014-04-06,18.4,-0.5804576930634175,0.7851702770871605
2014-04-07,18.0,-0.5515446004807639,0.7699907899076733
2014-04-08,17.866666666666667,-0.510427805371386,0.7477685676854511
2014-04-09,17.8,-0.5057278493113782,0.7454537528706363
2014-04-10,17.033333333333335,-0.4771278264180791,0.7278292317978393
2014-04-11,16.7,-0.44722887013801543,0.7106996021682097
2014-04-12,16.3,-0.4411802595481586,0.7081933365040493
2014-04-13,16.533333333333335,-0.4375694368904145,0.705971114281827
2014-04-14,16.566666666666666,-0.4373764781352619,0.7065663523770651
2014-04-15,17.433333333333334,-0.41914147271533064,0.6966898091671886
2014-04-16,18.6,-0.4175471989411352,0.6958032843444936
2014-04-17,18.766666666666666,-0.42023291926565143,0.6974699510111603
2014-04-18,22.066666666666666,-0.4233764067848943,0.6999349370055581
2014-04-19,23.3,-0.42546373425880135,0.7009671950700741
2014-04-20,23.6,-0.43615141948822705,0.706105039681603
2014-04-21,24.4,-0.47159044485055973,0.7246235582001215
2014-04-22,23.866666666666667,-0.4637518583810684,0.7204568915334548
2014-04-23,24.1,-0.4376420223788775,0.7079568915334548
2014-04-24,24.266666666666666,-0.4575691596435684,0.7184238802613131
2014-04-25,24.266666666666666,-0.4403611337907293,0.709332971170404
2014-04-26,24.333333333333332,-0.43922781567074903,0.7089962708337036
2014-04-27,23.433333333333334,-0.44065307959170674,0.7097230150197501
2014-04-28,23.133333333333333,-0.44135480768235064,0.7091277769245121
2014-04-29,22.133333333333333,-0.4146975313431752,0.6937768997315297
2014-04-30,21.433333333333334,-0.4209155772028011,0.6968072027618326
2014-05-01,21.5,-0.4499221203781982,0.7130474697251252
2014-05-02,20.633333333333333,-0.45048624853312125,0.7132105258630241
2014-05-03,20.333333333333332,-0.43094211222967876,0.6872845999370981
2014-05-04,19.366666666666667,-0.4459243352673682,0.6956179332704315
2014-05-05,19.833333333333332,-0.4278124006055029,0.6867290443815427
2014-05-06,19.933333333333334,-0.43429330204548755,0.6900623777148759
2014-05-07,20.4,-0.4402508812450059,0.6932912476104125
2014-05-08,20.9,-0.46704996773713664,0.7081463200741805
2014-05-09,21.133333333333333,-0.4615460055535765,0.705066609929253
2014-05-10,21.833333333333332,-0.4791064507857324,0.7174122889415988
2014-05-11,22.166666666666668,-0.49931088190783235,0.7289863630156729
2014-05-12,22.5,-0.5109683628743095,0.7345886039120314
2014-05-13,22.366666666666667,-0.5096326164270641,0.7337805231039505
2014-05-14,22.333333333333332,-0.5008604133137127,0.7284233802468076
2014-05-15,21.6,-0.492491554699627,0.724966590123351
2014-05-16,20.366666666666667,-0.46654418770868544,0.710853114946046
2014-05-17,19.9,-0.44780016645192067,0.6991864482793794
2014-05-18,16.1,-0.44388865619676415,0.6967214622849816
2014-05-19,14.433333333333334,-0.43226502293105523,0.6899114264426877
2014-05-20,13.766666666666667,-0.42076760739980595,0.6845542835855447
2014-05-21,13.9,-0.40960037157832047,0.6782579872892485
2014-05-22,13.633333333333333,-0.3925452939758545,0.6532579872892483
2014-05-23,13.366666666666667,-0.38642755419908426,0.6324246539559151
2014-05-24,12.6,-0.3614795201199057,0.6034391467095384
2014-05-25,12.366666666666667,-0.39049815327782367,0.6185906618610535
2014-05-26,12.533333333333333,-0.4050810909288835,0.6274921770125685
2014-05-27,12.766666666666667,-0.40786431770137843,0.629394350925612
2014-05-28,12.533333333333333,-0.3836915268561433,0.6008229223541834
2014-05-29,12.4,-0.4136337768595606,0.6174895890208502
2014-05-30,12.6,-0.4118651151788849,0.6174895890208502
2014-05-31,11.766666666666667,-0.4061623590312268,0.6140845710997032
2014-06-01,11.3,-0.40711627819649476,0.6150342387160375
2014-06-02,11.566666666666666,-0.4175868368994405,0.6358675720493708
2014-06-03,11.733333333333333,-0.4086843341535776,0.6303120164938153
2014-06-04,11.7,-0.4206171601673697,0.6368199530017518
2014-06-05,11.533333333333333,-0.41394987997022614,0.6168199530017519
2014-06-06,10.7,-0.4177154741200394,0.6174372369523692
2014-06-07,10.0,-0.374222814927885,0.5942488311552676
2014-06-08,9.566666666666666,-0.368898214658056,0.5914952079668618
2014-06-09,8.8,-0.3396778141097804,0.5763717511767384
2014-06-10,8.433333333333334,-0.3306461786027064,0.5713452961502834
2014-06-11,8.1,-0.3380787620028878,0.5752668647777344
2014-06-12,7.866666666666666,-0.2985371603648886,0.5532971678080375
2014-06-13,8.0,-0.299000941138555,0.5537300682409378
2014-06-14,7.833333333333333,-0.29228482526648975,0.5337300682409378
2014-06-15,7.966666666666667,-0.3024267008116736,0.5403967349076044
2014-06-16,7.8,-0.27559013368794266,0.5237300682409378
2014-06-17,7.7,-0.25454475742686733,0.5137300682409378
2014-06-18,7.5,-0.24295484369439163,0.5081745126853823
2014-06-19,7.266666666666667,-0.26808975582760847,0.5206745126853822
2014-06-20,6.233333333333333,-0.2727543279462175,0.5232671052779748
2014-06-21,6.266666666666667,-0.30602872619361843,0.5566004386113083
2014-06-22,6.266666666666667,-0.30602872619361843,0.5566004386113083
2014-06-23,6.3,-0.3383775437805172,0.5899337719446416
2014-06-24,6.266666666666667,-0.33832225037281216,0.5899337719446416
2014-06-25,5.766666666666667,-0.35084614997272195,0.5961837719446416
2014-06-26,5.2,-0.33571522084934563,0.5894204869204869
2014-06-27,5.3,-0.3281722391452695,0.6005315980315981
2014-06-28,5.166666666666667,-0.30993814267777453,0.575531598031598
2014-06-29,5.033333333333333,-0.2712476721639312,0.5533093758093758
2014-06-30,5.0,-0.2794897099900454,0.5588649313649314
2014-07-01,5.133333333333334,-0.28072917589305857,0.5587141018023372
2014-07-02,4.966666666666667,-0.3035573222116532,0.5712141018023371
2014-07-03,4.666666666666667,-0.2694849606562888,0.5545474351356705
2014-07-04,4.666666666666667,-0.24344347081673495,0.5402617208499562
2014-07-05,5.1,-0.25637187813123113,0.5633386439268793
2014-07-06,5.3,-0.2693862210154538,0.5716719772602126
2014-07-07,5.433333333333334,-0.32183652425209724,0.5994497550379904
2014-07-08,6.066666666666666,-0.3128352313643219,0.5945072263023582
2014-07-09,6.066666666666666,-0.3311007499104263,0.6028405596356915
2014-07-10,6.133333333333334,-0.3219720933527982,0.5986077554028871
2014-07-11,6.2,-0.3087272263748745,0.5912003479954798
2014-07-12,6.5,-0.3367495875968604,0.6085080403031722
2014-07-13,6.633333333333334,-0.33313751546621406,0.60648783828297
2014-07-14,6.9,-0.35096128536343657,0.6314878382829701
2014-07-15,6.733333333333333,-0.3835087296893428,0.6481545049496368
2014-07-16,6.766666666666667,-0.43976106917165025,0.6814878382829701
2014-07-17,7.166666666666667,-0.4682640676372337,0.6957735525686845
2014-07-18,7.766666666666667,-0.4792456667959446,0.7013291081242399
2014-07-19,7.933333333333334,-0.4770708363592381,0.70132910812424
2014-07-20,7.633333333333334,-0.4575599106600747,0.6754031821983141
2014-07-21,7.733333333333333,-0.42517997547496017,0.6587365155316474
2014-07-22,7.733333333333333,-0.42517997547496017,0.6587365155316474
2014-07-23,8.566666666666666,-0.4206084167488206,0.6561724129675447
2014-07-24,8.5,-0.35857877951805345,0.6228390796342114
2014-07-25,8.766666666666667,-0.345713114735706,0.615431672226804
2014-07-26,8.7,-0.351353132887572,0.6182094500045818
2014-07-27,9.4,-0.3855452640989323,0.6376538944490263
2014-07-28,9.633333333333333,-0.4057165391242546,0.6662253230204549
2014-07-29,9.766666666666667,-0.42955460390835004,0.6789237357188675
2014-07-30,9.8,-0.4017246618673768,0.6622570690522008
2014-07-31,9.3,-0.3862409904406038,0.6534335396404362
2014-08-01,9.633333333333333,-0.35272779504819074,0.6354848216917183
2014-08-02,9.6,-0.3305186533964014,0.6243737105806072
2014-08-03,9.533333333333333,-0.34767978439616326,0.6327070439139405
2014-08-04,9.233333333333333,-0.35042216785331043,0.6346301208370174
2014-08-05,9.133333333333333,-0.35311714964687296,0.636296787503684
2014-08-06,9.3,-0.3304600680717683,0.6236705248774215
2014-08-07,8.733333333333333,-0.3511274229370891,0.6358352758352759
2014-08-08,8.7,-0.3626591954843871,0.6413908313908313
2014-08-09,8.633333333333333,-0.3613397555623268,0.6408617308617309
2014-08-10,8.466666666666667,-0.35881048781633745,0.6399358049358049
2014-08-11,8.033333333333333,-0.3432566707397767,0.6142947792947793
2014-08-12,7.666666666666667,-0.3324828968841435,0.6087392237392238
2014-08-13,7.4,-0.314659126986921,0.5837392237392238
2014-08-14,7.1,-0.2821864944374938,0.5504058904058905
2014-08-15,7.033333333333333,-0.2498860708550989,0.5170725570725571
2014-08-16,6.8,-0.2180411615788178,0.5004058904058903
2014-08-17,6.033333333333333,-0.2386655634130938,0.5115170015170015
2014-08-18,6.266666666666667,-0.23054580238627123,0.5063887963887964
2014-08-19,6.3,-0.2627267593857321,0.5397221297221297
2014-08-20,6.166666666666667,-0.2618322963234457,0.523055463055463
2014-08-21,6.233333333333333,-0.2650522127466075,0.5397221297221297
2014-08-22,5.4,-0.27059595700499905,0.5422862322862323
2014-08-23,5.366666666666666,-0.29965290741520617,0.5422862322862323
2014-08-24,5.133333333333334,-0.31203517455478225,0.5496936396936397
2014-08-25,5.166666666666667,-0.3066531529885502,0.5446936396936397
2014-08-26,5.066666666666666,-0.28499888974334225,0.5331857031857032
2014-08-27,5.166666666666667,-0.2838394867314299,0.5312809412809413
2014-08-28,5.766666666666667,-0.2786617962708615,0.5301380841380842
2014-08-29,5.7,-0.26073637967545554,0.5218047508047507
2014-08-30,5.666666666666667,-0.22559405133365354,0.5051380841380841
2014-08-31,5.6,-0.22997209502191412,0.507935286935287
2014-09-01,5.6,-0.2631972081753718,0.5246019536019536
2014-09-02,5.6,-0.26807275486917365,0.5273797313797314
2014-09-03,5.7,-0.2589328938446123,0.5214273504273504
2014-09-04,5.566666666666666,-0.25911889013863393,0.528094017094017
2014-09-05,5.3,-0.27137846462899806,0.5351647241647242
2014-09-06,5.0,-0.2569014578690896,0.5268313908313909
2014-09-07,5.466666666666667,-0.24913940509777682,0.5242170117464234
2014-09-08,5.266666666666667,-0.28532155406524734,0.5432646307940426
2014-09-09,5.2,-0.27255521716723835,0.5349312974607092
2014-09-10,5.233333333333333,-0.24076748989075414,0.5349312974607092
2014-09-11,5.1,-0.2386017034654815,0.5182646307940426
2014-09-12,5.1,-0.2386017034654815,0.5182646307940426
2014-09-13,5.3,-0.26089584531436355,0.5460424085718203
2014-09-14,5.333333333333333,-0.2942203670943776,0.5793757419051537
2014-09-15,5.366666666666666,-0.3054273089686319,0.5859233609527728
2014-09-16,5.333333333333333,-0.27220662046663807,0.5525900276194394
2014-09-17,5.033333333333333,-0.23219143318022445,0.5327182327476445
2014-09-18,5.066666666666666,-0.2327596392918145,0.5327182327476445
2014-09-19,5.2,-0.23541517820840235,0.5493848994143112
2014-09-20,5.2,-0.23318520652140334,0.5493848994143112
2014-09-21,5.233333333333333,-0.2040174083598967,0.5327182327476445
2014-09-22,5.233333333333333,-0.2040174083598967,0.5327182327476445
2014-09-23,5.3,-0.1878627351610378,0.5243848994143112
2014-09-24,5.233333333333333,-0.21183088087590363,0.5377182327476445
2014-09-25,4.633333333333334,-0.19731837858027326,0.5297817248111366
2014-09-26,4.3,-0.1783065065668633,0.50311505814447
2014-09-27,3.533333333333333,-0.16898432736859828,0.49711505814446993
2014-09-28,3.4,-0.18434143478936066,0.48878172481113663
2014-09-29,4.466666666666667,-0.21191141861369558,0.5029231389525507
2014-09-30,4.766666666666667,-0.2369484144219791,0.5164079874373992
2014-10-01,5.166666666666667,-0.25039520496957707,0.5235508445802564
2014-10-02,4.833333333333333,-0.2273778365866993,0.5124397334691453
2014-10-03,4.8,-0.21388008614925041,0.5045032255326373
2014-10-04,4.8,-0.1690129123185823,0.471169892199304
2014-10-05,5.166666666666667,-0.1817302954724371,0.4775190985485104
2014-10-06,5.233333333333333,-0.19062654487268196,0.4819635429929548
2014-10-07,4.8,-0.203256189270109,0.4873556998556999
2014-10-08,4.9,-0.18791980439751352,0.47902236652236657
2014-10-09,5.033333333333333,-0.21688615773448353,0.49568903318903323
2014-10-10,5.133333333333334,-0.25015009586343173,0.5123556998556998
2014-10-11,5.366666666666666,-0.2664325932807909,0.5361652236652237
2014-10-12,5.366666666666666,-0.2664325932807909,0.5361652236652237
2014-10-13,5.9,-0.265003215287843,0.5356601731601731
2014-10-14,6.466666666666667,-0.2501998631084923,0.5282527657527658
2014-10-15,7.1,-0.26580617721792366,0.5358144941478274
2014-10-16,7.933333333333334,-0.27788534450447866,0.5584811608144942
2014-10-17,8.266666666666667,-0.2903351815902252,0.564433541766875
2014-10-18,8.2,-0.2575860184791743,0.5311002084335418
2014-10-19,8.533333333333333,-0.2870631068454103,0.5477668751002085
2014-10-20,8.9,-0.30491713830734607,0.5567412340745673
2014-10-21,8.966666666666667,-0.3018588200102778,0.5567412340745673
2014-10-22,9.333333333333334,-0.33350879752090345,0.5900745674079008
2014-10-23,9.333333333333334,-0.33323696904828914,0.5900745674079008
2014-10-24,9.333333333333334,-0.28912317607254556,0.5678523451856786
2014-10-25,9.433333333333334,-0.3318449346898407,0.5900745674079009
2014-10-26,9.666666666666666,-0.31996408304641466,0.5995983769317104
2014-10-27,9.633333333333333,-0.35114790897637427,0.616265043598377
2014-10-28,9.7,-0.3839344600942713,0.6495983769317103
2014-10-29,8.933333333333334,-0.395609471585806,0.6554569627902961
2014-10-30,8.766666666666667,-0.3808702444233389,0.6482347405680738
2014-10-31,8.833333333333334,-0.38045186246271984,0.6473418834252167
2014-11-01,9.433333333333334,-0.386728984463573,0.6506752167585501
2014-11-02,10.433333333333334,-0.39131963806408915,0.6543789204622538
2014-11-03,11.166666666666666,-0.428811392236594,0.6775673262593552
2014-11-04,11.1,-0.4150226910921182,0.6712181199101489
2014-11-05,11.233333333333333,-0.4062377789739129,0.6667736754657044
2014-11-06,11.833333333333334,-0.39504144530727037,0.6629857966778256
2014-11-07,12.3,-0.39925253768883606,0.6657635744556034
2014-11-08,13.1,-0.39168532378265386,0.66243024112227
2014-11-09,13.933333333333334,-0.40842389946247126,0.6722003560647989
2014-11-10,14.033333333333333,-0.41792943704050906,0.6783908322552751
2014-11-11,14.366666666666667,-0.43110331622682146,0.7017241655886084
2014-11-12,14.033333333333333,-0.4146773615935325,0.6938958827603254
2014-11-13,13.966666666666667,-0.407303152524541,0.6908866235010662
2014-11-14,13.3,-0.3799886373728662,0.6767772760583856
2014-11-15,12.933333333333334,-0.3772044878907296,0.6755391808202903
2014-11-16,12.7,-0.39645748524369295,0.6850629903440999
2014-11-17,12.933333333333334,-0.4116650617115703,0.7088725141536237
2014-11-18,12.9,-0.4025621917389291,0.7037443090254185
2014-11-19,12.6,-0.41601330599763414,0.7114366167177262
2014-11-20,12.7,-0.4138816183962268,0.7090556643367738
2014-11-21,12.8,-0.3974348158342934,0.6995318548129643
2014-11-22,12.833333333333334,-0.38657382316423416,0.6945318548129643
2014-11-23,12.933333333333334,-0.40933920330835344,0.7056429659240755
2014-11-24,13.1,-0.3869046067565643,0.6935217538028634
2014-11-25,13.133333333333333,-0.40665502562536715,0.7048312776123871
2014-11-26,13.933333333333334,-0.4012805040519825,0.7021646109457204
2014-11-27,14.933333333333334,-0.3707515316298993,0.6854979442790536
2014-11-28,15.966666666666667,-0.38226962327653574,0.6915142044416555
2014-11-29,15.6,-0.38654002553583255,0.6920697599972109
2014-11-30,15.666666666666666,-0.39214147208713784,0.6950790192564702
2014-12-01,15.266666666666667,-0.4046376609661509,0.7000790192564702
2014-12-02,14.5,-0.42168473115794725,0.7083411275185784
2014-12-03,13.833333333333334,-0.4420623722679758,0.7184860550548104
2014-12-04,13.566666666666666,-0.42101432545390505,0.7045971661659214
2014-12-05,13.266666666666667,-0.4099112744360732,0.6823749439436992
2014-12-06,12.633333333333333,-0.4354294576806724,0.6944961560649114
2014-12-07,12.066666666666666,-0.4443837125772249,0.700051711620467
2014-12-08,11.1,-0.45125912716064304,0.7033850449538003
2014-12-09,10.966666666666667,-0.4625653956909734,0.7089482633446048
2014-12-10,10.666666666666666,-0.47008906747696383,0.7122815966779381
2014-12-11,10.6,-0.47145917634961587,0.7139482633446048
2014-12-12,10.3,-0.48074686978390724,0.7167260411223827
2014-12-13,10.166666666666666,-0.4817057785057119,0.7160315966779383
2014-12-14,10.0,-0.5194403700408714,0.7350792157255572
2014-12-15,9.8,-0.5366793366293346,0.7428173109636524
2014-12-16,9.933333333333334,-0.5251332534927802,0.7371896053359468
2014-12-17,9.966666666666667,-0.5050062620576042,0.725880081526423
2014-12-18,9.833333333333334,-0.4884109272580633,0.7161934718398134
2014-12-19,10.0,-0.46620937587145966,0.7050823607287022
2014-12-20,9.966666666666667,-0.4632394085459312,0.7019077575540991
2014-12-21,9.633333333333333,-0.4648576458426714,0.7030982337445753
2014-12-22,10.0,-0.48019074930572514,0.7101815670779086
2014-12-23,9.9,-0.4811282210928599,0.7101815670779085
2014-12-24,9.866666666666667,-0.4670152898015976,0.7023027791991207
2014-12-25,9.8,-0.4617281189775202,0.698136112532454
2014-12-26,9.133333333333333,-0.45340356715676516,0.6941361125324541
2014-12-27,8.3,-0.4731969382501803,0.7060408744372159
2014-12-28,7.366666666666666,-0.46770846688111983,0.7031015373515374
2014-12-29,7.833333333333333,-0.47070848488172257,0.7058793151293152
2014-12-30,9.166666666666666,-0.458973712487127,0.7000683317321248
2014-12-31,9.2,-0.4503606442354288,0.6972905539543471
2015-01-01,9.5,-0.44037901518445594,0.6923954490592422
2015-01-02,9.633333333333333,-0.4218462198082082,0.6828716395354327
2015-01-03,10.0,-0.4558126149346569,0.7034271950909883
2015-01-04,10.6,-0.4772168149543167,0.7312049728687661
2015-01-05,10.666666666666666,-0.47723689363986527,0.7312049728687661
2015-01-06,11.766666666666667,-0.4694675903530884,0.7263030120844522
2015-01-07,11.933333333333334,-0.44856634017612884,0.7151919009733412
2015-01-08,12.8,-0.4460509403492314,0.7132572604504653
2015-01-09,12.866666666666667,-0.4071960625329252,0.6910350382282431
2015-01-10,13.766666666666667,-0.4088163477813977,0.6898445620377669
2015-01-11,14.2,-0.4074830297515569,0.6905390064822113
2015-01-12,14.266666666666667,-0.4224890780903108,0.69926916521237
2015-01-13,15.9,-0.3996299792062955,0.688158054101259
2015-01-14,16.0,-0.3949073814853474,0.6862641147073197
2015-01-15,15.766666666666667,-0.4076210192076084,0.6930822965255015
2015-01-16,15.766666666666667,-0.44332135108428367,0.7139156298588348
2015-01-17,15.466666666666667,-0.4368869285736421,0.6953971113403162
2015-01-18,15.533333333333333,-0.4594095250717718,0.7065082224514274
2015-01-19,16.2,-0.47948817694626517,0.7197560856992905
2015-01-20,16.766666666666666,-0.4833521532507584,0.7217402126834176
2015-01-21,16.5,-0.48229750854192627,0.7196568793500843
2015-01-22,16.733333333333334,-0.49074448223662165,0.7241013237945286
2015-01-23,16.633333333333333,-0.5088776698996091,0.734577514270719
2015-01-24,16.6,-0.5378297044789921,0.7512441809373858
2015-01-25,16.433333333333334,-0.5182441971655817,0.724577514270719
2015-01-26,16.2,-0.49619324737635284,0.6960060856992906
2015-01-27,15.933333333333334,-0.5157672304220775,0.7062624959557008
2015-01-28,15.633333333333333,-0.5207150905747107,0.7081143478075528
2015-01-29,13.866666666666667,-0.5225574892661621,0.7079994052788171
2015-01-30,13.666666666666666,-0.522711236356749,0.7079994052788171
2015-01-31,12.933333333333334,-0.5180219623057762,0.6898175870969988
2015-02-01,12.8,-0.5340226689254628,0.6993413966208083
2015-02-02,12.3,-0.5111235360909224,0.6704525077319194
2015-02-03,11.8,-0.5013561561756495,0.6648969521763639
2015-02-04,11.9,-0.49303251882922294,0.6607302855096973
2015-02-05,10.9,-0.4585904981394831,0.640632246294011
2015-02-06,10.966666666666667,-0.4649291082256592,0.6434100240717888
2015-02-07,9.366666666666667,-0.47086595204474757,0.646677997927998
2015-02-08,9.466666666666667,-0.49878413220579987,0.6633446645946646
2015-02-09,8.366666666666667,-0.4866614581323081,0.6562018074518075
2015-02-10,8.233333333333333,-0.4967664306289369,0.6610629185629187
2015-02-11,8.033333333333333,-0.4944838207319364,0.6592772042772044
2015-02-12,6.633333333333334,-0.5024576398589464,0.6629809079809079
2015-02-13,6.666666666666667,-0.49281246336819656,0.657930402930403
2015-02-14,6.666666666666667,-0.47829503836752896,0.6495970695970695
2015-02-15,8.066666666666666,-0.4650728062840494,0.6415970695970696
2015-02-16,10.433333333333334,-0.4881708932310562,0.6697660836815766
2015-02-17,11.466666666666667,-0.47929174389680096,0.6650041789196719
2015-02-18,11.433333333333334,-0.4904916422895272,0.6713118712273641
2015-02-19,11.3,-0.488569384993461,0.6698179403216685
2015-02-20,11.633333333333333,-0.490560466010496,0.6725957180994463
2015-02-21,11.366666666666667,-0.47243648981961106,0.6625957180994464
2015-02-22,11.3,-0.46140839456289645,0.6587861942899226
2015-02-23,11.633333333333333,-0.45790832836200435,0.6565639720677002
2015-02-24,11.7,-0.48639554876853663,0.6898973054010337
2015-02-25,12.266666666666667,-0.5073450163761096,0.7173482857931905
2015-02-26,13.366666666666667,-0.4825035237817755,0.7041903910563484
2015-02-27,13.266666666666667,-0.48909453542077,0.7078940947600522
2015-02-28,13.1,-0.48024932455066305,0.6878940947600521
2015-03-01,13.0,-0.4698257536793099,0.66567187253783
2015-03-02,13.0,-0.4698257536793099,0.66567187253783
2015-03-03,12.9,-0.43942581061896474,0.6323385392044967
2015-03-04,12.9,-0.43942581061896474,0.6323385392044967
2015-03-05,12.8,-0.4277889905145777,0.6101163169822743
2015-03-06,12.533333333333333,-0.4030605954697741,0.5809496503156076
2015-03-07,12.4,-0.41463186371038485,0.5726163169822743
2015-03-08,12.133333333333333,-0.3968724526734166,0.5476163169822743
2015-03-09,12.033333333333333,-0.3639299536186138,0.514282983648941
2015-03-10,11.833333333333334,-0.3415549444924804,0.48650520587116325
2015-03-11,11.8,-0.3700316625606033,0.5031718725378299
2015-03-12,11.4,-0.34753350543687866,0.4753940947600521
2015-03-13,11.566666666666666,-0.3502078243633353,0.4769966588626163
2015-03-14,11.4,-0.34876630115136165,0.4760707329366903
2015-03-15,11.266666666666667,-0.34393372725405286,0.47468184404780145
2015-03-16,11.233333333333333,-0.3757290961771342,0.4913485107144681
2015-03-17,9.666666666666666,-0.3715951873490346,0.488237399603357
2015-03-18,7.3,-0.3484971004020278,0.46006838551884993
2015-03-19,6.0,-0.3353617254377982,0.45371917916964366
2015-03-20,5.733333333333333,-0.3377284777537682,0.4544250615225848
2015-03-21,5.466666666666667,-0.3298169705560536,0.45115708766637563
2015-03-22,4.9,-0.3407511289430611,0.45671264322193117
2015-03-23,4.866666666666666,-0.36496175979703194,0.47337930988859783
2015-03-24,4.733333333333333,-0.39400560274848867,0.4867126432219312
2015-03-25,4.9,-0.38051471288134187,0.47893486544415337
2015-03-26,5.033333333333333,-0.38272057548294,0.47893486544415337
2015-03-27,4.6,-0.392420874698023,0.4848172183853299
2015-03-28,3.3333333333333335,-0.3839863330961393,0.4646417797888386
2015-03-29,3.1333333333333333,-0.35071571908140775,0.43130844645550526
2015-03-30,3.2333333333333334,-0.34296250914611354,0.4424195575666164
2015-03-31,3.2666666666666666,-0.37614026044883264,0.4757528908999497
2015-04-01,3.3,-0.34516905918794805,0.4757528908999497
2015-04-02,3.566666666666667,-0.3780603806185517,0.5090862242332831
2015-04-03,3.6666666666666665,-0.41100872887582846,0.5424195575666163
2015-04-04,3.8333333333333335,-0.4187271473150577,0.5624195575666164
2015-04-05,3.933333333333333,-0.42626823955189447,0.5846417797888387
2015-04-06,3.933333333333333,-0.42626823955189447,0.5846417797888387
2015-04-07,3.933333333333333,-0.42626823955189447,0.5846417797888387
2015-04-08,3.933333333333333,-0.42626823955189447,0.5846417797888387
2015-04-09,3.966666666666667,-0.45958981090199214,0.617975113122172
2015-04-10,4.066666666666666,-0.4602481948674844,0.617975113122172
2015-04-11,4.066666666666666,-0.4602481948674844,0.617975113122172
2015-04-12,3.7333333333333334,-0.4435687531933416,0.6094281045751634
2015-04-13,3.6,-0.426592185090505,0.5844281045751634
2015-04-14,3.6,-0.43865029562564983,0.58859477124183
2015-04-15,3.5,-0.4055739742092188,0.5552614379084967
2015-04-16,3.4,-0.3921491982114212,0.5330392156862744
2015-04-17,3.4,-0.3921491982114212,0.5330392156862744
2015-04-18,3.4,-0.4143605492087101,0.5441503267973856
2015-04-19,2.9,-0.3847705151913343,0.5294444444444444
2015-04-20,2.933333333333333,-0.40049113848143153,0.5372222222222223
2015-04-21,3.066666666666667,-0.37509773630234927,0.523888888888889
2015-04-22,3.1666666666666665,-0.3809854975177182,0.523888888888889
2015-04-23,3.1333333333333333,-0.348179947419299,0.49055555555555563
2015-04-24,2.466666666666667,-0.33363647250665557,0.4672222222222222
2015-04-25,2.3,-0.3362334140969647,0.4672222222222222
2015-04-26,2.4,-0.3197124543194733,0.4576984126984127
2015-04-27,2.533333333333333,-0.33815616840171436,0.4826984126984127
2015-04-28,2.7,-0.36762542599486925,0.5160317460317461
2015-04-29,2.7,-0.38926853015072765,0.5271428571428571
2015-04-30,2.6666666666666665,-0.35609077884800855,0.4938095238095238
2015-05-01,2.6333333333333333,-0.38706198010889314,0.4938095238095238
2015-05-02,2.433333333333333,-0.3292332952126625,0.4604761904761905
2015-05-03,2.8333333333333335,-0.31600340759470347,0.45380952380952383
2015-05-04,2.933333333333333,-0.3319444677801359,0.46297619047619054
2015-05-05,2.966666666666667,-0.3246042600841749,0.45742063492063495
2015-05-06,3.1333333333333333,-0.33201087192410517,0.4774206349206349
2015-05-07,3.6333333333333333,-0.3607558024828396,0.508531746031746
2015-05-08,3.7666666666666666,-0.3895243458851935,0.5418650793650793
2015-05-09,3.8666666666666667,-0.37371962844379364,0.533531746031746
2015-05-10,3.9,-0.3620119515960179,0.5268650793650794
2015-05-11,4.133333333333334,-0.3875693489729412,0.5554365079365079
2015-05-12,4.266666666666667,-0.3999621631701788,0.5617857142857142
2015-05-13,4.266666666666667,-0.3999621631701788,0.5617857142857142
2015-05-14,4.066666666666666,-0.34741352667411174,0.5367857142857143
2015-05-15,4.3,-0.352349392700763,0.5558333333333334
2015-05-16,4.366666666666666,-0.3855143091366405,0.5891666666666667
2015-05-17,4.733333333333333,-0.38883584822798195,0.6073484848484849
2015-05-18,4.966666666666667,-0.3692808289552836,0.5973484848484849
2015-05-19,5.066666666666666,-0.37710113716374916,0.6006818181818182
2015-05-20,5.1,-0.36539625174598434,0.5949242424242426
2015-05-21,5.033333333333333,-0.3693712069603788,0.5971464646464646
2015-05-22,5.066666666666666,-0.3346326089911647,0.5771464646464647
2015-05-23,5.066666666666666,-0.3346326089911647,0.5771464646464647
2015-05-24,5.133333333333334,-0.33582008352011317,0.5938131313131314
2015-05-25,5.133333333333334,-0.3358176556242493,0.5938131313131314
2015-05-26,4.9,-0.3216888485790847,0.5700036075036076
2015-05-27,4.9,-0.33592179203446293,0.5783369408369409
2015-05-28,5.166666666666667,-0.3395635882993559,0.5783369408369409
2015-05-29,5.166666666666667,-0.3371622747825272,0.5783369408369409
2015-05-30,5.3,-0.35515581634111076,0.6033369408369409
2015-05-31,5.4,-0.3448183642473506,0.6144480519480521
2015-06-01,5.5,-0.38908851133254047,0.6411147186147186
2015-06-02,5.0,-0.36937005069322254,0.614448051948052
2015-06-03,4.966666666666667,-0.36085797566071587,0.6090909090909091
2015-06-04,4.866666666666666,-0.3939446878224158,0.6257575757575757
2015-06-05,4.933333333333334,-0.4098053851372686,0.6343290043290043
2015-06-06,4.6,-0.4138916724238151,0.6365512265512265
2015-06-07,4.7,-0.4070993249358659,0.6317893217893218
2015-06-08,4.566666666666666,-0.38958247102716814,0.6067893217893218
2015-06-09,4.4,-0.36811344660738354,0.5801226551226552
2015-06-10,4.166666666666667,-0.3425560492304603,0.5515512265512267
2015-06-11,4.033333333333333,-0.34982559405896596,0.5563131313131314
2015-06-12,4.033333333333333,-0.34982559405896596,0.5563131313131314
2015-06-13,4.033333333333333,-0.38729082368943624,0.572979797979798
2015-06-14,3.8666666666666667,-0.4156611251858512,0.5872655122655123
2015-06-15,3.8,-0.3824962087499737,0.5539321789321789
2015-06-16,3.533333333333333,-0.36961629994262374,0.5468614718614719
2015-06-17,3.2333333333333334,-0.38920958208589873,0.556861471861472
2015-06-18,3.3333333333333335,-0.38892226658810297,0.5576948051948052
2015-06-19,3.033333333333333,-0.40723189600312376,0.5667857142857143
2015-06-20,3.2,-0.4136361298925711,0.5695634920634921
2015-06-21,3.2333333333333334,-0.4373831984036862,0.5840079365079365
2015-06-22,3.433333333333333,-0.4595096985466315,0.6117857142857143
2015-06-23,3.533333333333333,-0.4437880446480744,0.6017857142857144
2015-06-24,3.533333333333333,-0.37937719126214914,0.568452380952381
2015-06-25,3.966666666666667,-0.406882973585155,0.5992216117216117
2015-06-26,4.0,-0.38400863366685944,0.5858882783882784
2015-06-27,3.6333333333333333,-0.35504925988096026,0.5692216117216117
2015-06-28,3.533333333333333,-0.3435606791772249,0.5469993894993894
2015-06-29,3.6,-0.3377126982673475,0.5442216117216118
2015-06-30,4.0,-0.35929231499941505,0.5553327228327228
2015-07-01,3.966666666666667,-0.35691048090965904,0.5536660561660561
2015-07-02,4.033333333333333,-0.35776236837418235,0.5703327228327227
2015-07-03,3.8,-0.34261496478202724,0.546523199023199
2015-07-04,3.8,-0.33600831442954926,0.546523199023199
2015-07-05,4.3,-0.3394330859531281,0.5482548007548008
2015-07-06,4.166666666666667,-0.2816645046422201,0.5149214674214674
2015-07-07,3.966666666666667,-0.29247557212121744,0.5196833721833722
2015-07-08,4.033333333333333,-0.3188206244429693,0.5530167055167056
2015-07-09,4.266666666666667,-0.35107971348145495,0.5863500388500389
2015-07-10,4.6,-0.3753214351115514,0.6163500388500389
2015-07-11,4.666666666666667,-0.33811745641409247,0.5963500388500389
2015-07-12,4.733333333333333,-0.37027047969677934,0.6296833721833722
2015-07-13,4.666666666666667,-0.3659621397433568,0.6130167055167056
2015-07-14,4.6,-0.3326559722202906,0.5796833721833722
2015-07-15,4.6,-0.3326559722202906,0.5796833721833722
2015-07-16,4.6,-0.355999243899639,0.5907944832944833
2015-07-17,4.7,-0.350471717759426,0.5907944832944833
2015-07-18,4.433333333333334,-0.3428902247493024,0.56996114996115
2015-07-19,4.366666666666666,-0.3097132334058042,0.5366278166278167
2015-07-20,4.133333333333334,-0.3252389953975435,0.54496114996115
2015-07-21,3.933333333333333,-0.30297724006353705,0.5171833721833722
2015-07-22,3.7333333333333334,-0.28085073992059184,0.48940559440559445
2015-07-23,3.6,-0.26330446764275983,0.48273892773892774
2015-07-24,3.7,-0.3233007586443976,0.5160722610722611
2015-07-25,3.3333333333333335,-0.26756377574556317,0.4853030303030303
2015-07-26,3.3,-0.2598400136505887,0.481969696969697
2015-07-27,3.3333333333333335,-0.28890694320287885,0.49863636363636366
2015-07-28,3.3666666666666667,-0.2557840281733531,0.49863636363636366
2015-07-29,3.3,-0.2611653280597917,0.5014141414141414
2015-07-30,2.8333333333333335,-0.283235303329957,0.5125252525252526
2015-07-31,2.7333333333333334,-0.24134699033452323,0.4875252525252526
2015-08-01,2.6666666666666665,-0.2404951028699999,0.4708585858585859
2015-08-02,2.7,-0.21555773940437287,0.4708585858585859
2015-08-03,2.7333333333333334,-0.22212218172106396,0.4708585858585858
2015-08-04,2.066666666666667,-0.1980305056628727,0.45722222222222225
2015-08-05,2.033333333333333,-0.22296786912849972,0.45722222222222225
2015-08-06,2.1333333333333333,-0.20707366375696093,0.4488888888888889
2015-08-07,2.066666666666667,-0.18072861143520902,0.41555555555555557
2015-08-08,1.8333333333333333,-0.14846952239672345,0.38222222222222224
2015-08-09,1.5,-0.12422780076662701,0.3522222222222222
2015-08-10,1.3333333333333333,-0.13094523549079898,0.33888888888888885
2015-08-11,1.2666666666666666,-0.0987922122081121,0.3055555555555555
2015-08-12,1.2666666666666666,-0.0987922122081121,0.3055555555555555
2015-08-13,1.3,-0.13211534917354587,0.33888888888888885
2015-08-14,1.4,-0.16528813077343835,0.3722222222222222
2015-08-15,1.3,-0.15150322881009845,0.35
2015-08-16,1.2666666666666666,-0.1186525195837021,0.3277777777777778
2015-08-17,1.4333333333333333,-0.11251545210679373,0.34111111111111114
2015-08-18,1.4333333333333333,-0.11251545210679374,0.34111111111111114
2015-08-19,1.4,-0.0792705978949865,0.3077777777777778
2015-08-20,1.4,-0.0792705978949865,0.3077777777777778
2015-08-21,1.5,-0.07157431039545273,0.3188888888888889
2015-08-22,1.5,-0.13683534059259628,0.3522222222222222
2015-08-23,1.3666666666666667,-0.1079623062743081,0.3188888888888889
2015-08-24,1.3,-0.13619350685013665,0.3188888888888889
2015-08-25,1.2666666666666666,-0.1664662531018257,0.33555555555555555
2015-08-26,1.1666666666666667,-0.1332476434773869,0.3022222222222222
2015-08-27,1.1333333333333333,-0.16637055850691268,0.3022222222222222
2015-08-28,1.0,-0.14884369797176786,0.2772222222222222
2015-08-29,1.0,-0.14868299391534595,0.2772222222222222
2015-08-30,1.0,-0.1408563378122118,0.2772222222222222
2015-08-31,1.1333333333333333,-0.17173614031738707,0.31055555555555553
2015-09-01,1.3,-0.217986585299174,0.3383333333333333
2015-09-02,1.2666666666666666,-0.2156886672973633,0.3383333333333333
2015-09-03,1.4,-0.2236526988612281,0.34388888888888886
2015-09-04,1.4333333333333333,-0.2569682600763109,0.37722222222222224
2015-09-05,1.3333333333333333,-0.20689270622200437,0.3522222222222222
2015-09-06,1.3333333333333333,-0.20689270622200437,0.3522222222222222
2015-09-07,1.4666666666666666,-0.23470366723007627,0.38555555555555554
2015-09-08,1.5333333333333334,-0.26795354810025956,0.41888888888888887
2015-09-09,2.2666666666666666,-0.27495754008341317,0.4385858585858586
2015-09-10,2.7666666666666666,-0.27011157861863727,0.45191919191919194
2015-09-11,2.8333333333333335,-0.30335315656180334,0.48525252525252527
2015-09-12,2.8,-0.2700300195963696,0.45191919191919194
2015-09-13,2.7666666666666666,-0.2701488739071471,0.45191919191919194
2015-09-14,2.933333333333333,-0.2900767336108468,0.47858585858585856
2015-09-15,2.8333333333333335,-0.2956037438397455,0.46747474747474743
2015-09-16,2.8666666666666667,-0.3032599628453303,0.47080808080808084
2015-09-17,3.066666666666667,-0.32540260160812223,0.49858585858585863
2015-09-18,3.6333333333333333,-0.330900458192372,0.5181937017231135
2015-09-19,4.033333333333333,-0.3584178539072908,0.5487492572786691
2015-09-20,4.0,-0.36614320065797407,0.5543048128342247
2015-09-21,4.533333333333333,-0.3341622783657135,0.5366577540106953
2015-09-22,4.566666666666666,-0.3674651298837086,0.5699910873440286
2015-09-23,4.6,-0.3425277664180816,0.5699910873440286
2015-09-24,4.633333333333334,-0.2955317300806,0.5449910873440286
2015-09-25,4.633333333333334,-0.2955317300806,0.5449910873440286
2015-09-26,4.7,-0.3005962364126796,0.5616577540106953
2015-09-27,4.7,-0.3005962364126796,0.5616577540106953
2015-09-28,4.8,-0.3005087149391129,0.5616577540106953
2015-09-29,4.8,-0.36642128152147474,0.5949910873440286
2015-09-30,4.666666666666667,-0.3355414790162995,0.5616577540106953
2015-10-01,4.466666666666667,-0.31422839750013953,0.5338799762329175
2015-10-02,4.433333333333334,-0.28328092683516154,0.5005466428995841
2015-10-03,4.233333333333333,-0.27271649065112613,0.47832442067736186
2015-10-04,4.233333333333333,-0.2727040829509054,0.47832442067736186
2015-10-05,4.233333333333333,-0.33914983294899803,0.5116577540106951
2015-10-06,4.3,-0.37244474016125545,0.5449910873440286
2015-10-07,4.166666666666667,-0.34463377915318355,0.5116577540106951
2015-10-08,4.1,-0.3113838982830002,0.47832442067736186
2015-10-09,3.3666666666666667,-0.3043799062998466,0.45862745098039215
2015-10-10,2.933333333333333,-0.3411001598601248,0.47862745098039217
2015-10-11,2.8666666666666667,-0.3078585819169587,0.44529411764705884
2015-10-12,2.8666666666666667,-0.3078585819169587,0.44529411764705884
2015-10-13,2.966666666666667,-0.28452453849362397,0.43196078431372553
2015-10-14,2.8666666666666667,-0.2663136164113587,0.4219607843137255
2015-10-15,2.9,-0.29960628546920476,0.45529411764705885
2015-10-16,2.8333333333333335,-0.31673261570579864,0.4636274509803922
2015-10-17,2.6333333333333333,-0.2945899769430067,0.4358496732026144
2015-10-18,2.066666666666667,-0.2890921203587569,0.41624183006535953
2015-10-19,1.8333333333333333,-0.29311435434163785,0.4190196078431373
2015-10-20,1.8666666666666667,-0.3057965677275377,0.42457516339869283
2015-10-21,1.3,-0.30459691147009527,0.4088888888888889
2015-10-22,1.4,-0.30445552130540215,0.4088888888888889
2015-10-23,1.5,-0.3452502351005872,0.43388888888888894
2015-10-24,1.5,-0.36400181512037916,0.44222222222222224
2015-10-25,1.5,-0.36400181512037916,0.44222222222222224
2015-10-26,1.5666666666666667,-0.3441030761599541,0.43388888888888894
2015-10-27,1.5666666666666667,-0.3441030761599541,0.43388888888888894
2015-10-28,1.4333333333333333,-0.31103916178147,0.4005555555555556
2015-10-29,1.4666666666666666,-0.2820337475339572,0.3838888888888889
2015-10-30,1.5333333333333334,-0.2820780357718468,0.4005555555555556
2015-10-31,1.5333333333333334,-0.2820780357718468,0.4005555555555556
2015-11-01,1.5333333333333334,-0.2820780357718468,0.4005555555555556
2015-11-02,1.6333333333333333,-0.29303201711840104,0.4227777777777778
2015-11-03,2.1666666666666665,-0.2735826392403615,0.4129738562091504
2015-11-04,2.2,-0.2725832720032705,0.4129738562091504
2015-11-05,2.2,-0.2650402157933884,0.4129738562091504
2015-11-06,2.2,-0.2650402157933884,0.4129738562091504
2015-11-07,2.2666666666666666,-0.29835444981171416,0.4463071895424837
2015-11-08,2.3333333333333335,-0.33129661474936933,0.47964052287581704
2015-11-09,2.3333333333333335,-0.2682581116190923,0.4463071895424837
2015-11-10,2.3333333333333335,-0.2682581116190923,0.4463071895424837
2015-11-11,2.3333333333333335,-0.2682581116190923,0.4463071895424837
2015-11-12,2.2666666666666666,-0.2707120671634581,0.4485294117647059
2015-11-13,2.2666666666666666,-0.2731661076113289,0.4485294117647059
2015-11-14,2.3666666666666667,-0.25841494547970156,0.4401960784313726
2015-11-15,2.2333333333333334,-0.2397694637144313,0.4151960784313726
2015-11-16,2.466666666666667,-0.26343490294548644,0.44376750700280115
2015-11-17,2.7666666666666666,-0.26345502414901495,0.45858232181761593
2015-11-18,2.6,-0.23191539445121528,0.4252489884842826
2015-11-19,2.6,-0.20853770373860442,0.4141378773731715
2015-11-20,3.3333333333333335,-0.19691606460610472,0.4232287864640806
2015-11-21,3.3666666666666667,-0.18283822395999672,0.41656211979741387
2015-11-22,3.3,-0.1437423398951634,0.3915621197974139
2015-11-23,3.2666666666666666,-0.1515109576311321,0.3971176753529695
2015-11-24,3.466666666666667,-0.16362906769182392,0.4193398975751917
2015-11-25,3.3666666666666667,-0.21169210300113864,0.44433989757519166
2015-11-26,3.3666666666666667,-0.21169210300113864,0.44433989757519166
2015-11-27,3.3666666666666667,-0.21169210300113864,0.44433989757519166
2015-11-28,3.3333333333333335,-0.2407759510007114,0.4610065642418583
2015-11-29,3.2666666666666666,-0.2407316627628218,0.44433989757519166
2015-11-30,3.4,-0.2594594654964021,0.4693398975751917
2015-12-01,3.4,-0.2594594654964021,0.4693398975751917
2015-12-02,3.4,-0.27644867342643714,0.4804510086863028
2015-12-03,3.033333333333333,-0.27382550594825594,0.47914381914381915
2015-12-04,3.2,-0.24665159540990045,0.46485810485810486
2015-12-05,3.2333333333333334,-0.23262633572968225,0.4537469937469938
2015-12-06,3.4,-0.24069041620644313,0.47374699374699375
2015-12-07,3.4,-0.24067522198907915,0.47374699374699375
2015-12-08,3.533333333333333,-0.2195587298368651,0.4626358826358826
2015-12-09,3.7666666666666666,-0.25609211667662574,0.48115440115440117
2015-12-10,3.8666666666666667,-0.27240880473738627,0.5033766233766234
2015-12-11,4.0,-0.28809062385842915,0.5283766233766234
2015-12-12,4.0,-0.28639161531414303,0.5283766233766234
2015-12-13,4.033333333333333,-0.27613398509839227,0.5228210678210679
2015-12-14,3.9,-0.25759247817217357,0.49782106782106783
2015-12-15,4.3,-0.24361108138447715,0.5033766233766234
2015-12-16,4.433333333333334,-0.23011806704781274,0.4960173160173161
2015-12-17,4.2,-0.2300756785424069,0.4978691678691679
2015-12-18,4.266666666666667,-0.26329995425060543,0.5312025012025012
2015-12-19,4.366666666666666,-0.2767126043456974,0.5367580567580568
2015-12-20,3.8666666666666667,-0.26928890672080963,0.5276671476671477
2015-12-21,4.033333333333333,-0.27496839390946676,0.531000481000481
2015-12-22,4.066666666666666,-0.3286133444317836,0.5643338143338144
2015-12-23,4.0,-0.2863113452337177,0.5421115921115921
2015-12-24,3.8,-0.2741932351730259,0.51988936988937
2015-12-25,3.7666666666666666,-0.24096443249205665,0.4865560365560366
2015-12-26,3.8333333333333335,-0.24196591867426948,0.5032227032227032
2015-12-27,3.8333333333333335,-0.24196591867426948,0.5032227032227032
2015-12-28,3.8,-0.20873893790860887,0.4698893698893699
2015-12-29,3.933333333333333,-0.1925712753675373,0.4782227032227032
2015-12-30,3.966666666666667,-0.19382740044017546,0.47988936988936987
2015-12-31,4.033333333333333,-0.19799326443095916,0.49655603655603653
2016-01-01,4.033333333333333,-0.18391721099701108,0.48544492544492546
2016-01-02,4.066666666666666,-0.18657401476200525,0.48703222703222704
2016-01-03,3.9,-0.15103481286660933,0.467984607984608
2016-01-04,4.066666666666666,-0.14179345931175125,0.46242905242905247
2016-01-05,4.0,-0.1664666783037726,0.4757623857623858
2016-01-06,4.0,-0.13524703196912446,0.4590957190957191
2016-01-07,4.033333333333333,-0.1380805101928343,0.4606830206830207
2016-01-08,4.066666666666666,-0.14528716063538155,0.4654978354978355
2016-01-09,4.033333333333333,-0.1615889773372706,0.47660894660894665
2016-01-10,3.9,-0.1459071582162277,0.4516089466089467
2016-01-11,4.166666666666667,-0.1616169289655414,0.45968975468975465
2016-01-12,4.066666666666666,-0.16770358111198677,0.4485786435786436
2016-01-13,4.166666666666667,-0.18159884902241427,0.4708008658008659
2016-01-14,3.966666666666667,-0.21779641451838216,0.49302308802308803
2016-01-15,3.6333333333333333,-0.24092803919534667,0.5051443001443002
2016-01-16,3.6333333333333333,-0.27414297783594116,0.5218109668109668
2016-01-17,3.6333333333333333,-0.24505481942714039,0.5051443001443001
2016-01-18,3.533333333333333,-0.27468722586056377,0.5218109668109668
2016-01-19,3.566666666666667,-0.28675255696623875,0.5343109668109668
2016-01-20,3.2666666666666666,-0.2820773110851581,0.5376443001443002
2016-01-21,3.2,-0.22261394388790945,0.5043109668109669
2016-01-22,3.3,-0.2378702697884641,0.5126443001443002
2016-01-23,3.3666666666666667,-0.2047616012624504,0.5126443001443002
2016-01-24,3.566666666666667,-0.22621016314277403,0.5404220779220779
2016-01-25,3.7,-0.24726325052297135,0.551533189033189
2016-01-26,3.7666666666666666,-0.24757925249453405,0.5681998556998558
2016-01-27,3.8,-0.21553858694748101,0.5681998556998558
2016-01-28,4.0,-0.2317812961073321,0.5765331890331891
2016-01-29,3.966666666666667,-0.23050604440089087,0.5748665223665224
2016-01-30,4.066666666666666,-0.25886390107190627,0.5915331890331891
2016-01-31,4.1,-0.26209876385645087,0.5943109668109668
2016-02-01,3.8666666666666667,-0.24821135193281532,0.5705014430014431
2016-02-02,4.133333333333334,-0.297744659485153,0.5971681096681097
2016-02-03,3.933333333333333,-0.3285605754968838,0.6138347763347765
2016-02-04,3.966666666666667,-0.2978679512789497,0.5971681096681097
2016-02-05,3.933333333333333,-0.270851194347009,0.5805014430014431
2016-02-06,3.7333333333333334,-0.2891394048071269,0.5900252525252526
2016-02-07,3.5,-0.2903350224564172,0.5889141414141414
2016-02-08,3.566666666666667,-0.29095098480281206,0.5889141414141414
2016-02-09,3.6,-0.3241771609057682,0.6222474747474748
2016-02-10,3.3,-0.33102122712466453,0.6252777777777777
2016-02-11,3.3,-0.33102122712466453,0.6252777777777777
2016-02-12,3.2,-0.31712595921423703,0.6030555555555555
2016-02-13,3.0,-0.29490979050596555,0.5752777777777778
2016-02-14,3.033333333333333,-0.2945347958306472,0.5752777777777778
2016-02-15,3.033333333333333,-0.2946297211945057,0.5752777777777778
2016-02-16,3.2333333333333334,-0.3014486373464267,0.5794444444444444
2016-02-17,3.3333333333333335,-0.30230837043788694,0.5794444444444444
2016-02-18,3.2,-0.3423508078025447,0.6002777777777778
2016-02-19,3.4,-0.34704724764776607,0.595515873015873
2016-02-20,3.5,-0.3781459884440142,0.6121825396825397
2016-02-21,3.3666666666666667,-0.3933161985472081,0.6038492063492064
2016-02-22,3.3,-0.4264248670732218,0.6038492063492064
2016-02-23,3.2666666666666666,-0.4156232730807766,0.5960714285714287
2016-02-24,3.5,-0.4054927950084064,0.5913705738705738
2016-02-25,3.433333333333333,-0.4051767930368437,0.5747039072039072
2016-02-26,3.4,-0.4372174585838967,0.5747039072039072
2016-02-27,3.066666666666667,-0.4371424119651172,0.5580372405372405
2016-02-28,3.0,-0.4509970238784804,0.5663705738705739
2016-02-29,2.8666666666666667,-0.45152170250613033,0.5663705738705739
2016-03-01,2.8666666666666667,-0.4343900187790249,0.5580372405372406
2016-03-02,2.8666666666666667,-0.4343900187790249,0.5580372405372406
2016-03-03,2.533333333333333,-0.4153059367318803,0.5313705738705738
2016-03-04,2.466666666666667,-0.38200478295285045,0.4980372405372406
2016-03-05,2.3333333333333335,-0.37996010770200234,0.4813705738705739
2016-03-06,2.3666666666666667,-0.40590352405904273,0.4980372405372406
2016-03-07,2.3333333333333335,-0.37295616258977393,0.46470390720390725
2016-03-08,2.2333333333333334,-0.35918471869295043,0.442481684981685
2016-03-09,2.1333333333333333,-0.35908925390705665,0.442481684981685
2016-03-10,2.1666666666666665,-0.32563697553143106,0.42581501831501833
2016-03-11,2.1666666666666665,-0.2937525754815857,0.40914835164835167
2016-03-12,2.1666666666666665,-0.2937525754815857,0.40914835164835167
2016-03-13,2.3,-0.29639678703213934,0.42581501831501833
2016-03-14,2.3666666666666667,-0.32830894397164584,0.4591483516483517
2016-03-15,2.533333333333333,-0.287129183958338,0.4353388278388278
2016-03-16,2.533333333333333,-0.26101134851611285,0.41867216117216116
2016-03-17,2.3666666666666667,-0.28333549426697985,0.4311721611721612
2016-03-18,2.2,-0.21697420769304004,0.39783882783882785
2016-03-19,2.1333333333333333,-0.18798619353145327,0.3811721611721612
2016-03-20,2.033333333333333,-0.15278932977799825,0.3609340659340659
2016-03-21,1.9666666666666666,-0.1507454423018719,0.3609340659340659
2016-03-22,1.9666666666666666,-0.1507454423018719,0.3609340659340659
2016-03-23,2.1,-0.15135173478806271,0.37760073260073257
2016-03-24,1.9666666666666666,-0.10743078191165378,0.3576007326007326
2016-03-25,1.5666666666666667,-0.12872284099696177,0.3678571428571428
2016-03-26,1.5666666666666667,-0.12872284099696177,0.3678571428571428
2016-03-27,1.5666666666666667,-0.12872284099696177,0.3678571428571428
2016-03-28,1.5666666666666667,-0.12872284099696177,0.3678571428571428
2016-03-29,1.6333333333333333,-0.1139625007434497,0.35952380952380947
2016-03-30,1.6,-0.08091410145400064,0.32619047619047614
2016-03-31,1.5333333333333334,-0.11416615789371826,0.3428571428571428
2016-04-01,1.5333333333333334,-0.11416615789371826,0.3428571428571428
2016-04-02,1.5333333333333334,-0.11416615789371826,0.3428571428571428
2016-04-03,1.5333333333333334,-0.11416615789371826,0.3428571428571428
2016-04-04,1.5333333333333334,-0.11416615789371826,0.3428571428571428
2016-04-05,1.4666666666666666,-0.11316010500230488,0.32619047619047614
2016-04-06,1.4666666666666666,-0.11316010500230488,0.32619047619047614
2016-04-07,1.4666666666666666,-0.11316010500230488,0.32619047619047614
2016-04-08,1.4333333333333333,-0.08002110267915424,0.2928571428571428
2016-04-09,1.3666666666666667,-0.08024720495182372,0.27619047619047615
2016-04-10,1.3333333333333333,-0.11217161461947459,0.29285714285714287
2016-04-11,1.3333333333333333,-0.11217161461947459,0.29285714285714287
2016-04-12,1.2,-0.10952740306892093,0.2761904761904762
2016-04-13,1.1333333333333333,-0.07761524612941441,0.24285714285714288
2016-04-14,0.9333333333333333,-0.11913929846551685,0.26666666666666666
2016-04-15,0.8666666666666667,-0.11196953720516631,0.25
2016-04-16,0.8333333333333334,-0.10901484390099844,0.25
2016-04-17,0.8,-0.1421377589305242,0.25
2016-04-18,0.7333333333333333,-0.13806334137916565,0.23333333333333334
2016-04-19,0.6666666666666666,-0.12353853980700175,0.225
2016-04-20,0.6666666666666666,-0.12477073967456818,0.225
2016-04-21,0.6666666666666666,-0.12477073967456818,0.225
2016-04-22,0.5333333333333333,-0.1241644471883774,0.20833333333333334
2016-04-23,0.5666666666666667,-0.15772875249385834,0.225
2016-04-24,0.6,-0.15689837634563447,0.225
2016-04-25,0.6666666666666666,-0.15650691390037536,0.24166666666666667
2016-04-26,0.8333333333333334,-0.17601118127504986,0.26833333333333337
2016-04-27,0.9333333333333333,-0.18990918172730342,0.29055555555555557
2016-04-28,0.8,-0.17210623396767513,0.26555555555555554
2016-04-29,0.8,-0.17210623396767513,0.26555555555555554
2016-04-30,0.7333333333333333,-0.13888386262787714,0.23222222222222222
2016-05-01,0.8,-0.17182767364713883,0.26555555555555554
2016-05-02,1.1666666666666667,-0.17462615091391287,0.28373737373737373
2016-05-03,1.4,-0.18842037125927374,0.30754689754689757
2016-05-04,1.5,-0.22157956233788365,0.3408802308802309
2016-05-05,1.5333333333333334,-0.2508009063320243,0.3742135642135642
2016-05-06,1.5666666666666667,-0.2841135250644767,0.40754689754689755
2016-05-07,1.6,-0.31619512509473996,0.44088023088023093
2016-05-08,1.6,-0.31619512509473996,0.44088023088023093
2016-05-09,1.6,-0.31619512509473996,0.44088023088023093
2016-05-10,1.5666666666666667,-0.28288873902130957,0.40754689754689755
2016-05-11,1.5666666666666667,-0.28288873902130957,0.40754689754689755
2016-05-12,1.6333333333333333,-0.3159499443686886,0.44088023088023093
2016-05-13,1.6333333333333333,-0.3159499443686886,0.44088023088023093
2016-05-14,1.6333333333333333,-0.2522356646375739,0.40754689754689755
2016-05-15,1.7333333333333334,-0.2804676973604709,0.44088023088023093
2016-05-16,2.066666666666667,-0.2815686764435851,0.44088023088023093
2016-05-17,2.1666666666666665,-0.314853684317756,0.47421356421356425
2016-05-18,2.1666666666666665,-0.314853684317756,0.47421356421356425
2016-05-19,2.1,-0.3397910477833831,0.47421356421356425
2016-05-20,2.033333333333333,-0.338560945005902,0.4575468975468976
2016-05-21,2.066666666666667,-0.37176774363884163,0.4908802308802309
2016-05-22,2.066666666666667,-0.37176774363884163,0.4908802308802309
2016-05-23,2.2,-0.40420443403557443,0.5075468975468975
2016-05-24,2.1333333333333333,-0.3718186556084504,0.47421356421356425
2016-05-25,2.1666666666666665,-0.40549636570449177,0.4908802308802309
2016-05-26,2.066666666666667,-0.41604604867930717,0.49754689754689757
2016-05-27,2.0,-0.4351367673725105,0.5086580086580087
2016-05-28,2.0,-0.4351367673725105,0.5086580086580087
2016-05-29,2.0,-0.4351367673725105,0.5086580086580087
2016-05-30,2.1,-0.4462687096446968,0.5308802308802308
2016-05-31,2.066666666666667,-0.4324229321331001,0.5308802308802308
2016-06-01,1.7,-0.42962445486632606,0.5126984126984128
2016-06-02,1.4666666666666666,-0.4158302345209652,0.4888888888888889
2016-06-03,1.4,-0.3533374082711008,0.45555555555555555
2016-06-04,1.4,-0.3462660602397388,0.45555555555555555
2016-06-05,1.4,-0.3461780301398701,0.45555555555555555
2016-06-06,1.4666666666666666,-0.34713442375262576,0.45555555555555555
2016-06-07,1.5,-0.3142401541272799,0.45555555555555555
2016-06-08,1.5333333333333334,-0.3474812095363935,0.4888888888888889
2016-06-09,1.6333333333333333,-0.355772471262349,0.5111111111111112
2016-06-10,1.6333333333333333,-0.355772471262349,0.5111111111111112
2016-06-11,1.5666666666666667,-0.32271126591496996,0.4777777777777778
2016-06-12,1.5666666666666667,-0.32271126591496996,0.4777777777777778
2016-06-13,1.5333333333333334,-0.35315219842725326,0.4777777777777778
2016-06-14,1.4333333333333333,-0.32492016570435633,0.4444444444444445
2016-06-15,1.0333333333333334,-0.2934947007232242,0.41111111111111115
2016-06-16,1.0,-0.288673601879014,0.41111111111111115
2016-06-17,1.0,-0.288673601879014,0.41111111111111115
2016-06-18,1.0333333333333334,-0.3212270561191771,0.4444444444444445
2016-06-19,1.0333333333333334,-0.3212270561191771,0.4444444444444445
2016-06-20,1.0,-0.28802025748623744,0.41111111111111115
2016-06-21,1.0,-0.28802025748623744,0.41111111111111115
2016-06-22,0.8,-0.25529324677255416,0.3777777777777778
2016-06-23,0.8333333333333334,-0.2886169817712572,0.41111111111111115
2016-06-24,0.7333333333333333,-0.25533073412047497,0.3777777777777778
2016-06-25,0.8666666666666667,-0.24596426486968997,0.3722222222222222
2016-06-26,1.1,-0.2451823408404986,0.3722222222222222
2016-06-27,1.2666666666666666,-0.2671129408478737,0.3988888888888889
2016-06-28,1.4,-0.29969818870226544,0.43222222222222223
2016-06-29,1.8333333333333333,-0.3020227334648371,0.43291666666666667
2016-06-30,1.8666666666666667,-0.3162287415812413,0.43291666666666667
2016-07-01,1.8666666666666667,-0.3162287415812413,0.43291666666666667
2016-07-02,1.9666666666666666,-0.30614905705882445,0.4440277777777778
2016-07-03,2.433333333333333,-0.3504042542394664,0.46847222222222223
2016-07-04,2.433333333333333,-0.36157397989597584,0.46847222222222223
2016-07-05,2.466666666666667,-0.36167123083439134,0.46847222222222223
2016-07-06,2.533333333333333,-0.3618085872216357,0.46847222222222223
2016-07-07,2.566666666666667,-0.42784765870206887,0.5018055555555556
2016-07-08,2.566666666666667,-0.42759062559240396,0.5018055555555556
2016-07-09,2.966666666666667,-0.44283649250037144,0.5084722222222223
2016-07-10,3.7333333333333334,-0.46512928054636515,0.5360084541062803
2016-07-11,3.8666666666666667,-0.49833356485670605,0.5693417874396136
2016-07-12,3.966666666666667,-0.5316487763912062,0.6026751207729469
2016-07-13,4.6,-0.5514648709235537,0.6289909102466311
2016-07-14,4.6,-0.5514648709235537,0.6289909102466311
2016-07-15,4.6,-0.5514648709235537,0.6289909102466311
2016-07-16,4.533333333333333,-0.5230009618935931,0.5956575769132978
2016-07-17,4.533333333333333,-0.5230009618935931,0.5956575769132978
2016-07-18,4.5,-0.49044750765343,0.5623242435799644
2016-07-19,4.5,-0.49044750765343,0.5623242435799644
2016-07-20,4.5,-0.49044750765343,0.5623242435799644
2016-07-21,4.5,-0.49044750765343,0.5623242435799644
2016-07-22,4.566666666666666,-0.4903518978295673,0.5789909102466311
2016-07-23,4.533333333333333,-0.4570281628308643,0.5456575769132977
2016-07-24,4.533333333333333,-0.4570281628308643,0.5456575769132977
2016-07-25,4.333333333333333,-0.43634068173215934,0.51787979913552
2016-07-26,4.066666666666666,-0.4041338866158937,0.4845464658021867
2016-07-27,3.933333333333333,-0.41529295814083167,0.4912131324688533
2016-07-28,3.8,-0.38270771028643996,0.45787979913551996
2016-07-29,3.3333333333333335,-0.3680643636439855,0.45162979913552
2016-07-30,3.2666666666666666,-0.3347603220199163,0.41829646580218666
2016-07-31,3.2666666666666666,-0.3347603220199163,0.41829646580218666
2016-08-01,3.1666666666666665,-0.34484000654233316,0.4071853546910756
2016-08-02,2.6666666666666665,-0.3299184445329456,0.3827409102466311
2016-08-03,2.6333333333333333,-0.29659872291365746,0.34940757691329777
2016-08-04,2.566666666666667,-0.2632768833426583,0.31607424357996444
2016-08-05,2.4,-0.23010153331239502,0.2827409102466311
2016-08-06,2.3333333333333335,-0.19695673145730774,0.24940757691329776
2016-08-07,2.5,-0.15499441581844767,0.22718535469107554
2016-08-08,2.033333333333333,-0.09820480755182918,0.19829646580218663
2016-08-09,1.2666666666666666,-0.07591201950583543,0.17076023391812864
2016-08-10,1.2,-0.07484329431726224,0.17076023391812864
2016-08-11,1.1666666666666667,-0.041601706439988666,0.15409356725146198
2016-08-12,0.5333333333333333,-0.021785611907641108,0.1277777777777778
2016-08-13,0.5333333333333333,-0.021785611907641108,0.1277777777777778
2016-08-14,0.5333333333333333,-0.021785611907641108,0.1277777777777778
2016-08-15,0.9333333333333333,-0.04909062998162377,0.15833333333333335
2016-08-16,0.9333333333333333,-0.04909062998162377,0.15833333333333335
2016-08-17,0.9333333333333333,-0.04909062998162377,0.15833333333333335
2016-08-18,0.9333333333333333,-0.04909062998162377,0.15833333333333335
2016-08-19,0.9333333333333333,-0.04909062998162377,0.15833333333333335
2016-08-20,0.9333333333333333,-0.04909062998162377,0.15833333333333335
2016-08-21,0.8666666666666667,-0.04918623980548649,0.1416666666666667
2016-08-22,0.8666666666666667,-0.04918623980548649,0.1416666666666667
2016-08-23,0.8666666666666667,-0.04918623980548649,0.1416666666666667
2016-08-24,0.8666666666666667,-0.04918623980548649,0.1416666666666667
2016-08-25,0.8666666666666667,-0.04918623980548649,0.1416666666666667
2016-08-26,0.8333333333333334,-0.016096568273173455,0.10833333333333335
2016-08-27,0.9,0.016636260184976773,0.10833333333333335
2016-08-28,0.8333333333333334,0.015449400577280241,0.09166666666666669
2016-08-29,0.8333333333333334,0.015449400577280241,0.09166666666666669
2016-08-30,0.8333333333333334,0.015449400577280241,0.09166666666666669
2016-08-31,0.8333333333333334,0.015449400577280241,0.09166666666666669
2016-09-01,0.9666666666666667,-0.01756147808498808,0.12500000000000003
2016-09-02,1.1,-0.05086016423172423,0.15833333333333333
2016-09-03,1.7333333333333334,-0.06983056244445825,0.18464912280701756
2016-09-04,1.8333333333333333,-0.08478626519964454,0.2068713450292398
2016-09-05,1.9,-0.08223541389431871,0.22353801169590645
2016-09-06,1.8,-0.12441883230069926,0.24576023391812868
2016-09-07,2.1,-0.16519461814423056,0.2657602339181287
2016-09-08,2.1,-0.16519461814423056,0.2657602339181287
2016-09-09,2.033333333333333,-0.13305905902246287,0.23242690058479534
2016-09-10,1.9666666666666666,-0.13298543536523633,0.21576023391812868
2016-09-11,1.9666666666666666,-0.13298543536523633,0.21576023391812868
2016-09-12,2.066666666666667,-0.16505975369472953,0.249093567251462
2016-09-13,2.1,-0.19825148626029146,0.28242690058479536
2016-09-14,1.7666666666666666,-0.20390226669304556,0.2852046783625731
2016-09-15,1.9333333333333333,-0.22112597174637502,0.3118713450292398
2016-09-16,2.1333333333333333,-0.24331638462536517,0.33964912280701753
2016-09-17,2.1333333333333333,-0.24331638462536517,0.33964912280701753
2016-09-18,2.533333333333333,-0.24277454860203448,0.3563157894736842
2016-09-19,3.1,-0.2528679549707389,0.3778844169246646
2016-09-20,3.2666666666666666,-0.26165212631358864,0.39788441692466464
2016-09-21,3.2666666666666666,-0.26165212631358864,0.39788441692466464
2016-09-22,3.2666666666666666,-0.26165212631358864,0.39788441692466464
2016-09-23,3.466666666666667,-0.2631314119378808,0.4145510835913313
2016-09-24,3.5,-0.29645826624632704,0.44788441692466463
2016-09-25,3.6,-0.30751483645837335,0.47010663914688683
2016-09-26,3.533333333333333,-0.3402476649165236,0.47010663914688683
2016-09-27,3.533333333333333,-0.3402476649165236,0.47010663914688683
2016-09-28,3.533333333333333,-0.3402476649165236,0.47010663914688683
2016-09-29,3.533333333333333,-0.3402476649165236,0.47010663914688683
2016-09-30,3.566666666666667,-0.3734694620649102,0.5034399724802202
2016-10-01,3.9,-0.3652250208990997,0.4986780677183154
2016-10-02,3.8666666666666667,-0.36521831570769936,0.4986780677183154
2016-10-03,3.4,-0.37948083567797414,0.5056956115779646
2016-10-04,3.433333333333333,-0.3669077083949838,0.500140056022409
2016-10-05,4.1,-0.39652431174056585,0.5137764196587725
2016-10-06,4.133333333333334,-0.3820207529326629,0.5054430863254392
2016-10-07,4.5,-0.39064351355399113,0.5108399117222647
2016-10-08,4.666666666666667,-0.3973142532047174,0.5308399117222646
2016-10-09,4.933333333333334,-0.42963626285757045,0.564173245055598
2016-10-10,5.233333333333333,-0.4407910151650384,0.5863954672778202
2016-10-11,6.033333333333333,-0.45039331797459475,0.6072288006111536
2016-10-12,6.233333333333333,-0.4429878168120304,0.6035250969074499
2016-10-13,6.433333333333334,-0.4160604892699525,0.5892393826217356
2016-10-14,6.4,-0.41635528092867186,0.5892393826217356
2016-10-15,6.433333333333334,-0.4114882280292053,0.5847949381772911
2016-10-16,6.266666666666667,-0.42261740166564177,0.5903504937328468
2016-10-17,6.433333333333334,-0.42907163260995734,0.6103504937328467
2016-10-18,6.233333333333333,-0.4324025037416424,0.6103504937328467
2016-10-19,5.666666666666667,-0.42230909737293804,0.5887818662818662
2016-10-20,5.6,-0.4259297864206454,0.5910040885040886
2016-10-21,5.9,-0.43609359583490853,0.6132263107263108
2016-10-22,5.966666666666667,-0.46939944347971446,0.6465596440596442
2016-10-23,5.866666666666666,-0.49798691823648517,0.6632263107263108
2016-10-24,5.9,-0.4978696540451756,0.6632263107263108
2016-10-25,5.9,-0.48124643982682397,0.6521151996151996
2016-10-26,6.033333333333333,-0.4649220121029394,0.6604485329485329
2016-10-27,6.2,-0.47150506457918656,0.680448532948533
2016-10-28,6.2,-0.47150506457918656,0.680448532948533
2016-10-29,6.233333333333333,-0.5048288273933904,0.7137818662818664
2016-10-30,6.466666666666667,-0.4752873041354991,0.6971151996151996
2016-10-31,6.0,-0.4505208666390413,0.668543771043771
2016-11-01,5.9,-0.4172288856837055,0.6352104377104377
2016-11-02,5.766666666666667,-0.4173188620739083,0.6352104377104377
2016-11-03,5.666666666666667,-0.4482408249311547,0.6518771043771044
2016-11-04,4.933333333333334,-0.42117507289089856,0.6215740740740741
2016-11-05,4.833333333333333,-0.37753614316620526,0.596574074074074
2016-11-06,4.166666666666667,-0.3819702488727986,0.604510582010582
2016-11-07,4.466666666666667,-0.38416504405557167,0.6059391534391535
2016-11-08,4.6,-0.3488030440372134,0.5864947089947089
2016-11-09,4.533333333333333,-0.3520030355737323,0.5880820105820105
2016-11-10,3.966666666666667,-0.36470171523945677,0.5958201058201058
2016-11-11,3.8333333333333335,-0.36110384452752964,0.592857142857143
2016-11-12,3.7666666666666666,-0.3761130798982565,0.6004761904761905
2016-11-13,3.7333333333333334,-0.34286248973280037,0.5671428571428572
2016-11-14,3.8,-0.3472316380136859,0.5699206349206349
2016-11-15,3.7666666666666666,-0.31391205149825924,0.5365873015873016
2016-11-16,3.6,-0.3074578205539436,0.5165873015873016
2016-11-17,3.533333333333333,-0.3221012054013197,0.5249206349206349
2016-11-18,3.6,-0.3554092286156599,0.5582539682539683
2016-11-19,3.533333333333333,-0.36584873644447835,0.5693650793650794
2016-11-20,3.2666666666666666,-0.38840672465543896,0.5804761904761905
2016-11-21,3.3666666666666667,-0.35936954431117524,0.5671428571428571
2016-11-22,3.3,-0.362597467624952,0.5671428571428571
2016-11-23,3.2333333333333334,-0.32938787750781534,0.5338095238095237
2016-11-24,3.1333333333333333,-0.3349545215141206,0.5226984126984127
2016-11-25,3.2,-0.3407387900257868,0.5254761904761904
2016-11-26,3.066666666666667,-0.30216412066467224,0.5054761904761905
2016-11-27,3.066666666666667,-0.30216412066467224,0.5054761904761905
2016-11-28,3.033333333333333,-0.26884035785046834,0.47214285714285714
2016-11-29,2.7666666666666666,-0.26516008395997304,0.4554761904761905
2016-11-30,2.7666666666666666,-0.26516008395997304,0.4554761904761905
2016-12-01,2.8333333333333335,-0.2923284910027943,0.4888095238095238
2016-12-02,2.8,-0.2590055964295826,0.4554761904761905
2016-12-03,2.966666666666667,-0.2584222759046252,0.4554761904761905
2016-12-04,3.0,-0.22539906951170122,0.4554761904761905
2016-12-05,3.033333333333333,-0.28339894863348164,0.4888095238095238
2016-12-06,3.066666666666667,-0.2959137325722074,0.4888095238095238
2016-12-07,2.6333333333333333,-0.3203515181465754,0.5007142857142858
2016-12-08,2.3666666666666667,-0.35663170064725574,0.5201587301587302
2016-12-09,2.2,-0.371153926021523,0.5296825396825396
2016-12-10,1.9666666666666666,-0.3488529435462422,0.5011111111111111
2016-12-11,1.8333333333333333,-0.36099689400858354,0.5077777777777778
2016-12-12,1.6666666666666667,-0.33972325361437267,0.4811111111111111
2016-12-13,1.7,-0.3729340636399057,0.5144444444444445
2016-12-14,1.5,-0.3592447662022379,0.5061111111111111
2016-12-15,1.5333333333333334,-0.39098172621594535,0.5394444444444445
2016-12-16,1.5333333333333334,-0.39098172621594535,0.5394444444444445
2016-12-17,1.4,-0.37354930626021493,0.5144444444444445
2016-12-18,1.7666666666666666,-0.364951370332995,0.5093162393162394
2016-12-19,1.9666666666666666,-0.37355345675214596,0.5093162393162394
2016-12-20,2.2,-0.3585606549070723,0.500982905982906
2016-12-21,2.066666666666667,-0.3875971994684584,0.5143162393162394
2016-12-22,2.066666666666667,-0.387590929059828,0.5143162393162394
2016-12-23,2.1333333333333333,-0.3877613158907937,0.530982905982906
2016-12-24,2.1666666666666665,-0.4210674953347889,0.5643162393162393
2016-12-25,1.9666666666666666,-0.4316076545470073,0.5532051282051282
2016-12-26,1.9333333333333333,-0.4635992714318746,0.5532051282051282
2016-12-27,1.9333333333333333,-0.4635992714318746,0.5532051282051282
2016-12-28,1.9333333333333333,-0.4635992714318746,0.5532051282051282
2016-12-29,1.9333333333333333,-0.4635992714318746,0.5532051282051282
2016-12-30,2.033333333333333,-0.4968413275367466,0.5865384615384616
2016-12-31,2.066666666666667,-0.5026066033594919,0.5865384615384616
2017-01-01,2.066666666666667,-0.502606603359492,0.5865384615384616
2017-01-02,1.9333333333333333,-0.46990814360179306,0.5698717948717948
2017-01-03,2.1333333333333333,-0.5256028732591933,0.5984432234432234
2017-01-04,2.066666666666667,-0.49254035760303994,0.5651098901098901
2017-01-05,2.0,-0.4594454011255568,0.5317765567765568
2017-01-06,2.0,-0.4592897435957259,0.5317765567765568
2017-01-07,1.8666666666666667,-0.42604955146055085,0.4984432234432235
2017-01-08,1.8666666666666667,-0.43033397107661425,0.4984432234432235
2017-01-09,2.066666666666667,-0.4278766659498942,0.5151098901098902
2017-01-10,2.1666666666666665,-0.39514601008104605,0.4984432234432235
2017-01-11,3.9,-0.40596371433528206,0.5202380952380953
2017-01-12,4.1,-0.396116607515221,0.5154761904761905
2017-01-13,4.066666666666666,-0.4254944077414325,0.5321428571428571
2017-01-14,4.033333333333333,-0.39375744772772503,0.49880952380952387
2017-01-15,4.066666666666666,-0.4267794103703947,0.5321428571428571
2017-01-16,4.066666666666666,-0.4267794103703947,0.5321428571428571
2017-01-17,3.6666666666666665,-0.4350463855470348,0.5372710622710622
2017-01-18,3.5,-0.4035774450562667,0.5206043956043956
2017-01-19,3.2333333333333334,-0.3858484492761166,0.4956043956043956
2017-01-20,3.2,-0.3525432374141883,0.4622710622710623
2017-01-21,3.2,-0.3525749510588518,0.4622710622710623
2017-01-22,3.1333333333333333,-0.3524045642278861,0.44560439560439563
2017-01-23,3.1,-0.31909838478389096,0.4122710622710623
2017-01-24,3.5,-0.32973776817940387,0.43449328449328456
2017-01-25,3.5,-0.32973776817940387,0.43449328449328456
2017-01-26,3.5,-0.32973776817940387,0.43449328449328456
2017-01-27,3.5,-0.32973776817940387,0.43449328449328456
2017-01-28,3.5,-0.32973776817940387,0.43449328449328456
2017-01-29,3.4,-0.2964957120745319,0.40115995115995123
2017-01-30,3.3,-0.2635620292089652,0.3678266178266179
2017-01-31,3.3,-0.2635620292089652,0.3678266178266179
2017-02-01,3.3333333333333335,-0.23044607302171696,0.3511599511599512
2017-02-02,3.1,-0.20777454975724075,0.3225885225885226
2017-02-03,3.1,-0.20777454975724075,0.3225885225885226
2017-02-04,3.1666666666666665,-0.21282529735048467,0.33925518925518927
2017-02-05,3.1333333333333333,-0.17967763447244817,0.30592185592185595
2017-02-06,3.1666666666666665,-0.21172441148241214,0.33925518925518927
2017-02-07,3.1333333333333333,-0.2117409984616424,0.33925518925518927
2017-02-08,2.933333333333333,-0.21419830358836242,0.3225885225885226
2017-02-09,2.8,-0.21371406253986744,0.30592185592185595
2017-02-10,1.1333333333333333,-0.22462502590247566,0.31746031746031744
2017-02-11,0.9,-0.20126132269700367,0.2888888888888889
2017-02-12,0.8666666666666667,-0.16884701947371164,0.2555555555555556
2017-02-13,0.8666666666666667,-0.16884701947371164,0.2555555555555556
2017-02-14,0.8666666666666667,-0.104509769876798,0.22222222222222227
2017-02-15,0.8666666666666667,-0.104509769876798,0.22222222222222227
2017-02-16,0.8333333333333334,-0.07153270741303762,0.18888888888888894
2017-02-17,0.7666666666666667,-0.07155519326527914,0.17222222222222225
2017-02-18,0.7666666666666667,-0.07155519326527914,0.17222222222222225
2017-02-19,0.8,-0.03936274846394858,0.17222222222222225
2017-02-20,0.7666666666666667,-0.006042621533075983,0.13888888888888892
2017-02-21,0.7666666666666667,-0.006042621533075983,0.13888888888888892
2017-02-22,0.7666666666666667,-0.006042621533075983,0.13888888888888892
2017-02-23,0.36666666666666664,0.004596761862436916,0.11666666666666668
2017-02-24,0.36666666666666664,0.004596761862436916,0.11666666666666668
2017-02-25,0.36666666666666664,0.004596761862436916,0.11666666666666668
2017-02-26,0.36666666666666664,0.004596761862436916,0.11666666666666668
2017-02-27,0.36666666666666664,0.004596761862436916,0.11666666666666668
2017-02-28,0.36666666666666664,0.004596761862436916,0.11666666666666668
2017-03-01,0.36666666666666664,0.004596761862436916,0.11666666666666668
2017-03-02,0.4,0.03667721350987751,0.11666666666666668
2017-03-03,0.36666666666666664,-0.027593050400416073,0.15
2017-03-04,0.36666666666666664,-0.027593050400416073,0.15
2017-03-05,0.43333333333333335,-0.060823223988215144,0.18333333333333332
2017-03-06,0.43333333333333335,-0.08908547759056093,0.2
2017-03-07,0.4666666666666667,-0.11936411658922833,0.23333333333333334
2017-03-08,0.43333333333333335,-0.08731733957926434,0.2
2017-03-09,0.5333333333333333,-0.07164290199677151,0.19166666666666668
2017-03-10,0.5333333333333333,-0.07164290199677151,0.19166666666666668
2017-03-11,0.6,-0.03949345201253893,0.19166666666666668
2017-03-12,0.6333333333333333,-0.028834732539123973,0.18055555555555555
2017-03-13,0.6666666666666666,-0.062109929488764884,0.2138888888888889
2017-03-14,0.7,-0.03002947784132429,0.2138888888888889
2017-03-15,0.7,-0.03002947784132429,0.2138888888888889
2017-03-16,0.6666666666666666,-0.06134476479556827,0.2138888888888889
2017-03-17,0.6666666666666666,-0.06134476479556827,0.2138888888888889
2017-03-18,0.8,-0.07822779085901051,0.2388888888888889
2017-03-19,0.8,-0.07822779085901051,0.2388888888888889
2017-03-20,0.8,-0.07822779085901051,0.2388888888888889
2017-03-21,0.7666666666666667,-0.11042023566034107,0.2388888888888889
2017-03-22,0.7666666666666667,-0.11042023566034107,0.2388888888888889
2017-03-23,0.8,-0.13752257691489328,0.27222222222222225
2017-03-24,0.8333333333333334,-0.16739927199151783,0.3055555555555556
2017-03-25,0.8666666666666667,-0.20072446134355335,0.3388888888888889
2017-03-26,0.9666666666666667,-0.21053724156485665,0.3611111111111111
2017-03-27,1.0333333333333334,-0.21560627784993916,0.3777777777777778
2017-03-28,1.0333333333333334,-0.21560627784993916,0.3777777777777778
2017-03-29,1.1,-0.21440109378761718,0.3944444444444445
2017-03-30,1.1,-0.21440109378761718,0.3944444444444445
2017-03-31,1.1333333333333333,-0.18124420411056943,0.3944444444444445
2017-04-01,1.1,-0.21332465575801005,0.3944444444444445
2017-04-02,1.0333333333333334,-0.1821475899881787,0.3611111111111111
2017-04-03,1.0666666666666667,-0.14914762344625263,0.3611111111111111
2017-04-04,1.0333333333333334,-0.08322280810938944,0.3277777777777778
2017-04-05,1.0666666666666667,-0.07582712769508364,0.3277777777777778
2017-04-06,1.0666666666666667,-0.07885881066322328,0.3277777777777778
2017-04-07,1.0666666666666667,-0.07885881066322328,0.3277777777777778
2017-04-08,0.9333333333333333,-0.06135527243216834,0.3027777777777778
2017-04-09,0.9333333333333333,-0.06135527243216834,0.3027777777777778
2017-04-10,0.8666666666666667,-0.09350472241640093,0.3027777777777778
2017-04-11,0.7666666666666667,-0.08243477427297169,0.2805555555555556
2017-04-12,0.7666666666666667,-0.025207661423418272,0.24722222222222226
2017-04-13,0.7666666666666667,-0.09060573064618642,0.2805555555555556
2017-04-14,0.9666666666666667,-0.10254193296035133,0.3027777777777778
2017-04-15,1.0,-0.12529936184485754,0.33611111111111114
2017-04-16,1.0333333333333334,-0.15855677674214044,0.36944444444444446
2017-04-17,0.9,-0.14167375067869822,0.34444444444444444
2017-04-18,0.9,-0.14167375067869822,0.34444444444444444
2017-04-19,0.9,-0.14167375067869822,0.34444444444444444
2017-04-20,0.9,-0.14167375067869822,0.34444444444444444
2017-04-21,0.9,-0.14167375067869822,0.34444444444444444
2017-04-22,0.9333333333333333,-0.14685076872507732,0.34444444444444444
2017-04-23,1.0333333333333334,-0.13351849714914957,0.33611111111111114
2017-04-24,1.2,-0.07848917047182719,0.30833333333333335
2017-04-25,1.4666666666666666,-0.06790049852746907,0.30126262626262623
2017-04-26,1.4,-0.06283146224238657,0.28459595959595957
2017-04-27,1.4333333333333333,-0.09189617516416493,0.3179292929292929
2017-04-28,1.4666666666666666,-0.10235547769551326,0.3234848484848485
2017-04-29,1.5666666666666667,-0.07350115658658923,0.3234848484848485
2017-04-30,1.5333333333333334,-0.10665804626363697,0.3234848484848485
2017-05-01,1.5666666666666667,-0.08912510754484118,0.3234848484848485
2017-05-02,1.6,-0.12243693750916104,0.3568181818181818
2017-05-03,1.5666666666666667,-0.15543690405108712,0.3568181818181818
2017-05-04,1.6,-0.15690519692319813,0.3568181818181818
2017-05-05,1.5,-0.13098787614191423,0.3234848484848485
2017-05-06,1.4666666666666666,-0.09767755417510718,0.29015151515151516
2017-05-07,1.4666666666666666,-0.09767755417510718,0.29015151515151516
2017-05-08,1.5,-0.13099699366574338,0.3234848484848485
2017-05-09,1.5,-0.13099699366574338,0.3234848484848485
2017-05-10,1.5,-0.13099699366574338,0.3234848484848485
2017-05-11,1.5,-0.13099699366574338,0.3234848484848485
2017-05-12,1.4666666666666666,-0.15494890956565588,0.3234848484848485
2017-05-13,1.7666666666666666,-0.14123110739871708,0.3168181818181818
2017-05-14,1.7,-0.1625283609014569,0.3279292929292929
2017-05-15,2.566666666666667,-0.16707702858547036,0.3254601571268238
2017-05-16,3.6333333333333333,-0.15189287152220773,0.3173793490460157
2017-05-17,4.2,-0.16548244536367668,0.34090876081072163
2017-05-18,4.466666666666667,-0.18158297345486893,0.3659087608107216
2017-05-19,4.566666666666666,-0.17403492800508222,0.37701987192183267
2017-05-20,5.0,-0.18262010991381195,0.3975326924346533
2017-05-21,5.166666666666667,-0.19295957704192984,0.41753269243465324
2017-05-22,5.366666666666666,-0.18708265120592305,0.4133660257679866
2017-05-23,5.266666666666667,-0.13845777605778561,0.38836602576798657
2017-05-24,5.066666666666666,-0.16016191338307248,0.38281047021243103
2017-05-25,5.2,-0.17288110527384684,0.3898811772831381
2017-05-26,5.8,-0.17626453445674717,0.40654784394980475
2017-05-27,6.2,-0.17001115456772356,0.40141963882159964
2017-05-28,6.366666666666666,-0.1685962369927351,0.40003074993271076
2017-05-29,6.333333333333333,-0.17251319463603207,0.40003074993271076
2017-05-30,6.5,-0.1824546545302124,0.4200307499327108
2017-05-31,6.6,-0.20065023844989646,0.43669741659937744
2017-06-01,6.733333333333333,-0.15198414788198977,0.4100307499327107
2017-06-02,6.833333333333333,-0.14730699922196575,0.42114186104382184
2017-06-03,6.766666666666667,-0.17853334809891888,0.42114186104382184
2017-06-04,7.2,-0.19289438208875181,0.4442187841207449
2017-06-05,7.5,-0.21217875472752484,0.47014471004667086
2017-06-06,7.633333333333334,-0.22873496554343137,0.4951447100466709
2017-06-07,7.733333333333333,-0.19924483043003313,0.4784780433800042
2017-06-08,8.166666666666666,-0.23252882441391323,0.5118113767133375
2017-06-09,8.166666666666666,-0.23252882441391323,0.5118113767133375
2017-06-10,8.3,-0.24920067867149684,0.5368113767133376
2017-06-11,8.466666666666667,-0.2604239388357577,0.5568113767133376
2017-06-12,8.2,-0.273427631661393,0.5634780433800042
2017-06-13,8.2,-0.25673450251926755,0.5551447100466709
2017-06-14,7.366666666666666,-0.26260240514107835,0.55761384584914
2017-06-15,6.6,-0.2518775569995045,0.5523613205966148
2017-06-16,6.033333333333333,-0.2382879831580355,0.5288319088319089
2017-06-17,5.9,-0.2222195079612766,0.5204985754985755
2017-06-18,5.866666666666666,-0.2339580549817649,0.526054131054131
2017-06-19,5.433333333333334,-0.22537287307303516,0.5055413105413106
2017-06-20,5.3,-0.2480465133241948,0.5188746438746439
2017-06-21,5.566666666666666,-0.2339735758058366,0.5126246438746439
2017-06-22,6.466666666666667,-0.2872010222824551,0.5400055962555963
2017-06-23,6.533333333333333,-0.2868228387586412,0.5566722629222629
2017-06-24,6.066666666666666,-0.30815528191647296,0.567783374033374
2017-06-25,5.566666666666666,-0.3159337390547465,0.5733389295889296
2017-06-26,5.133333333333334,-0.2931224060219917,0.5451338013838014
2017-06-27,5.033333333333333,-0.2937728560132179,0.5443004680504681
2017-06-28,4.966666666666667,-0.3187102194788449,0.5443004680504681
2017-06-29,5.3,-0.3226460164284434,0.5487449124949125
2017-06-30,5.2,-0.3552427689726876,0.5654115791615791
2017-07-01,5.033333333333333,-0.37059702957627444,0.5587449124949125
2017-07-02,5.166666666666667,-0.38920219596610306,0.5714433251933252
2017-07-03,5.233333333333333,-0.41682186878110805,0.6047766585266585
2017-07-04,5.066666666666666,-0.4044893797834836,0.5983664021164021
2017-07-05,4.8,-0.4184347495922457,0.6057738095238094
2017-07-06,4.833333333333333,-0.4103197600929947,0.6007738095238095
2017-07-07,4.8,-0.39702199894411805,0.5952182539682539
2017-07-08,4.366666666666666,-0.363738004960238,0.5618849206349206
2017-07-09,4.433333333333334,-0.3639460877553811,0.5785515873015873
2017-07-10,4.3,-0.3472742334977975,0.5535515873015873
2017-07-11,4.266666666666667,-0.35074366330863943,0.5585515873015873
2017-07-12,4.366666666666666,-0.32395042339724206,0.545218253968254
2017-07-13,4.4,-0.31723956187329594,0.540218253968254
2017-07-14,4.333333333333333,-0.28406556268296546,0.5068849206349206
2017-07-15,4.166666666666667,-0.2702120713369241,0.500218253968254
2017-07-16,4.2,-0.24400792836906418,0.500218253968254
2017-07-17,4.366666666666666,-0.26341503166253605,0.5094775132275132
2017-07-18,4.6,-0.2638924345129697,0.5113293650793651
2017-07-19,4.733333333333333,-0.29597193099597774,0.5446626984126984
2017-07-20,4.833333333333333,-0.2670831272755035,0.5279960317460318
2017-07-21,4.566666666666666,-0.24877784895439625,0.5175793650793651
2017-07-22,3.6333333333333333,-0.2276308541252184,0.49019841269841274
2017-07-23,3.8,-0.25180678556756997,0.5021031746031747
2017-07-24,3.8333333333333335,-0.21905376305576985,0.48543650793650794
2017-07-25,3.7666666666666666,-0.2411867293092624,0.49654761904761907
2017-07-26,3.7666666666666666,-0.2411867293092624,0.49654761904761907
2017-07-27,3.6,-0.23269707842399834,0.47654761904761905
2017-07-28,3.6,-0.23269707842399834,0.47654761904761905
2017-07-29,3.2666666666666666,-0.22984818925854392,0.4721031746031746
2017-07-30,3.2333333333333334,-0.19658879151341146,0.43876984126984125
2017-07-31,3.2666666666666666,-0.2291480711141907,0.4721031746031746
2017-08-01,3.2,-0.22294304707614832,0.4682936507936509
2017-08-02,3.6333333333333333,-0.19925976129672515,0.45273809523809533
2017-08-03,3.533333333333333,-0.21530924387079067,0.4627380952380953
2017-08-04,3.7,-0.1955357579453282,0.4516269841269842
2017-08-05,3.8333333333333335,-0.2074251763088993,0.45755291005291004
2017-08-06,3.7666666666666666,-0.19195626961491097,0.446441798941799
2017-08-07,3.8,-0.22512572593789884,0.4797751322751323
2017-08-08,3.8333333333333335,-0.25646613591877876,0.49644179894179896
2017-08-09,3.933333333333333,-0.28517870724831945,0.5297751322751323
2017-08-10,3.933333333333333,-0.28855334888532685,0.5297751322751323
2017-08-11,3.8,-0.31310345541074797,0.5431084656084657
2017-08-12,3.8333333333333335,-0.31649149739710747,0.5453306878306878
2017-08-13,4.066666666666666,-0.3128831272860053,0.5596164021164022
2017-08-14,3.9,-0.31938820893960024,0.5462830687830689
2017-08-15,3.8666666666666667,-0.3455923519074602,0.5462830687830689
2017-08-16,3.7,-0.31575608136319616,0.5286904761904762
2017-08-17,3.533333333333333,-0.3129938491942391,0.5268386243386244
2017-08-18,3.4,-0.28091435271123105,0.493505291005291
2017-08-19,3.3666666666666667,-0.2871533410842457,0.4990608465608466
2017-08-20,3.2333333333333334,-0.30775725166949014,0.5115608465608467
2017-08-21,3.3,-0.3072166882053254,0.5282275132275133
2017-08-22,3.2666666666666666,-0.30490828697643585,0.5274338624338625
2017-08-23,3.433333333333333,-0.31875874373647906,0.5345767195767196
2017-08-24,3.7333333333333334,-0.30457867476675243,0.5279100529100529
2017-08-25,3.9,-0.3261126424206628,0.5545767195767196
2017-08-26,4.0,-0.3397280479802026,0.5767989417989418
2017-08-27,4.2,-0.34207179499997037,0.5934656084656085
2017-08-28,4.2,-0.3511777591043049,0.6001322751322752
2017-08-29,4.2,-0.3511777591043049,0.6001322751322751
2017-08-30,4.333333333333333,-0.3395926407310698,0.5934656084656085
2017-08-31,4.366666666666666,-0.30992687059773344,0.579021164021164
2017-09-01,3.8666666666666667,-0.30599048356215164,0.5612433862433862
2017-09-02,3.7333333333333334,-0.32115291933218637,0.567910052910053
2017-09-03,3.533333333333333,-0.3076966628101137,0.5456878306878307
2017-09-04,3.3,-0.3192256326145596,0.5530952380952381
2017-09-05,3.2666666666666666,-0.3441629960801867,0.5530952380952381
2017-09-06,3.3333333333333335,-0.3440635795063443,0.5530952380952381
2017-09-07,3.2666666666666666,-0.3457371501127879,0.5530952380952381
2017-09-08,3.7,-0.3418023072265917,0.5489285714285714
2017-09-09,3.6333333333333333,-0.3568374989016189,0.5572619047619047
2017-09-10,3.6333333333333333,-0.34314890281193794,0.5572619047619047
2017-09-11,3.533333333333333,-0.32202447794377803,0.5461507936507937
2017-09-12,3.3,-0.32563284805488024,0.5318650793650794
2017-09-13,3.6333333333333333,-0.3384253737436874,0.5551984126984127
2017-09-14,3.8333333333333335,-0.35994306310420005,0.5829761904761904
2017-09-15,3.8333333333333335,-0.3723314474463936,0.5913095238095238
2017-09-16,3.7666666666666666,-0.37493383044406536,0.5913095238095238
2017-09-17,3.933333333333333,-0.40695184543137514,0.6246428571428572
2017-09-18,4.1,-0.41840430936288264,0.6315873015873016
2017-09-19,4.066666666666666,-0.41452176214328834,0.6288095238095238
2017-09-20,4.0,-0.41506232560745304,0.6121428571428571
2017-09-21,3.8,-0.393572978917805,0.5843650793650794
2017-09-22,3.7,-0.3796274308943086,0.5772222222222222
2017-09-23,3.533333333333333,-0.39377499427232476,0.5838888888888889
2017-09-24,3.5,-0.3748811771058374,0.573888888888889
2017-09-25,3.533333333333333,-0.3818286815865172,0.5766666666666667
2017-09-26,3.3333333333333335,-0.3794849345667494,0.56
2017-09-27,3.3,-0.39261989788048796,0.5666666666666667
2017-09-28,3.6333333333333333,-0.4126193586571349,0.5933333333333334
2017-09-29,3.6333333333333333,-0.39972556507421864,0.5866666666666666
2017-09-30,3.433333333333333,-0.42166834151579274,0.5811111111111111
2017-10-01,3.533333333333333,-0.4159752462555965,0.5922222222222223
2017-10-02,3.5,-0.3827347829192877,0.558888888888889
2017-10-03,4.033333333333333,-0.3961363368233045,0.5818055555555557
2017-10-04,4.3,-0.38366538455088933,0.575138888888889
2017-10-05,4.466666666666667,-0.37887027909358345,0.5884722222222223
2017-10-06,4.5,-0.3465241342782974,0.5718055555555556
2017-10-07,5.133333333333334,-0.3389454907178878,0.5684722222222223
2017-10-08,5.066666666666666,-0.33402839123138356,0.5654960317460318
2017-10-09,5.566666666666666,-0.3149874888341717,0.5556921101774043
2017-10-10,6.133333333333334,-0.3119935450987665,0.5464328509181452
2017-10-11,6.966666666666667,-0.3279326065843522,0.5555598350451291
2017-10-12,7.5,-0.3443951335514803,0.5805598350451291
2017-10-13,7.566666666666666,-0.3389132766556627,0.5766709461562403
2017-10-14,7.866666666666666,-0.31695593509063646,0.564448723934018
2017-10-15,8.1,-0.31982909372615165,0.5659638754491696
2017-10-16,8.333333333333334,-0.32561026555576383,0.5715194310047252
2017-10-17,8.566666666666666,-0.2953062665688838,0.5548527643380585
2017-10-18,8.7,-0.2903328947452551,0.5506860976713919
2017-10-19,9.0,-0.2936481325720263,0.5506860976713918
2017-10-20,9.1,-0.2873004829447646,0.5617972087825029
2017-10-21,9.233333333333333,-0.2747338166396994,0.5701305421158362
2017-10-22,9.233333333333333,-0.2907313883862077,0.5784638754491696
2017-10-23,9.433333333333334,-0.25701250685140015,0.5602820572673514
2017-10-24,9.433333333333334,-0.28736176294967053,0.5769487239340181
2017-10-25,9.333333333333334,-0.30007924539729475,0.5852820572673514
2017-10-26,9.366666666666667,-0.3315779676326565,0.6186153906006847
2017-10-27,9.266666666666667,-0.33154704176271477,0.6186153906006847
2017-10-28,8.933333333333334,-0.3115475809860679,0.5919487239340181
2017-10-29,8.766666666666667,-0.30346721334143995,0.5719487239340181
2017-10-30,8.766666666666667,-0.30346721334143995,0.5719487239340181
2017-10-31,8.666666666666666,-0.30916030860163624,0.5608376128229069
2017-11-01,8.733333333333333,-0.3423915193102544,0.5941709461562402
2017-11-02,8.3,-0.36212708289806567,0.6045876128229071
2017-11-03,8.1,-0.36142586812758964,0.6029209461562404
2017-11-04,7.933333333333334,-0.3662209735848955,0.589587612822907
2017-11-05,7.866666666666666,-0.3903682004946919,0.6062542794895737
2017-11-06,7.2,-0.36472478067263486,0.5762542794895736
2017-11-07,6.8,-0.3490577070311303,0.5667304699657641
2017-11-08,6.233333333333333,-0.3349960861412048,0.5432010582010582
2017-11-09,5.7,-0.35460847737906415,0.5524603174603174
2017-11-10,4.766666666666667,-0.3465763336244457,0.5322222222222223
2017-11-11,4.466666666666667,-0.3442785294746022,0.5310317460317461
2017-11-12,4.1,-0.3695298622278367,0.5449206349206349
2017-11-13,3.8,-0.3817951309245157,0.5515873015873016
2017-11-14,3.433333333333333,-0.3769307023031658,0.5334054834054833
2017-11-15,3.1333333333333333,-0.36664147522370366,0.5111832611832612
2017-11-16,2.7333333333333334,-0.3649274592232739,0.4945165945165945
2017-11-17,2.3333333333333335,-0.3480850750835771,0.46951659451659455
2017-11-18,1.9333333333333333,-0.3340242562656967,0.44729437229437236
2017-11-19,1.8333333333333333,-0.3403719058929584,0.43618326118326123
2017-11-20,1.8,-0.3427887681092191,0.43896103896103894
2017-11-21,1.6666666666666667,-0.32636356681241274,0.413961038961039
2017-11-22,1.3666666666666667,-0.3601156940299367,0.43214285714285716
2017-11-23,1.2666666666666666,-0.35182268919925835,0.43214285714285716
2017-11-24,1.2333333333333334,-0.31854229671141454,0.39880952380952384
2017-11-25,1.3,-0.2970788820158868,0.38769841269841276
2017-11-26,1.5,-0.2792456888726779,0.3781746031746032
2017-11-27,1.5666666666666667,-0.2843149387410709,0.3948412698412699
2017-11-28,1.6666666666666667,-0.2715454502474694,0.405952380952381
2017-11-29,1.9333333333333333,-0.25725742986514455,0.41428571428571437
2017-11-30,2.1333333333333333,-0.268439409574346,0.43650793650793657
2017-12-01,2.1,-0.20321386996952315,0.40317460317460324
2017-12-02,2.0,-0.17007675247769508,0.3698412698412699
2017-12-03,3.2666666666666666,-0.15489377103864202,0.36230158730158735
2017-12-04,5.233333333333333,-0.170547917238488,0.38659537261232185
2017-12-05,6.966666666666667,-0.1518636174883954,0.37301512569874157
2017-12-06,7.566666666666666,-0.17091636548416053,0.39894105162466753
2017-12-07,7.8,-0.17285994524181567,0.40079290347651936
2017-12-08,8.1,-0.18373755758535654,0.42301512569874156
2017-12-09,8.166666666666666,-0.1691336959156572,0.4146817923654082
2017-12-10,8.366666666666667,-0.19007547493310561,0.44245957014318604
2017-12-11,8.366666666666667,-0.20046792196194693,0.44722147490509073
2017-12-12,8.4,-0.16538016067902608,0.430554808238424
2017-12-13,8.266666666666667,-0.15768659843630622,0.4249992526828686
2017-12-14,8.466666666666667,-0.17987989319987127,0.4527770304606463
2017-12-15,8.533333333333333,-0.21309776438898873,0.48611036379397965
2017-12-16,8.933333333333334,-0.21382156710121727,0.5027770304606463
2017-12-17,9.766666666666667,-0.23978781163984236,0.5321103637939797
2017-12-18,9.766666666666667,-0.23978781163984236,0.5321103637939797
2017-12-19,9.833333333333334,-0.27274763346010145,0.5654436971273129
2017-12-20,9.833333333333334,-0.2754308511180384,0.565443697127313
2017-12-21,9.866666666666667,-0.24212554786232143,0.565443697127313
2017-12-22,9.966666666666667,-0.22713100705173644,0.5587770304606463
2017-12-23,9.933333333333334,-0.2024346052967214,0.525443697127313
2017-12-24,10.2,-0.22733868254847361,0.5546103637939797
2017-12-25,10.133333333333333,-0.25033605655326147,0.5657214749050908
2017-12-26,10.2,-0.26061786307520696,0.5715415807251965
2017-12-27,10.3,-0.26438930882639716,0.5748749140585299
2017-12-28,10.4,-0.29783474260198106,0.5915415807251966
2017-12-29,10.333333333333334,-0.3219971820244561,0.6054304696140854
2017-12-30,10.233333333333333,-0.29989139880035015,0.5943193585029742
2017-12-31,10.2,-0.33188572769655483,0.5943193585029742
2018-01-01,10.233333333333333,-0.2989289804825554,0.5943193585029742
2018-01-02,9.033333333333333,-0.29293741898459463,0.5935257077093236
2018-01-03,7.933333333333334,-0.27709068314718793,0.5858985890652557
2018-01-04,6.5,-0.27936780622567436,0.5873576238576239
2018-01-05,6.633333333333334,-0.28176392195658295,0.5887044252044252
2018-01-06,6.4,-0.3085479163486954,0.6035192400192401
2018-01-07,6.166666666666667,-0.2977617603786871,0.5979636844636845
2018-01-08,6.033333333333333,-0.2790753957875654,0.5729636844636846
2018-01-09,5.833333333333333,-0.25813361677011704,0.5451859066859067
2018-01-10,5.8,-0.2547156606979304,0.5443922558922559
2018-01-11,6.0,-0.2655971822507315,0.5485589225589227
2018-01-12,6.233333333333333,-0.29428885398423443,0.5652255892255893
2018-01-13,6.266666666666667,-0.2769161453230188,0.5564954304954306
2018-01-14,6.366666666666666,-0.25279653175503075,0.5431620971620973
2018-01-15,6.2,-0.27359610563253184,0.5550668590668592
2018-01-16,5.633333333333334,-0.2704074085328462,0.5549001924001924
2018-01-17,5.9,-0.28073375826810626,0.5757335257335258
2018-01-18,5.833333333333333,-0.24777393644784712,0.5424001924001924
2018-01-19,5.766666666666667,-0.2879358520680152,0.5646224146224147
2018-01-20,5.933333333333334,-0.32127788767948573,0.5812890812890814
2018-01-21,5.766666666666667,-0.30297683582439844,0.5546224146224147
2018-01-22,5.933333333333334,-0.3117272045784674,0.5746224146224146
2018-01-23,5.8,-0.28695750103130757,0.5621224146224146
2018-01-24,5.866666666666666,-0.2650166849202728,0.5510113035113036
2018-01-25,6.166666666666667,-0.2578485360759424,0.5473075998075998
2018-01-26,6.266666666666667,-0.2591756167528954,0.5481409331409333
2018-01-27,6.3,-0.2635281874683001,0.5489345839345839
2018-01-28,6.5,-0.2698673878060279,0.5517123617123618
2018-01-29,6.433333333333334,-0.3138653358432814,0.573934583934584
2018-01-30,6.466666666666667,-0.3471473495774632,0.6072679172679173
2018-01-31,6.433333333333334,-0.38010409679146256,0.6072679172679173
2018-02-01,6.233333333333333,-0.38259119728669505,0.5906012506012507
2018-02-02,5.566666666666666,-0.4067216682482821,0.6017123617123619
2018-02-03,5.266666666666667,-0.3973719106347244,0.5971669071669072
2018-02-04,4.733333333333333,-0.3855265644933812,0.5921164021164022
2018-02-05,4.7,-0.3857614942139419,0.5921164021164022
2018-02-06,4.666666666666667,-0.41390330967764377,0.6087830687830689
2018-02-07,4.866666666666666,-0.4466534595767026,0.6421164021164022
2018-02-08,4.866666666666666,-0.4466534595767026,0.6421164021164022
2018-02-09,4.733333333333333,-0.4254953322555653,0.631005291005291
2018-02-10,4.733333333333333,-0.4402968553449742,0.6393386243386243
2018-02-11,4.5,-0.40260257257040216,0.6226719576719577
2018-02-12,4.3,-0.36589439955653336,0.6036243386243387
2018-02-13,4.166666666666667,-0.3901192908217667,0.616957671957672
2018-02-14,3.933333333333333,-0.368595914232037,0.5883862433862436
2018-02-15,3.6666666666666665,-0.34581836679309763,0.5592195767195769
2018-02-16,3.6666666666666665,-0.367982966142199,0.5717195767195768
2018-02-17,3.8333333333333335,-0.3778694959852115,0.5917195767195768
2018-02-18,3.9,-0.35525902765058964,0.5806084656084657
2018-02-19,3.8333333333333335,-0.3720890269385128,0.588941798941799
2018-02-20,3.933333333333333,-0.40460931318068,0.6222751322751324
2018-02-21,3.8333333333333335,-0.3963463425344576,0.618941798941799
2018-02-22,3.8,-0.4074306318865567,0.6244973544973544
2018-02-23,3.7333333333333334,-0.42901278102129853,0.6356084656084656
2018-02-24,3.1666666666666665,-0.44379926243708245,0.643015873015873
2018-02-25,2.9,-0.43363148614054636,0.6221825396825397
2018-02-26,2.6666666666666665,-0.4086029701431592,0.5936111111111111
2018-02-27,2.8,-0.40205530276729,0.5894444444444444
2018-02-28,2.7666666666666666,-0.368981158244941,0.5561111111111111
2018-03-01,3.033333333333333,-0.34051082019176754,0.5412962962962964
2018-03-02,3.066666666666667,-0.3072247453944551,0.5412962962962964
2018-03-03,3.066666666666667,-0.3072247453944551,0.5412962962962964
2018-03-04,2.933333333333333,-0.2583495006048017,0.5135185185185186
2018-03-05,2.8666666666666667,-0.2592353130463097,0.4968518518518519
2018-03-06,2.6666666666666665,-0.24963179546097916,0.4746296296296297
2018-03-07,2.6333333333333333,-0.2164757362753153,0.44129629629629635
2018-03-08,2.6,-0.1882424644380808,0.407962962962963
2018-03-09,2.433333333333333,-0.18846025947895315,0.407962962962963
2018-03-10,2.433333333333333,-0.18846025947895315,0.407962962962963
2018-03-11,2.533333333333333,-0.20942359590695964,0.41796296296296304
2018-03-12,2.2666666666666666,-0.18626631100144653,0.38879629629629636
2018-03-13,2.466666666666667,-0.20578768103486964,0.3971296296296297
2018-03-14,2.533333333333333,-0.23184915366272132,0.4082407407407408
2018-03-15,2.5,-0.19852600477635862,0.37490740740740747
2018-03-16,2.6333333333333333,-0.21183219733337563,0.39990740740740743
2018-03-17,2.7333333333333334,-0.2228782506369882,0.42212962962962963
2018-03-18,2.533333333333333,-0.2179186462445392,0.4221296296296297
2018-03-19,2.3666666666666667,-0.2080321164015267,0.40212962962962967
2018-03-20,2.2666666666666666,-0.19794725554684803,0.3799074074074074
2018-03-21,2.1333333333333333,-0.18108052390317125,0.3549074074074074
2018-03-22,2.2,-0.18175391174852848,0.3549074074074074
2018-03-23,2.2666666666666666,-0.18541959193845592,0.3549074074074074
2018-03-24,2.5,-0.1944562700142463,0.35935185185185187
2018-03-25,2.466666666666667,-0.16178225544591746,0.32601851851851854
2018-03-26,2.433333333333333,-0.12847694026927153,0.2926851851851852
2018-03-27,2.466666666666667,-0.1617928909013669,0.32601851851851854
2018-03-28,2.5,-0.12905713784197967,0.32601851851851854
2018-03-29,1.9666666666666666,-0.11939118583997092,0.3051851851851852
2018-03-30,1.9666666666666666,-0.11939118583997092,0.3051851851851852
2018-03-31,1.6666666666666667,-0.11457951015896267,0.28666666666666674
2018-04-01,1.6333333333333333,-0.14786558495627508,0.28666666666666674
2018-04-02,1.7,-0.1476149861680137,0.3033333333333334
2018-04-03,1.6666666666666667,-0.20550955779022642,0.3366666666666667
2018-04-04,1.7,-0.17224998321798113,0.3366666666666667
2018-04-05,1.7333333333333334,-0.20553235259321,0.37000000000000005
2018-04-06,1.7333333333333334,-0.20553235259321,0.37000000000000005
2018-04-07,1.7333333333333334,-0.20553235259321,0.37000000000000005
2018-04-08,1.9666666666666666,-0.1950524242884583,0.3658333333333334
2018-04-09,1.9666666666666666,-0.1950524242884583,0.3658333333333334
2018-04-10,1.9666666666666666,-0.1939695823358165,0.3658333333333334
2018-04-11,1.9666666666666666,-0.1939695823358165,0.3658333333333334
2018-04-12,1.7,-0.1793187690940168,0.3408333333333334
2018-04-13,1.6333333333333333,-0.21843273638023272,0.36305555555555563
2018-04-14,1.6666666666666667,-0.2517430980834696,0.39638888888888896
2018-04-15,1.5333333333333334,-0.2384369055264526,0.371388888888889
2018-04-16,1.4333333333333333,-0.22739085222284,0.34916666666666674
2018-04-17,1.3666666666666667,-0.19985950753092765,0.31583333333333335
2018-04-18,1.4333333333333333,-0.2195237235724926,0.34916666666666674
2018-04-19,1.4333333333333333,-0.2195237235724926,0.34916666666666674
2018-04-20,1.4333333333333333,-0.2195237235724926,0.34916666666666674
2018-04-21,1.3,-0.21371560419599214,0.34916666666666674
2018-04-22,1.2333333333333334,-0.17886785740653674,0.3325000000000001
2018-04-23,0.9333333333333333,-0.19149661933382353,0.3391666666666667
2018-04-24,1.0333333333333334,-0.22281779787606665,0.3725000000000001
2018-04-25,1.4333333333333333,-0.2514038422869312,0.40583333333333343
2018-04-26,1.4333333333333333,-0.1847955603566435,0.3725000000000001
2018-04-27,1.5333333333333334,-0.25055642268723916,0.40583333333333343
2018-04-28,1.6333333333333333,-0.28384742347730535,0.43916666666666676
2018-04-29,1.6666666666666667,-0.31716802128487165,0.4725000000000001
2018-04-30,1.6666666666666667,-0.31716802128487165,0.4725000000000001
2018-05-01,1.7,-0.35040848462118046,0.5058333333333335
2018-05-02,1.6333333333333333,-0.3506590834094419,0.48916666666666675
2018-05-03,1.6,-0.3177018752528562,0.4558333333333334
2018-05-04,1.5666666666666667,-0.35096144982510147,0.4558333333333334
2018-05-05,1.5333333333333334,-0.3176790804498726,0.4225000000000001
2018-05-06,1.5333333333333334,-0.3176790804498726,0.4225000000000001
2018-05-07,1.5666666666666667,-0.35094022262427543,0.4558333333333334
2018-05-08,1.3333333333333333,-0.3006495081716114,0.42666666666666675
2018-05-09,1.4,-0.333732991748386,0.4600000000000001
2018-05-10,1.4,-0.3471002146932814,0.46666666666666673
2018-05-11,1.4,-0.3471002146932814,0.46666666666666673
2018-05-12,1.4,-0.3471002146932814,0.46666666666666673
2018-05-13,1.3666666666666667,-0.3138123616907332,0.4333333333333334
2018-05-14,1.5,-0.31346580518616574,0.4333333333333334
2018-05-15,1.5666666666666667,-0.34175613456302223,0.46666666666666673
2018-05-16,1.5666666666666667,-0.34175613456302223,0.46666666666666673
2018-05-17,1.7,-0.3583946529361937,0.49166666666666675
2018-05-18,1.6333333333333333,-0.3387304368946288,0.45833333333333337
2018-05-19,1.6333333333333333,-0.3387304368946288,0.45833333333333337
2018-05-20,1.6333333333333333,-0.3387304368946288,0.45833333333333337
2018-05-21,1.6,-0.3113448821836048,0.42500000000000004
2018-05-22,1.5333333333333334,-0.34203955067528624,0.42500000000000004
2018-05-23,1.5,-0.30915544761551755,0.3916666666666667
2018-05-24,1.6,-0.2908746007415983,0.3805555555555556
2018-05-25,1.6333333333333333,-0.28026452720419975,0.3728632478632479
2018-05-26,1.6,-0.31355685850239207,0.3728632478632479
2018-05-27,1.7666666666666666,-0.3135813426003497,0.3728632478632479
2018-05-28,1.7333333333333334,-0.3119249676027868,0.3728632478632479
2018-05-29,1.7666666666666666,-0.2791750018158529,0.35619658119658126
2018-05-30,1.8,-0.31247851494540513,0.3895299145299146
2018-05-31,2.1333333333333333,-0.29830117287011504,0.38346930846930855
2018-06-01,2.2,-0.33154978316795386,0.41680264180264187
2018-06-02,2.2,-0.33154978316795386,0.41680264180264187
2018-06-03,2.2,-0.33154978316795386,0.41680264180264187
2018-06-04,2.5,-0.3513206886538135,0.4427285677285678
2018-06-05,2.6333333333333333,-0.3841514450598028,0.4760619010619011
2018-06-06,2.6666666666666665,-0.3838787617572414,0.4760619010619011
2018-06-07,2.6333333333333333,-0.4116814595747259,0.4760619010619011
2018-06-08,2.566666666666667,-0.3785979759979513,0.4427285677285678
2018-06-09,2.5,-0.3590718620639643,0.43161745661745665
2018-06-10,2.533333333333333,-0.3264856153350672,0.43161745661745665
2018-06-11,2.7,-0.3595662857712905,0.46495078995079003
2018-06-12,3.0,-0.3862646430796429,0.4945804195804196
2018-06-13,3.466666666666667,-0.33925078835014116,0.4700190160716477
2018-06-14,3.8333333333333335,-0.3288958771389317,0.46232670837934003
2018-06-15,3.8666666666666667,-0.36193555428202867,0.49566004171267336
2018-06-16,3.8666666666666667,-0.3644324012956611,0.49566004171267336
2018-06-17,3.933333333333333,-0.3977221397918057,0.5289933750460067
2018-06-18,4.066666666666666,-0.4310163814188631,0.56232670837934
2018-06-19,4.366666666666666,-0.4508000418571888,0.588252634305266
2018-06-20,4.7,-0.4710481362569589,0.6149193009719326
2018-06-21,4.766666666666667,-0.4718301233677326,0.6315859676385993
2018-06-22,4.966666666666667,-0.48322807686477154,0.6538081898608216
2018-06-23,4.866666666666666,-0.5035046839410986,0.6649193009719326
2018-06-24,4.433333333333334,-0.4855287130676327,0.6392782753309071
2018-06-25,4.433333333333334,-0.4855287130676327,0.6392782753309071
2018-06-26,4.166666666666667,-0.4853748675190029,0.6392782753309071
2018-06-27,4.1,-0.45374024172649957,0.6059449419975738
2018-06-28,4.033333333333333,-0.4531696097058671,0.589278275330907
2018-06-29,4.0,-0.4198660965763149,0.5559449419975737
2018-06-30,3.933333333333333,-0.41148590895489323,0.5508944369470685
2018-07-01,4.133333333333334,-0.4008065579131789,0.5467277702804019
2018-07-02,4.333333333333333,-0.43366312064682905,0.5800611036137352
2018-07-03,4.733333333333333,-0.42874043926221267,0.5939499925026241
2018-07-04,4.466666666666667,-0.37781435681890474,0.5680240665766981
2018-07-05,4.5,-0.36458512866011283,0.5613573999100315
2018-07-06,4.466666666666667,-0.36223163727433505,0.5613573999100315
2018-07-07,4.633333333333334,-0.37041008793821956,0.5813573999100315
2018-07-08,4.7,-0.3706921540052794,0.5980240665766983
2018-07-09,4.633333333333334,-0.3902630814927586,0.6091351776878093
2018-07-10,4.766666666666667,-0.428260432582872,0.6291351776878092
2018-07-11,4.666666666666667,-0.42794726759371843,0.6291351776878092
2018-07-12,4.466666666666667,-0.43429011396964307,0.6328388813915129
2018-07-13,3.8666666666666667,-0.46964750277138506,0.6574002849002849
2018-07-14,3.6333333333333333,-0.4732747489821028,0.6595370370370371
2018-07-15,3.6666666666666665,-0.4404227201750985,0.6428703703703705
2018-07-16,3.6,-0.42130681173117074,0.6345370370370371
2018-07-17,3.8666666666666667,-0.39620107130319987,0.6212037037037038
2018-07-18,4.166666666666667,-0.38059774928325596,0.6135113960113961
2018-07-19,3.933333333333333,-0.38677800025907677,0.6209188034188035
2018-07-20,4.166666666666667,-0.36364962336377066,0.6079776269482153
2018-07-21,5.2,-0.37346232778482363,0.6135331825037708
2018-07-22,6.933333333333334,-0.36210628138862666,0.6085523395918934
2018-07-23,7.5,-0.3417886210502778,0.5985523395918934
2018-07-24,7.8,-0.3669056017883878,0.6281819692215229
2018-07-25,7.866666666666666,-0.4001901129571856,0.6615153025548562
2018-07-26,8.0,-0.38916810549182307,0.6548486358881896
2018-07-27,8.066666666666666,-0.38936009105923386,0.6715153025548564
2018-07-28,8.066666666666666,-0.38936009105923386,0.6715153025548564
2018-07-29,8.1,-0.41308445629360885,0.7048486358881897
2018-07-30,8.166666666666666,-0.41807546655651884,0.7068688379083917
2018-07-31,7.9,-0.3955062073003944,0.677702171241725
2018-08-01,7.866666666666666,-0.36952322557883416,0.6643688379083917
2018-08-02,7.5,-0.3412890172864029,0.6504799490195029
2018-08-03,7.866666666666666,-0.39409396004660546,0.6782577267972806
2018-08-04,7.766666666666667,-0.4077667644816997,0.6849243934639472
2018-08-05,7.866666666666666,-0.3775062343675258,0.6682577267972806
2018-08-06,8.1,-0.385022945986691,0.6732577267972807
2018-08-07,8.1,-0.4172319578990369,0.6899243934639473
2018-08-08,8.066666666666666,-0.38395834047248256,0.656591060130614
2018-08-09,7.9,-0.37854723611126634,0.636591060130614
2018-08-10,7.833333333333333,-0.3457797306641965,0.6032577267972806
2018-08-11,7.733333333333333,-0.3127385269799195,0.5699243934639473
2018-08-12,7.766666666666667,-0.324538351217743,0.5699243934639473
2018-08-13,7.633333333333334,-0.33602759485758305,0.5754799490195028
2018-08-14,7.566666666666666,-0.3358399465214904,0.5588132823528362
2018-08-15,7.7,-0.3584551064039299,0.5699243934639473
2018-08-16,7.5,-0.38349761127084775,0.5832577267972805
2018-08-17,7.1,-0.39910497945276113,0.5909500344895882
2018-08-18,7.066666666666666,-0.40640884619680256,0.5909500344895882
2018-08-19,6.5,-0.40928912869233863,0.5772245442935098
2018-08-20,5.433333333333334,-0.43172413052560893,0.5883356554046208
2018-08-21,3.8,-0.45730919496980976,0.6007239057239057
2018-08-22,3.2666666666666666,-0.4616558322982756,0.6023905723905724
2018-08-23,3.0,-0.4698617103705904,0.6060942760942761
2018-08-24,3.0,-0.43685770362715926,0.5894276094276094
2018-08-25,3.2,-0.4362812364021134,0.59003367003367
2018-08-26,3.2,-0.4688843373377315,0.6067003367003367
2018-08-27,3.6,-0.49097689644355164,0.6344781144781144
2018-08-28,3.566666666666667,-0.46725253120917665,0.6011447811447811
2018-08-29,3.2333333333333334,-0.48484217128468693,0.6102356902356902
2018-08-30,3.2333333333333334,-0.48484217128468693,0.6102356902356902
2018-08-31,3.066666666666667,-0.4779685902725968,0.5902356902356903
2018-09-01,3.033333333333333,-0.5111254799496445,0.5902356902356903
2018-09-02,2.6666666666666665,-0.5227474421062053,0.5957912457912458
2018-09-03,2.6,-0.4894731094239136,0.5624579124579124
2018-09-04,2.5,-0.45993794995526277,0.5457912457912458
2018-09-05,2.6666666666666665,-0.4467441010313427,0.5384383046147753
2018-09-06,2.966666666666667,-0.43654835157511046,0.5323776985541692
2018-09-07,3.1666666666666665,-0.4585669010836291,0.560155476331947
2018-09-08,3.2333333333333334,-0.4588514904139844,0.5768221429986137
2018-09-09,3.2333333333333334,-0.4588514904139844,0.5768221429986137
2018-09-10,3.2333333333333334,-0.4588514904139844,0.5768221429986137
2018-09-11,3.2,-0.39370785355154747,0.5434888096652803
2018-09-12,3.3,-0.36476256250921957,0.530155476331947
2018-09-13,3.466666666666667,-0.37141529996776657,0.550155476331947
2018-09-14,3.3,-0.3818253452206725,0.5557110318875026
2018-09-15,3.1666666666666665,-0.34859884228558086,0.5223776985541692
2018-09-16,3.1666666666666665,-0.3485389197493667,0.5223776985541692
2018-09-17,3.1333333333333333,-0.3152711415911788,0.48904436522083583
2018-09-18,3.2,-0.32025634692361693,0.5057110318875025
2018-09-19,3.3,-0.2710538352156753,0.4807110318875025
2018-09-20,3.033333333333333,-0.27029504998553316,0.4844147355912062
2018-09-21,3.033333333333333,-0.268966457486436,0.4844147355912062
2018-09-22,3.033333333333333,-0.26896325671701155,0.4844147355912062
2018-09-23,2.966666666666667,-0.26868275229164484,0.4677480689245395
2018-09-24,2.6,-0.24738547916151699,0.44047534165181224
2018-09-25,2.533333333333333,-0.21459039265848812,0.4071420083184789
2018-09-26,2.1333333333333333,-0.19249783355266797,0.3793642305407012
2018-09-27,2.1333333333333333,-0.19249783355266797,0.3793642305407012
2018-09-28,2.1,-0.1592342495746508,0.34603089720736785
2018-09-29,2.1,-0.1592342495746508,0.34603089720736785
2018-09-30,2.566666666666667,-0.19161154413208595,0.3793642305407012
2018-10-01,3.3,-0.21813563914356587,0.4096672608437315
2018-10-02,3.3666666666666667,-0.21791349197021417,0.4096672608437315
2018-10-03,3.433333333333333,-0.25078104282012875,0.44300059417706483
2018-10-04,3.433333333333333,-0.2576436196227004,0.44300059417706483
2018-10-05,2.8666666666666667,-0.25514230626357065,0.42535353535353543
2018-10-06,2.5,-0.23284697774039723,0.39808080808080815
2018-10-07,2.3,-0.21082842823187858,0.37030303030303036
2018-10-08,2.2333333333333334,-0.21054383890152326,0.3536363636363637
2018-10-09,2.3,-0.23916731949965506,0.386969696969697
2018-10-10,2.3333333333333335,-0.21231575286706636,0.386969696969697
2018-10-11,2.3,-0.24435222622077019,0.386969696969697
2018-10-12,2.2333333333333334,-0.27228302700307977,0.4003030303030304
2018-10-13,2.1333333333333333,-0.2730282054641547,0.3969696969696971
2018-10-14,2.1,-0.239983543385933,0.3636363636363637
2018-10-15,2.1333333333333333,-0.2733045743205847,0.3969696969696971
2018-10-16,2.1,-0.24006620906777199,0.3636363636363637
2018-10-17,2.1333333333333333,-0.27337198717382566,0.3969696969696971
2018-10-18,2.066666666666667,-0.26838678184138753,0.3803030303030304
2018-10-19,1.9333333333333333,-0.28455960018423215,0.37196969696969706
2018-10-20,1.9,-0.2596914138693314,0.33863636363636374
2018-10-21,1.7666666666666666,-0.2436740906336607,0.3136363636363637
2018-10-22,1.7333333333333334,-0.21035443259266035,0.2803030303030304
2018-10-23,1.7333333333333334,-0.21035443259266035,0.2803030303030304
2018-10-24,1.8333333333333333,-0.2239854717882509,0.3025252525252526
2018-10-25,1.8666666666666667,-0.19119204130093603,0.3025252525252526
2018-10-26,1.8666666666666667,-0.19119204130093603,0.3025252525252526
2018-10-27,1.8666666666666667,-0.19119204130093603,0.3025252525252526
2018-10-28,1.8666666666666667,-0.19119204130093603,0.3025252525252526
2018-10-29,1.8666666666666667,-0.19119204130093603,0.3025252525252526
2018-10-30,1.4,-0.15881474674350085,0.26919191919191926
2018-10-31,0.6666666666666666,-0.13229065173202093,0.23888888888888896
2018-11-01,0.6333333333333333,-0.13225331405798596,0.23888888888888893
2018-11-02,0.5666666666666667,-0.09938576320807142,0.2055555555555556
2018-11-03,0.5333333333333333,-0.12168390850226088,0.2055555555555556
2018-11-04,0.6333333333333333,-0.09397178457842935,0.2055555555555556
2018-11-05,0.6666666666666666,-0.12712084419197509,0.23888888888888893
2018-11-06,0.7666666666666667,-0.13577108879884087,0.2611111111111112
2018-11-07,0.7666666666666667,-0.13577108879884087,0.2611111111111112
2018-11-08,0.7,-0.10714760820070905,0.22777777777777786
2018-11-09,0.7333333333333333,-0.10460139413674675,0.22777777777777786
2018-11-10,0.7666666666666667,-0.1367277890443802,0.2611111111111112
2018-11-11,0.6666666666666666,-0.10469037128819361,0.22777777777777786
2018-11-12,0.6,-0.09729245536857183,0.2111111111111112
2018-11-13,0.6,-0.09729245536857183,0.2111111111111112
2018-11-14,0.5666666666666667,-0.06397142443392013,0.17777777777777787
2018-11-15,0.5666666666666667,-0.06397142443392013,0.17777777777777787
2018-11-16,0.5333333333333333,-0.030665646327866464,0.14444444444444451
2018-11-17,0.5333333333333333,-0.030665646327866464,0.14444444444444451
2018-11-18,0.5333333333333333,-0.030665646327866464,0.14444444444444451
2018-11-19,0.5666666666666667,-0.06396322283479904,0.17777777777777787
2018-11-20,0.5666666666666667,-0.06396322283479904,0.17777777777777787
2018-11-21,0.7,-0.09723941816223994,0.2111111111111112
2018-11-22,0.7,-0.09723941816223994,0.2111111111111112
2018-11-23,0.6666666666666666,-0.1168788701295853,0.2222222222222223
2018-11-24,0.6333333333333333,-0.14967230061690015,0.2222222222222223
2018-11-25,0.8666666666666667,-0.17510940503506436,0.25079365079365085
2018-11-26,0.9,-0.2072067665202277,0.2841269841269842
2018-11-27,0.9333333333333333,-0.23126187395481837,0.3174603174603175
2018-11-28,0.9333333333333333,-0.23126187395481837,0.3174603174603175
2018-11-29,0.9333333333333333,-0.23126187395481837,0.3174603174603175
2018-11-30,0.9333333333333333,-0.23126187395481837,0.3174603174603175
2018-12-01,0.9,-0.23156191380251023,0.3174603174603175
2018-12-02,0.9,-0.23156191380251023,0.3174603174603175
2018-12-03,0.9,-0.23156191380251023,0.3174603174603175
2018-12-04,0.8,-0.2592740377263417,0.3174603174603175
2018-12-05,0.7666666666666667,-0.226124978112796,0.2841269841269842
2018-12-06,0.6666666666666666,-0.21747473350593025,0.261904761904762
2018-12-07,0.6666666666666666,-0.21747473350593025,0.261904761904762
2018-12-08,0.6666666666666666,-0.21747473350593025,0.261904761904762
2018-12-09,0.6333333333333333,-0.27944293987183344,0.29523809523809524
2018-12-10,0.6,-0.2473165449642,0.261904761904762
2018-12-11,0.6,-0.2473165449642,0.261904761904762
2018-12-12,0.7666666666666667,-0.2793639442466554,0.29523809523809524
2018-12-13,0.7666666666666667,-0.2793639442466554,0.29523809523809524
2018-12-14,0.8666666666666667,-0.3124827035078927,0.32857142857142857
2018-12-15,0.8666666666666667,-0.3124827035078927,0.32857142857142857
2018-12-16,0.8666666666666667,-0.3124827035078927,0.32857142857142857
2018-12-17,0.9333333333333333,-0.3457302389353041,0.3619047619047619
2018-12-18,1.0,-0.3395271219620629,0.3785714285714286
2018-12-19,0.9666666666666667,-0.3062295454551303,0.34523809523809523
2018-12-20,0.9666666666666667,-0.3062295454551303,0.34523809523809523
2018-12-21,0.8333333333333334,-0.27295335012768945,0.3119047619047619
2018-12-22,0.8333333333333334,-0.27295335012768945,0.3119047619047619
2018-12-23,0.7666666666666667,-0.23968285896475355,0.2785714285714286
2018-12-24,0.8,-0.27243824976777276,0.3119047619047619
2018-12-25,0.6333333333333333,-0.24524541205830044,0.3
2018-12-26,0.6,-0.21314805057313707,0.26666666666666666
2018-12-27,0.5666666666666667,-0.1890929431385464,0.2333333333333334
2018-12-28,0.5666666666666667,-0.1890929431385464,0.2333333333333334
2018-12-29,0.5666666666666667,-0.1890929431385464,0.2333333333333334
2018-12-30,0.6,-0.15640557116932338,0.2333333333333334
2018-12-31,0.5666666666666667,-0.12309328820970326,0.20000000000000007
2019-01-01,0.7666666666666667,-0.13314949346913232,0.2222222222222223
2019-01-02,0.9333333333333333,-0.13991056316428716,0.24222222222222228
2019-01-03,1.1,-0.17213582469357386,0.27555555555555566
2019-01-04,1.1666666666666667,-0.20510372989707523,0.308888888888889
2019-01-05,1.1666666666666667,-0.20510372989707523,0.308888888888889
2019-01-06,1.1666666666666667,-0.20510372989707523,0.308888888888889
2019-01-07,1.2,-0.23839230808946824,0.3422222222222223
2019-01-08,1.1666666666666667,-0.205821882420116,0.308888888888889
2019-01-09,1.1666666666666667,-0.205821882420116,0.308888888888889
2019-01-10,1.1666666666666667,-0.205821882420116,0.308888888888889
2019-01-11,1.0,-0.17377448313766056,0.27555555555555566
2019-01-12,1.0,-0.17377448313766056,0.27555555555555566
2019-01-13,0.9,-0.14065572387642333,0.24222222222222228
2019-01-14,0.9333333333333333,-0.17376026279396484,0.27555555555555566
2019-01-15,1.0,-0.17885226276185778,0.2922222222222223
2019-01-16,0.9333333333333333,-0.1456047273344464,0.25888888888888895
2019-01-17,0.8666666666666667,-0.15180784430768757,0.24222222222222228
2019-01-18,1.0,-0.18506090160873204,0.27555555555555566
2019-01-19,1.0333333333333334,-0.21817120230860182,0.308888888888889
2019-01-20,1.1,-0.2514195483591822,0.3422222222222223
2019-01-21,1.1,-0.2514195483591822,0.3422222222222223
2019-01-22,1.1,-0.2514195483591822,0.3422222222222223
2019-01-23,1.0666666666666667,-0.21866415755616295,0.308888888888889
2019-01-24,1.0,-0.22041989084747104,0.2922222222222223
2019-01-25,1.0,-0.22041989084747104,0.2922222222222223
2019-01-26,1.0,-0.22041989084747104,0.2922222222222223
2019-01-27,1.0666666666666667,-0.22228795604573356,0.308888888888889
2019-01-28,1.0666666666666667,-0.22228795604573356,0.308888888888889
2019-01-29,1.1666666666666667,-0.2714842991696464,0.33388888888888896
2019-01-30,1.2333333333333334,-0.30404154029157426,0.3672222222222223
2019-01-31,1.0333333333333334,-0.2939853350321452,0.34500000000000003
2019-02-01,0.8666666666666667,-0.2872242653369904,0.325
2019-02-02,0.7,-0.25499900380770363,0.2916666666666667
2019-02-03,0.6333333333333333,-0.22203109860420228,0.2583333333333334
2019-02-04,0.6333333333333333,-0.22203109860420228,0.2583333333333334
2019-02-05,0.8333333333333334,-0.2544134421481027,0.29166666666666674
2019-02-06,0.8,-0.2211248639557097,0.2583333333333334
2019-02-07,0.8,-0.2211248639557097,0.2583333333333334
2019-02-08,0.8,-0.2211248639557097,0.2583333333333334
2019-02-09,0.8,-0.2211248639557097,0.2583333333333334
2019-02-10,0.8,-0.2211248639557097,0.2583333333333334
2019-02-11,0.8,-0.2211248639557097,0.2583333333333334
2019-02-12,0.8,-0.2211248639557097,0.2583333333333334
2019-02-13,0.7666666666666667,-0.1880203250381682,0.22500000000000006
2019-02-14,0.7,-0.18292832507027523,0.2083333333333334
2019-02-15,0.9333333333333333,-0.17815984676754668,0.2226190476190477
2019-02-16,0.9333333333333333,-0.17815984676754665,0.2226190476190477
2019-02-17,0.8,-0.14490678946650218,0.18928571428571436
2019-02-18,0.7666666666666667,-0.11179648876663241,0.155952380952381
2019-02-19,0.7333333333333333,-0.11186722855246257,0.155952380952381
2019-02-20,0.7666666666666667,-0.1451173955249408,0.18928571428571436
2019-02-21,0.7666666666666667,-0.1451173955249408,0.18928571428571436
2019-02-22,0.7666666666666667,-0.1451173955249408,0.18928571428571436
2019-02-23,0.7666666666666667,-0.1451173955249408,0.18928571428571436
2019-02-24,0.7666666666666667,-0.1451173955249408,0.18928571428571436
2019-02-25,0.7666666666666667,-0.1451173955249408,0.18928571428571436
2019-02-26,0.7,-0.14324933032667828,0.1726190476190477
2019-02-27,0.7333333333333333,-0.1763794654655078,0.20595238095238103
2019-02-28,0.6,-0.15987049431081804,0.18095238095238103
2019-03-01,0.5333333333333333,-0.12731325318889014,0.14761904761904768
2019-03-02,0.5333333333333333,-0.12731325318889014,0.14761904761904768
2019-03-03,0.5333333333333333,-0.12731325318889014,0.14761904761904768
2019-03-04,0.5666666666666667,-0.09417746355609288,0.14761904761904768
2019-03-05,0.5666666666666667,-0.09417746355609288,0.14761904761904768
2019-03-06,0.5666666666666667,-0.09417746355609288,0.14761904761904768
2019-03-07,0.36666666666666664,-0.06179512001219252,0.11428571428571435
2019-03-08,0.36666666666666664,-0.06179512001219251,0.11428571428571435
2019-03-09,0.36666666666666664,-0.06179512001219251,0.11428571428571435
2019-03-10,0.36666666666666664,-0.06179512001219251,0.11428571428571435
2019-03-11,0.36666666666666664,-0.06179512001219251,0.11428571428571435
2019-03-12,0.36666666666666664,-0.06179512001219251,0.11428571428571435
2019-03-13,0.36666666666666664,-0.06179512001219251,0.11428571428571435
2019-03-14,0.36666666666666664,-0.06179512001219251,0.11428571428571435
2019-03-15,0.36666666666666664,-0.06179512001219251,0.11428571428571435
2019-03-16,0.4,-0.09511745827538627,0.14761904761904768
2019-03-17,0.2,-0.1329821010430654,0.1666666666666667
2019-03-18,0.23333333333333334,-0.16627182165781657,0.20000000000000007
2019-03-19,0.23333333333333334,-0.16627182165781657,0.20000000000000007
2019-03-20,0.23333333333333334,-0.16627182165781657,0.20000000000000007
2019-03-21,0.2,-0.13295273582140607,0.1666666666666667
2019-03-22,0.16666666666666666,-0.09970256884892784,0.1333333333333334
2019-03-23,0.16666666666666666,-0.09970256884892784,0.1333333333333334
2019-03-24,0.16666666666666666,-0.09970256884892784,0.1333333333333334
2019-03-25,0.16666666666666666,-0.09970256884892784,0.1333333333333334
2019-03-26,0.16666666666666666,-0.09970256884892784,0.1333333333333334
2019-03-27,0.16666666666666666,-0.09970256884892784,0.1333333333333334
2019-03-28,0.16666666666666666,-0.09970256884892784,0.1333333333333334
2019-03-29,0.13333333333333333,-0.06657243371009829,0.10000000000000006
2019-03-30,0.13333333333333333,-0.06657243371009829,0.10000000000000006
2019-03-31,0.13333333333333333,-0.06657243371009829,0.10000000000000006
2019-04-01,0.13333333333333333,-0.06657243371009829,0.10000000000000006
2019-04-02,0.13333333333333333,-0.06657243371009829,0.10000000000000006
2019-04-03,0.1,-0.09970822334289552,0.10000000000000006
2019-04-04,0.1,-0.09970822334289552,0.10000000000000006
2019-04-05,0.1,-0.09970822334289552,0.10000000000000006
2019-04-06,0.1,-0.09970822334289552,0.10000000000000006
2019-04-07,0.16666666666666666,-0.06786419053872428,0.10000000000000006
2019-04-08,0.2,-0.10118367771307629,0.1333333333333334
2019-04-09,0.2,-0.10118367771307629,0.1333333333333334
2019-04-10,0.23333333333333334,-0.1321085999409358,0.1666666666666667
2019-04-11,0.3,-0.16372537712256113,0.20000000000000007
2019-04-12,0.3333333333333333,-0.19704923530419668,0.2333333333333334
2019-04-13,0.3333333333333333,-0.19704923530419668,0.2333333333333334
2019-04-14,0.3333333333333333,-0.19704923530419668,0.2333333333333334
2019-04-15,0.3,-0.1637268970410029,0.20000000000000007
2019-04-16,0.43333333333333335,-0.12519274652004245,0.18000000000000005
2019-04-17,0.4666666666666667,-0.12522378762563072,0.18000000000000008
2019-04-18,0.4666666666666667,-0.12522378762563072,0.18000000000000008
2019-04-19,0.4666666666666667,-0.12522378762563072,0.18000000000000008
2019-04-20,0.4666666666666667,-0.12522378762563072,0.18000000000000008
2019-04-21,0.4666666666666667,-0.12522378762563072,0.18000000000000008
2019-04-22,0.4666666666666667,-0.12522378762563072,0.18000000000000008
2019-04-23,0.4666666666666667,-0.12522378762563072,0.18000000000000008
2019-04-24,0.4666666666666667,-0.12522378762563072,0.18000000000000008
2019-04-25,0.4666666666666667,-0.12522378762563072,0.18000000000000008
2019-04-26,0.4666666666666667,-0.12522378762563072,0.18000000000000008
2019-04-27,0.5,-0.09314333597819012,0.18000000000000008
2019-04-28,0.5666666666666667,-0.1263812949260076,0.2133333333333334
2019-04-29,0.5666666666666667,-0.1263812949260076,0.2133333333333334
2019-04-30,0.5666666666666667,-0.1263812949260076,0.2133333333333334
2019-05-01,0.5666666666666667,-0.1263812949260076,0.2133333333333334
2019-05-02,0.5666666666666667,-0.1263812949260076,0.2133333333333334
2019-05-03,0.5666666666666667,-0.1263812949260076,0.2133333333333334
2019-05-04,0.6333333333333333,-0.13089940249919893,0.23000000000000007
2019-05-05,0.6333333333333333,-0.13089940249919893,0.23000000000000007
2019-05-06,0.6333333333333333,-0.13089940249919893,0.23000000000000007
2019-05-07,0.6,-0.13780607183774313,0.23000000000000007
2019-05-08,0.5666666666666667,-0.10448658466339113,0.19666666666666674
2019-05-09,0.5666666666666667,-0.10448658466339113,0.19666666666666674
2019-05-10,0.5333333333333333,-0.07356166243553162,0.1633333333333334
2019-05-11,0.5,-0.07503754893938702,0.1633333333333334
2019-05-12,0.4666666666666667,-0.04171369075775148,0.13000000000000006
2019-05-13,0.4666666666666667,-0.04171369075775148,0.13000000000000006
2019-05-14,0.7333333333333333,-0.044925079991420126,0.14666666666666675
2019-05-15,1.4,-0.0658046350379785,0.1733333333333334
2019-05-16,1.2666666666666666,-0.04630525762836139,0.16000000000000006
2019-05-17,1.2,-0.012984495908021943,0.12666666666666673
2019-05-18,1.2666666666666666,-0.016882128069798167,0.1433333333333334
2019-05-19,1.2666666666666666,-0.016882128069798167,0.1433333333333334
2019-05-20,1.3,-0.04752218380570413,0.17666666666666672
2019-05-21,1.3,-0.04752218380570413,0.17666666666666672
2019-05-22,1.3,-0.04752218380570413,0.17666666666666672
2019-05-23,1.3,-0.04752218380570413,0.17666666666666672
2019-05-24,1.3,-0.04752218380570413,0.17666666666666672
2019-05-25,1.3,-0.04752218380570413,0.17666666666666672
2019-05-26,1.3,-0.04752218380570413,0.17666666666666672
2019-05-27,1.2666666666666666,-0.07960263545314472,0.17666666666666672
2019-05-28,1.2,-0.04636467650532724,0.1433333333333334
2019-05-29,1.4333333333333333,-0.05413937609110561,0.16238095238095246
2019-05-30,1.4666666666666666,-0.08741343260520983,0.19571428571428579
2019-05-31,1.6,-0.11648659845902808,0.2290476190476191
2019-06-01,1.6333333333333333,-0.14956700345590004,0.26238095238095244
2019-06-02,1.6666666666666667,-0.180207059191806,0.29571428571428576
2019-06-03,1.6,-0.17568895161861467,0.2790476190476191
2019-06-04,1.6,-0.17568895161861467,0.2790476190476191
2019-06-05,1.6666666666666667,-0.14303135614309995,0.2790476190476191
2019-06-06,1.6333333333333333,-0.16796871960872697,0.2790476190476191
2019-06-07,1.6333333333333333,-0.16796871960872697,0.2790476190476191
2019-06-08,1.6333333333333333,-0.16796871960872697,0.2790476190476191
2019-06-09,1.6666666666666667,-0.20128097872648923,0.3123809523809525
2019-06-10,1.6333333333333333,-0.16818831504100848,0.2790476190476191
2019-06-11,1.7,-0.1723769748281865,0.29571428571428576
2019-06-12,1.8,-0.16683795823700848,0.30682539682539683
2019-06-13,1.6,-0.1655770108009142,0.30682539682539683
2019-06-14,1.0,-0.17783698359179118,0.3134920634920635
2019-06-15,0.9666666666666667,-0.2027743470574182,0.3134920634920635
2019-06-16,0.9666666666666667,-0.2027743470574182,0.3134920634920635
2019-06-17,0.9,-0.198876714895642,0.2968253968253968
2019-06-18,0.9,-0.198876714895642,0.2968253968253968
2019-06-19,0.9,-0.1370103102827829,0.26349206349206356
2019-06-20,1.2333333333333334,-0.16169580180493612,0.2934920634920636
2019-06-21,1.5333333333333334,-0.17213510521189876,0.3157142857142858
2019-06-22,1.5333333333333334,-0.17213510521189876,0.3157142857142858
2019-06-23,1.5333333333333334,-0.17213510521189876,0.3157142857142858
2019-06-24,1.5333333333333334,-0.17213510521189876,0.3157142857142858
2019-06-25,1.5333333333333334,-0.17213510521189876,0.3157142857142858
2019-06-26,1.5666666666666667,-0.20545420694288122,0.3490476190476191
2019-06-27,1.5666666666666667,-0.20545420694288122,0.3490476190476191
2019-06-28,1.3333333333333333,-0.19767950735710288,0.33000000000000007
2019-06-29,1.3,-0.16440545084299868,0.29666666666666675
2019-06-30,1.2666666666666666,-0.1237568212438513,0.27444444444444455
2019-07-01,1.5333333333333334,-0.11490535731668826,0.2707407407407408
2019-07-02,1.5333333333333334,-0.11754955247596459,0.2707407407407408
2019-07-03,1.5666666666666667,-0.08485635315930402,0.2707407407407408
2019-07-04,1.5666666666666667,-0.08485635315930402,0.2707407407407408
2019-07-05,1.5,-0.11751394863481875,0.2707407407407408
2019-07-06,1.5666666666666667,-0.11823144948040998,0.28740740740740744
2019-07-07,1.5666666666666667,-0.11823144948040998,0.28740740740740744
2019-07-08,1.5666666666666667,-0.11823144948040998,0.28740740740740744
2019-07-09,1.5666666666666667,-0.1182390073493675,0.28740740740740744
2019-07-10,1.6,-0.1515511512314832,0.32074074074074077
2019-07-11,1.5333333333333334,-0.14736249144430513,0.3040740740740741
2019-07-12,1.4666666666666666,-0.12574190658551673,0.292962962962963
2019-07-13,1.4,-0.12379146478794241,0.2762962962962963
2019-07-14,1.3666666666666667,-0.12396851740501548,0.2762962962962963
2019-07-15,1.3666666666666667,-0.12396851740501548,0.2762962962962963
2019-07-16,1.3666666666666667,-0.12396851740501548,0.2762962962962963
2019-07-17,1.3666666666666667,-0.12396851740501548,0.2762962962962963
2019-07-18,1.3666666666666667,-0.12396851740501548,0.2762962962962963
2019-07-19,1.3333333333333333,-0.1551948662819686,0.2762962962962963
2019-07-20,1.1,-0.16368009801264163,0.27962962962962973
2019-07-21,0.8,-0.153240794605679,0.2574074074074075
2019-07-22,0.8,-0.153240794605679,0.2574074074074075
2019-07-23,0.8,-0.153240794605679,0.2574074074074075
2019-07-24,0.8666666666666667,-0.15096430646048653,0.2740740740740741
2019-07-25,0.8666666666666667,-0.15096430646048653,0.2740740740740741
2019-07-26,0.8333333333333334,-0.11764520472950407,0.2407407407407408
2019-07-27,0.8333333333333334,-0.11764520472950407,0.2407407407407408
2019-07-28,0.8333333333333334,-0.11764520472950407,0.2407407407407408
2019-07-29,1.0,-0.1473924130863614,0.2740740740740741
2019-07-30,0.9333333333333333,-0.1920355562369029,0.2962962962962964
2019-07-31,0.6333333333333333,-0.16780661516719395,0.2666666666666667
2019-08-01,0.6,-0.13452236427201167,0.2333333333333334
2019-08-02,0.5666666666666667,-0.16721556358867223,0.2333333333333334
2019-08-03,0.5666666666666667,-0.16721556358867223,0.2333333333333334
2019-08-04,0.5666666666666667,-0.16721556358867223,0.2333333333333334
2019-08-05,0.5,-0.16649806274308102,0.21666666666666673
2019-08-06,0.5,-0.16649806274308102,0.21666666666666673
2019-08-07,0.5,-0.16649806274308102,0.21666666666666673
2019-08-08,0.4666666666666667,-0.13317824575636122,0.1833333333333334
2019-08-09,0.43333333333333335,-0.09986610187424555,0.15000000000000005
2019-08-10,0.43333333333333335,-0.09986610187424555,0.15000000000000005
2019-08-11,0.4666666666666667,-0.15557322674327428,0.1833333333333334
2019-08-12,0.4666666666666667,-0.15557322674327428,0.1833333333333334
2019-08-13,0.43333333333333335,-0.12225664628876581,0.15000000000000005
2019-08-14,0.43333333333333335,-0.12225664628876581,0.15000000000000005
2019-08-15,0.43333333333333335,-0.12225664628876581,0.15000000000000005
2019-08-16,0.43333333333333335,-0.12225664628876581,0.15000000000000005
2019-08-17,0.4666666666666667,-0.08914318058225845,0.15000000000000005
2019-08-18,0.4666666666666667,-0.08914318058225845,0.15000000000000005
2019-08-19,0.36666666666666664,-0.05597245732943217,0.11666666666666672
2019-08-20,0.4,-0.08929240544637045,0.15000000000000005
2019-08-21,0.4,-0.08929240544637045,0.15000000000000005
2019-08-22,0.5,-0.07821817172898188,0.16111111111111115
2019-08-23,0.43333333333333335,-0.08049465987417434,0.1444444444444445
2019-08-24,0.43333333333333335,-0.08049465987417434,0.1444444444444445
2019-08-25,0.43333333333333335,-0.08049465987417434,0.1444444444444445
2019-08-26,0.43333333333333335,-0.08049465987417434,0.1444444444444445
2019-08-27,0.43333333333333335,-0.08049465987417434,0.1444444444444445
2019-08-28,0.3333333333333333,-0.017724245124393058,0.11111111111111116
2019-08-29,0.3333333333333333,-0.017800060245725856,0.11111111111111116
2019-08-30,0.3333333333333333,-0.017800060245725856,0.11111111111111116
2019-08-31,0.3333333333333333,-0.017800060245725856,0.11111111111111116
2019-09-01,0.3333333333333333,-0.017800060245725856,0.11111111111111116
2019-09-02,0.3333333333333333,-0.017800060245725856,0.11111111111111116
2019-09-03,0.3333333333333333,-0.017800060245725856,0.11111111111111116
2019-09-04,0.3333333333333333,-0.017800060245725856,0.11111111111111116
2019-09-05,0.3333333333333333,-0.017800060245725856,0.11111111111111116
2019-09-06,0.3333333333333333,-0.017800060245725856,0.11111111111111116
2019-09-07,0.3333333333333333,-0.017800060245725856,0.11111111111111116
2019-09-08,0.3333333333333333,-0.017800060245725856,0.11111111111111116
2019-09-09,0.43333333333333335,-0.05107502871089512,0.1444444444444445
2019-09-10,0.5333333333333333,-0.04248937461111282,0.13777777777777783
2019-09-11,1.2,-0.06107221934530472,0.1644444444444445
2019-09-12,1.3,-0.09405139909850228,0.19777777777777786
2019-09-13,1.4333333333333333,-0.12726099418269265,0.23111111111111118
2019-09-14,1.4666666666666666,-0.16057270096407997,0.26444444444444454
2019-09-15,1.4666666666666666,-0.16057270096407997,0.26444444444444454
2019-09-16,1.4333333333333333,-0.19368616667058733,0.26444444444444454
2019-09-17,1.4333333333333333,-0.19368616667058733,0.26444444444444454
2019-09-18,1.4333333333333333,-0.19368616667058733,0.26444444444444454
2019-09-19,1.4,-0.16036621855364908,0.23111111111111118
2019-09-20,1.4,-0.16036621855364908,0.23111111111111118
2019-09-21,1.3,-0.17144045227103763,0.22000000000000006
2019-09-22,1.3333333333333333,-0.13811779611640507,0.22000000000000006
2019-09-23,1.4,-0.1714183737172021,0.25333333333333335
2019-09-24,1.5,-0.16365119642681547,0.26444444444444454
2019-09-25,1.5,-0.16365119642681547,0.26444444444444454
2019-09-26,1.5,-0.16365119642681547,0.26444444444444454
2019-09-27,1.5,-0.1648853811290529,0.26444444444444454
2019-09-28,1.4666666666666666,-0.13174188660250769,0.23111111111111118
2019-09-29,1.4666666666666666,-0.1317418866025077,0.23111111111111118
2019-09-30,1.4666666666666666,-0.1317418866025077,0.23111111111111118
2019-10-01,1.4666666666666666,-0.1317418866025077,0.23111111111111118
2019-10-02,1.4666666666666666,-0.1317418866025077,0.23111111111111118
2019-10-03,1.4666666666666666,-0.1317418866025077,0.23111111111111118
2019-10-04,1.4666666666666666,-0.1317418866025077,0.23111111111111118
2019-10-05,1.4666666666666666,-0.1317418866025077,0.23111111111111118
2019-10-06,1.4666666666666666,-0.1317418866025077,0.23111111111111118
2019-10-07,1.4666666666666666,-0.1317418866025077,0.23111111111111118
2019-10-08,1.4666666666666666,-0.1317418866025077,0.23111111111111118
2019-10-09,1.3666666666666667,-0.09846691813733845,0.19777777777777786
2019-10-10,1.2,-0.07850504881805845,0.17111111111111119
2019-10-11,0.5333333333333333,-0.059922204083866545,0.14444444444444451
2019-10-12,0.4666666666666667,-0.059075908197297,0.1444444444444445
2019-10-13,0.5333333333333333,-0.039245317710770514,0.1333333333333334
2019-10-14,0.5,-0.005933610929383182,0.10000000000000006
2019-10-15,0.5,-0.005933610929383182,0.10000000000000006
2019-10-16,0.6666666666666666,-0.011810258560710492,0.12000000000000005
2019-10-17,0.6666666666666666,-0.011810258560710492,0.12000000000000005
2019-10-18,0.6666666666666666,-0.011810258560710492,0.12000000000000005
2019-10-19,0.6666666666666666,-0.011810258560710492,0.12000000000000005
2019-10-20,0.6666666666666666,-0.011810258560710492,0.12000000000000005
2019-10-21,0.7,-0.044423603547943974,0.15333333333333338
2019-10-22,0.6666666666666666,-0.07774625970257655,0.15333333333333338
2019-10-23,0.6,-0.04444568210177953,0.12000000000000005
2019-10-24,0.5,-0.05221285939216614,0.10888888888888895
2019-10-25,0.5,-0.05221285939216614,0.10888888888888895
2019-10-26,0.5,-0.05221285939216614,0.10888888888888895
2019-10-27,0.43333333333333335,-0.08400188108285268,0.10888888888888895
2019-10-28,0.43333333333333335,-0.08400188108285268,0.10888888888888895
2019-10-29,0.43333333333333335,-0.08400188108285268,0.10888888888888895
2019-10-30,0.43333333333333335,-0.08400188108285268,0.10888888888888895
2019-10-31,0.43333333333333335,-0.08400188108285268,0.10888888888888895
2019-11-01,0.43333333333333335,-0.08400188108285268,0.10888888888888895
2019-11-02,0.43333333333333335,-0.08400188108285268,0.10888888888888895
2019-11-03,0.43333333333333335,-0.08400188108285268,0.10888888888888895
2019-11-04,0.43333333333333335,-0.08400188108285268,0.10888888888888895
2019-11-05,0.6666666666666666,-0.10125956697123392,0.13269841269841273
2019-11-06,1.1,-0.13434678982247364,0.16603174603174609
2019-11-07,1.1,-0.13434678982247364,0.16603174603174609
2019-11-08,1.4,-0.15964450619280898,0.1956613756613757
2019-11-09,1.4,-0.15964450619280898,0.1956613756613757
2019-11-10,1.4333333333333333,-0.1929248986806528,0.22899470899470903
2019-11-11,1.5333333333333334,-0.1937122432555811,0.22899470899470903
2019-11-12,1.3333333333333333,-0.1803332386579172,0.20677248677248683
2019-11-13,1.3333333333333333,-0.1803332386579172,0.20677248677248683
2019-11-14,1.3333333333333333,-0.1803332386579172,0.20677248677248683
2019-11-15,1.1666666666666667,-0.17445659102658992,0.1867724867724868
2019-11-16,1.1666666666666667,-0.17445659102658992,0.1867724867724868
2019-11-17,1.1666666666666667,-0.17445659102658992,0.1867724867724868
2019-11-18,1.1666666666666667,-0.17445659102658992,0.1867724867724868
2019-11-19,1.1666666666666667,-0.17445659102658992,0.1867724867724868
2019-11-20,1.2333333333333334,-0.15506001507236458,0.1756613756613757
2019-11-21,1.2333333333333334,-0.15506001507236458,0.1756613756613757
2019-11-22,1.2666666666666666,-0.18055096462362902,0.20899470899470904
2019-11-23,1.2666666666666666,-0.18055096462362902,0.20899470899470904
2019-11-24,1.5,-0.18672898718992484,0.2280423280423281
2019-11-25,1.5,-0.18672898718992484,0.2280423280423281
2019-11-26,1.5,-0.18672898718992484,0.2280423280423281
2019-11-27,1.5,-0.18672898718992484,0.2280423280423281
2019-11-28,1.5,-0.18672898718992484,0.2280423280423281
2019-11-29,1.5,-0.18672898718992484,0.2280423280423281
2019-11-30,1.5,-0.18672898718992484,0.2280423280423281
2019-12-01,1.5,-0.18672898718992484,0.2280423280423281
2019-12-02,1.5,-0.18672898718992484,0.2280423280423281
2019-12-03,1.5,-0.18672898718992484,0.2280423280423281
2019-12-04,1.5333333333333334,-0.22002942273298515,0.26137566137566143
2019-12-05,1.3666666666666667,-0.2049722519161549,0.25423280423280425
2019-12-06,0.9333333333333333,-0.17188502906491518,0.22089947089947096
2019-12-07,0.9333333333333333,-0.17188502906491518,0.22089947089947096
2019-12-08,0.6333333333333333,-0.14658731269457986,0.19126984126984134
2019-12-09,0.6333333333333333,-0.14658731269457986,0.19126984126984134
2019-12-10,0.6,-0.11330692020673601,0.15793650793650799
2019-12-11,0.5333333333333333,-0.1136380130809451,0.15793650793650799
2019-12-12,0.6333333333333333,-0.10376564013579535,0.16904761904761909
2019-12-13,0.6666666666666666,-0.13645389028011806,0.20238095238095244
2019-12-14,0.6666666666666666,-0.13645389028011806,0.20238095238095244
2019-12-15,0.6666666666666666,-0.13645389028011806,0.20238095238095244
2019-12-16,0.6666666666666666,-0.13645389028011806,0.20238095238095244
2019-12-17,0.6666666666666666,-0.13645389028011806,0.20238095238095244
2019-12-18,0.6666666666666666,-0.13645389028011806,0.20238095238095244
2019-12-19,0.6666666666666666,-0.13645389028011806,0.20238095238095244
2019-12-20,0.5666666666666667,-0.12323712124710993,0.1801587301587302
2019-12-21,0.5666666666666667,-0.12323712124710993,0.1801587301587302
2019-12-22,0.5333333333333333,-0.09774617169584549,0.14682539682539686
2019-12-23,0.5333333333333333,-0.09774617169584549,0.14682539682539686
2019-12-24,0.3,-0.09156814912954966,0.12777777777777782
2019-12-25,0.3,-0.09156814912954966,0.12777777777777782
2019-12-26,0.3,-0.09156814912954966,0.12777777777777782
2019-12-27,0.3333333333333333,-0.11658632655938467,0.16111111111111115
2019-12-28,0.3333333333333333,-0.11658632655938467,0.16111111111111115
2019-12-29,0.3333333333333333,-0.11658632655938467,0.16111111111111115
2019-12-30,0.3333333333333333,-0.11658632655938467,0.16111111111111115
2019-12-31,0.3333333333333333,-0.11658632655938467,0.16111111111111115
2020-01-01,0.3333333333333333,-0.11658632655938467,0.16111111111111115
2020-01-02,0.3333333333333333,-0.11658632655938467,0.16111111111111115
2020-01-03,0.3,-0.08328589101632436,0.12777777777777782
2020-01-04,0.23333333333333334,-0.08108537594477336,0.11111111111111116
2020-01-05,0.23333333333333334,-0.08108537594477336,0.11111111111111116
2020-01-06,0.23333333333333334,-0.08108537594477336,0.11111111111111116
2020-01-07,0.23333333333333334,-0.08108537594477336,0.11111111111111116
2020-01-08,0.23333333333333334,-0.08108537594477336,0.11111111111111116
2020-01-09,0.23333333333333334,-0.08108537594477336,0.11111111111111116
2020-01-10,0.16666666666666666,-0.047834054629007985,0.07777777777777782
2020-01-11,0.06666666666666667,-0.05770642757415772,0.06666666666666672
2020-01-12,0.03333333333333333,-0.02501817742983501,0.033333333333333395
2020-01-13,0.03333333333333333,-0.02501817742983501,0.033333333333333395
2020-01-14,0.03333333333333333,-0.02501817742983501,0.033333333333333395
2020-01-15,0.03333333333333333,-0.02501817742983501,0.033333333333333395
2020-01-16,0.03333333333333333,-0.02501817742983501,0.033333333333333395
2020-01-17,0.03333333333333333,-0.02501817742983501,0.033333333333333395
2020-01-18,0.03333333333333333,-0.02501817742983501,0.033333333333333395
2020-01-19,0.03333333333333333,-0.02501817742983501,0.033333333333333395
2020-01-20,0.03333333333333333,-0.02501817742983501,0.033333333333333395
2020-01-21,0.03333333333333333,-0.02501817742983501,0.033333333333333395
2020-01-22,0.06666666666666667,-0.05832816163698833,0.06666666666666672
2020-01-23,0.13333333333333333,-0.08990701735019684,0.10000000000000006
2020-01-24,0.13333333333333333,-0.08990701735019684,0.10000000000000006
2020-01-25,0.13333333333333333,-0.08990701735019684,0.10000000000000006
2020-01-26,0.5333333333333333,-0.05796213585596819,0.07948717948717955
2020-01-27,0.5666666666666667,-0.08039399224978228,0.11282051282051288
2020-01-28,0.5666666666666667,-0.08039399224978228,0.11282051282051288
2020-01-29,0.5666666666666667,-0.08039399224978228,0.11282051282051288
2020-01-30,0.5666666666666667,-0.08039399224978228,0.11282051282051288
2020-01-31,0.5666666666666667,-0.08039399224978228,0.11282051282051288
2020-02-01,0.5666666666666667,-0.08039399224978228,0.11282051282051288
2020-02-02,0.6,-0.0471917633062754,0.11282051282051288
2020-02-03,0.7333333333333333,-0.04981006918809353,0.12948717948717955
2020-02-04,0.7333333333333333,-0.04981006918809353,0.12948717948717955
2020-02-05,0.8,-0.04978650250496009,0.14615384615384622
2020-02-06,0.8,-0.04978650250496009,0.14615384615384622
2020-02-07,0.8,-0.04978650250496009,0.14615384615384622
2020-02-08,0.8,-0.04978650250496009,0.14615384615384622
2020-02-09,0.8,-0.04978650250496009,0.14615384615384622
2020-02-10,0.8,-0.04978650250496009,0.14615384615384622
2020-02-11,0.8,-0.04978650250496009,0.14615384615384622
2020-02-12,0.8,-0.04978650250496009,0.14615384615384622
2020-02-13,0.8,-0.04978650250496009,0.14615384615384622
2020-02-14,0.8,-0.04978650250496009,0.14615384615384622
2020-02-15,0.8,-0.04978650250496009,0.14615384615384622
2020-02-16,0.8,-0.04978650250496009,0.14615384615384622
2020-02-17,0.8,-0.04978650250496009,0.14615384615384622
2020-02-18,0.8,-0.04978650250496009,0.14615384615384622
2020-02-19,0.8,-0.04978650250496009,0.14615384615384622
2020-02-20,0.8,-0.04978650250496009,0.14615384615384622
2020-02-21,0.8,-0.04975361266197303,0.14615384615384622
2020-02-22,0.7333333333333333,-0.018174756948764515,0.11282051282051288
2020-02-23,0.7333333333333333,-0.018174756948764515,0.11282051282051288
2020-02-24,0.7333333333333333,-0.018174756948764515,0.11282051282051288
2020-02-25,0.3,-0.02510146101315817,0.10000000000000006
2020-02-26,0.26666666666666666,-0.002669604619344083,0.06666666666666672
2020-02-27,0.36666666666666664,-0.013826159636179614,0.08888888888888895
2020-02-28,0.36666666666666664,-0.013826159636179614,0.08888888888888895
2020-02-29,0.36666666666666664,-0.013826159636179614,0.08888888888888895
2020-03-01,0.36666666666666664,-0.013826159636179614,0.08888888888888895
2020-03-02,0.36666666666666664,-0.013826159636179614,0.08888888888888895
2020-03-03,0.3333333333333333,-0.04702838857968649,0.08888888888888895
2020-03-04,0.2,-0.04441008269786836,0.07222222222222227
2020-03-05,0.2,-0.04441008269786836,0.07222222222222227
2020-03-06,0.13333333333333333,-0.0444336493810018,0.05555555555555561
2020-03-07,0.13333333333333333,-0.0444336493810018,0.05555555555555561
2020-03-08,0.13333333333333333,-0.0444336493810018,0.05555555555555561
2020-03-09,0.16666666666666666,-0.0690723717212677,0.08888888888888895
2020-03-10,0.16666666666666666,-0.0690723717212677,0.08888888888888895
2020-03-11,0.26666666666666666,-0.077783516380522,0.11111111111111116
2020-03-12,0.3,-0.11109182967080011,0.1444444444444445
2020-03-13,0.3,-0.11109182967080011,0.1444444444444445
2020-03-14,0.3,-0.11109182967080011,0.1444444444444445
2020-03-15,0.3,-0.11109182967080011,0.1444444444444445
2020-03-16,0.3,-0.11109182967080011,0.1444444444444445
2020-03-17,0.3,-0.11109182967080011,0.1444444444444445
2020-03-18,0.3333333333333333,-0.14441369507047866,0.17777777777777784
2020-03-19,0.3333333333333333,-0.14441369507047866,0.17777777777777784
2020-03-20,0.4,-0.17743084265126124,0.21111111111111117
2020-03-21,0.6333333333333333,-0.19744549767365532,0.23968253968253972
2020-03-22,0.6,-0.16416840330948906,0.2063492063492064
2020-03-23,0.6333333333333333,-0.13140583014677443,0.2063492063492064
2020-03-24,0.6333333333333333,-0.13140583014677443,0.2063492063492064
2020-03-25,0.6333333333333333,-0.13140583014677443,0.2063492063492064
2020-03-26,0.6333333333333333,-0.13140583014677443,0.2063492063492064
2020-03-27,0.6333333333333333,-0.13140583014677443,0.2063492063492064
2020-03-28,0.5333333333333333,-0.1202492751299389,0.18412698412698417
2020-03-29,0.5333333333333333,-0.1202492751299389,0.18412698412698417
2020-03-30,0.5333333333333333,-0.1202492751299389,0.18412698412698417
2020-03-31,0.5333333333333333,-0.1202492751299389,0.18412698412698417
2020-04-01,0.5666666666666667,-0.09531191166431187,0.18412698412698417
2020-04-02,0.6333333333333333,-0.062229150297149795,0.18412698412698417
2020-04-03,0.7333333333333333,-0.09521856747922444,0.21746031746031752
2020-04-04,0.7333333333333333,-0.09521856747922444,0.21746031746031752
2020-04-05,0.7333333333333333,-0.09521856747922444,0.21746031746031752
2020-04-06,0.7333333333333333,-0.09521856747922444,0.21746031746031752
2020-04-07,0.7333333333333333,-0.09521856747922444,0.21746031746031752
2020-04-08,0.7,-0.07057984513895853,0.1841269841269842
2020-04-09,0.7,-0.07057984513895853,0.1841269841269842
2020-04-10,0.6,-0.06186870047970425,0.16190476190476197
2020-04-11,0.5666666666666667,-0.028560387189426127,0.12857142857142864
2020-04-12,0.6,-0.06163786162459662,0.16190476190476194
2020-04-13,0.6,-0.06163786162459662,0.16190476190476194
2020-04-14,0.6,-0.06163786162459662,0.16190476190476194
2020-04-15,0.6333333333333333,-0.028614655231672628,0.16190476190476194
2020-04-16,0.6333333333333333,-0.028614655231672628,0.16190476190476194
2020-04-17,0.6,0.004707210168005919,0.12857142857142861
2020-04-18,0.6,0.004707210168005919,0.12857142857142861
2020-04-19,0.5333333333333333,0.03772435774878849,0.09523809523809529
2020-04-20,0.3,0.05773901277118258,0.06666666666666672
2020-04-21,0.3,0.05773901277118258,0.06666666666666672
2020-04-22,0.26666666666666666,0.024976439608467942,0.06666666666666672
2020-04-23,0.26666666666666666,0.024976439608467942,0.06666666666666672
2020-04-24,0.26666666666666666,0.024976439608467942,0.06666666666666672
2020-04-25,0.26666666666666666,0.024976439608467942,0.06666666666666672
2020-04-26,0.26666666666666666,0.024976439608467942,0.06666666666666672
2020-04-27,0.26666666666666666,0.024976439608467942,0.06666666666666672
2020-04-28,0.26666666666666666,0.024976439608467942,0.06666666666666672
2020-04-29,0.26666666666666666,0.024976439608467942,0.06666666666666672
2020-04-30,0.26666666666666666,0.024976439608467942,0.06666666666666672
2020-05-01,0.3333333333333333,-0.030366755856408023,0.10000000000000006
2020-05-02,0.26666666666666666,-0.06344951722357009,0.10000000000000006
2020-05-03,0.2,-0.06272823479440477,0.10000000000000006
2020-05-04,0.2,-0.06272823479440477,0.10000000000000006
2020-05-05,0.2,-0.06272823479440477,0.10000000000000006
2020-05-06,0.3,-0.09530171619521248,0.1333333333333334
2020-05-07,0.3,-0.09530171619521248,0.1333333333333334
2020-05-08,0.3,-0.09530171619521248,0.1333333333333334
2020-05-09,0.3,-0.09530171619521248,0.1333333333333334
2020-05-10,0.3,-0.09530171619521248,0.1333333333333334
2020-05-11,0.4,-0.10623264114061994,0.1555555555555556
2020-05-12,0.36666666666666664,-0.07315516670544944,0.12222222222222227
2020-05-13,0.36666666666666664,-0.07315516670544944,0.12222222222222227
2020-05-14,0.36666666666666664,-0.07315516670544944,0.12222222222222227
2020-05-15,0.3333333333333333,-0.10617837309837343,0.12222222222222227
2020-05-16,0.43333333333333335,-0.12003645499547325,0.1444444444444445
2020-05-17,0.43333333333333335,-0.12003645499547325,0.1444444444444445
2020-05-18,0.43333333333333335,-0.12003645499547325,0.1444444444444445
2020-05-19,0.43333333333333335,-0.12003645499547325,0.1444444444444445
2020-05-20,0.43333333333333335,-0.12003645499547325,0.1444444444444445
2020-05-21,0.43333333333333335,-0.12003645499547325,0.1444444444444445
2020-05-22,0.43333333333333335,-0.12003645499547325,0.1444444444444445
2020-05-23,0.43333333333333335,-0.12003645499547325,0.1444444444444445
2020-05-24,0.43333333333333335,-0.12003645499547325,0.1444444444444445
2020-05-25,0.9333333333333333,-0.13686933477719626,0.16888888888888895
2020-05-26,1.0,-0.17009601652622225,0.20222222222222228
2020-05-27,1.0,-0.17009601652622225,0.20222222222222228
2020-05-28,1.0,-0.17009601652622225,0.20222222222222228
2020-05-29,1.0,-0.17009601652622225,0.20222222222222228
2020-05-30,1.0333333333333334,-0.203396199742953,0.2355555555555556
2020-05-31,0.9333333333333333,-0.17299036774370405,0.20222222222222228
2020-06-01,0.9333333333333333,-0.17299036774370405,0.20222222222222228
2020-06-02,0.9,-0.14072223299079473,0.16888888888888895
2020-06-03,0.9333333333333333,-0.1645259200864368,0.20222222222222228
2020-06-04,0.9333333333333333,-0.1645259200864368,0.20222222222222228
2020-06-05,0.8333333333333334,-0.13195243868562911,0.16888888888888895
2020-06-06,0.8333333333333334,-0.13195243868562911,0.16888888888888895
2020-06-07,0.8333333333333334,-0.13195243868562911,0.16888888888888895
2020-06-08,0.8333333333333334,-0.13195243868562911,0.16888888888888895
2020-06-09,0.8333333333333334,-0.13195243868562911,0.16888888888888895
2020-06-10,0.7333333333333333,-0.12102151374022167,0.1466666666666667
2020-06-11,0.7333333333333333,-0.12102151374022167,0.1466666666666667
2020-06-12,0.7333333333333333,-0.12102151374022167,0.1466666666666667
2020-06-13,0.7333333333333333,-0.12102151374022167,0.1466666666666667
2020-06-14,0.7333333333333333,-0.12102151374022167,0.1466666666666667
2020-06-15,0.6333333333333333,-0.10716343184312185,0.12444444444444451
2020-06-16,0.6333333333333333,-0.10716343184312185,0.12444444444444451
2020-06-17,0.6333333333333333,-0.10716343184312185,0.12444444444444451
2020-06-18,0.6333333333333333,-0.10716343184312185,0.12444444444444451
2020-06-19,0.6333333333333333,-0.10716343184312185,0.12444444444444451
2020-06-20,0.6333333333333333,-0.10716343184312185,0.12444444444444451
2020-06-21,0.7666666666666667,-0.10974165360132854,0.14111111111111116
2020-06-22,0.8,-0.1426583464940389,0.1744444444444445
2020-06-23,0.8666666666666667,-0.17593251128991447,0.20777777777777784
2020-06-24,0.36666666666666664,-0.15909963150819142,0.1833333333333334
2020-06-25,0.3,-0.12587294975916546,0.15000000000000005
2020-06-26,0.3,-0.12587294975916544,0.15000000000000005
2020-06-27,0.3,-0.12587294975916544,0.15000000000000005
2020-06-28,0.3,-0.12587294975916544,0.15000000000000005
2020-06-29,0.3,-0.12586227258046467,0.15000000000000005
2020-06-30,0.3,-0.12586227258046467,0.15000000000000005
2020-07-01,0.3,-0.12586227258046467,0.15000000000000005
2020-07-02,0.3,-0.12586227258046467,0.15000000000000005
2020-07-03,0.3,-0.13535473148028057,0.15000000000000005
2020-07-04,0.3,-0.13535473148028057,0.15000000000000005
2020-07-05,0.3,-0.13535473148028057,0.15000000000000005
2020-07-06,0.3,-0.13535473148028057,0.15000000000000005
2020-07-07,0.3,-0.13535473148028057,0.15000000000000005
2020-07-08,0.43333333333333335,-0.14804725597302118,0.17500000000000007
2020-07-09,0.43333333333333335,-0.14804725597302118,0.17500000000000007
2020-07-10,0.43333333333333335,-0.14804725597302118,0.17500000000000007
2020-07-11,0.43333333333333335,-0.14804725597302118,0.17500000000000007
2020-07-12,0.43333333333333335,-0.14804725597302118,0.17500000000000007
2020-07-13,0.43333333333333335,-0.14804725597302118,0.17500000000000007
2020-07-14,0.43333333333333335,-0.14804725597302118,0.17500000000000007
2020-07-15,0.43333333333333335,-0.14804725597302118,0.17500000000000007
2020-07-16,0.4666666666666667,-0.18109201143185297,0.2083333333333334
2020-07-17,0.5,-0.21430744876464208,0.24166666666666672
2020-07-18,0.5,-0.21430744876464208,0.24166666666666672
2020-07-19,0.5333333333333333,-0.24763265798489253,0.2750000000000001
2020-07-20,0.6333333333333333,-0.2803629770874977,0.3083333333333334
2020-07-21,0.6666666666666666,-0.2863348000248273,0.3116666666666667
2020-07-22,0.6333333333333333,-0.253418107132117,0.2783333333333334
2020-07-23,0.6,-0.2528734051187833,0.2783333333333334
2020-07-24,0.6,-0.2528734051187833,0.2783333333333334
2020-07-25,0.6,-0.2528734051187833,0.2783333333333334
2020-07-26,0.6,-0.2528734051187833,0.2783333333333334
2020-07-27,0.6,-0.2528734051187833,0.2783333333333334
2020-07-28,0.6,-0.2528734051187833,0.2783333333333334
2020-07-29,0.6,-0.2529035094380379,0.2783333333333334
2020-07-30,0.6666666666666666,-0.25709034432967504,0.29500000000000004
2020-07-31,0.6666666666666666,-0.25709034432967504,0.29500000000000004
2020-08-01,0.6666666666666666,-0.25709034432967504,0.29500000000000004
2020-08-02,0.7,-0.2203172756234805,0.2783333333333334
2020-08-03,0.7333333333333333,-0.2535285624861717,0.3116666666666667
2020-08-04,0.8,-0.2544561905662219,0.32833333333333337
2020-08-05,0.8,-0.2544561905662219,0.32833333333333337
2020-08-06,0.8,-0.2544561905662219,0.32833333333333337
2020-08-07,0.6666666666666666,-0.24176366607348126,0.3033333333333334
2020-08-08,0.6666666666666666,-0.24176366607348126,0.3033333333333334
2020-08-09,0.6666666666666666,-0.24176366607348126,0.3033333333333334
2020-08-10,0.6666666666666666,-0.24176366607348126,0.3033333333333334
2020-08-11,0.6666666666666666,-0.24176366607348126,0.3033333333333334
2020-08-12,0.8,-0.2603470472494761,0.32833333333333337
2020-08-13,0.8333333333333334,-0.29366015871365864,0.3616666666666667
2020-08-14,0.8333333333333334,-0.29366015871365864,0.3616666666666667
2020-08-15,0.8,-0.26061540325482685,0.32833333333333337
2020-08-16,0.7666666666666667,-0.22739996592203776,0.29500000000000004
2020-08-17,0.7666666666666667,-0.22739996592203776,0.29500000000000004
2020-08-18,0.7666666666666667,-0.16929053942362468,0.2616666666666667
2020-08-19,0.6666666666666666,-0.1365602203210195,0.2283333333333334
2020-08-20,0.5,-0.1280101756254832,0.2083333333333334
2020-08-21,0.5,-0.1280101756254832,0.2083333333333334
2020-08-22,0.4666666666666667,-0.09528071284294129,0.17500000000000007
2020-08-23,0.4666666666666667,-0.09528071284294129,0.17500000000000007
2020-08-24,0.5,-0.12827754815419515,0.2083333333333334
2020-08-25,0.5333333333333333,-0.16142117977142334,0.24166666666666672
2020-08-26,0.5333333333333333,-0.16142117977142334,0.24166666666666672
2020-08-27,0.5333333333333333,-0.16142117977142334,0.24166666666666672
2020-08-28,0.5,-0.1281015694141388,0.2083333333333334
2020-08-29,0.43333333333333335,-0.12391473452250162,0.19166666666666674
2020-08-30,0.43333333333333335,-0.12391473452250162,0.19166666666666674
2020-08-31,0.43333333333333335,-0.12391473452250162,0.19166666666666674
2020-09-01,0.36666666666666664,-0.12739165723323823,0.17500000000000007
2020-09-02,0.3333333333333333,-0.09418037037054698,0.14166666666666672
2020-09-03,0.26666666666666666,-0.09325274229049682,0.12500000000000006
2020-09-04,0.26666666666666666,-0.09325274229049682,0.12500000000000006
2020-09-05,0.26666666666666666,-0.09325274229049682,0.12500000000000006
2020-09-06,0.26666666666666666,-0.09325274229049682,0.12500000000000006
2020-09-07,0.26666666666666666,-0.09325274229049682,0.12500000000000006
2020-09-08,0.26666666666666666,-0.09325274229049682,0.12500000000000006
2020-09-09,0.26666666666666666,-0.09325274229049682,0.12500000000000006
2020-09-10,0.3,-0.12656829555829366,0.15833333333333338
2020-09-11,0.16666666666666666,-0.10798491438229879,0.1333333333333334
2020-09-12,0.13333333333333333,-0.07467180291811625,0.10000000000000006
2020-09-13,0.13333333333333333,-0.07467180291811625,0.10000000000000006
2020-09-14,0.13333333333333333,-0.07467180291811625,0.10000000000000006
2020-09-15,0.16666666666666666,-0.04191881219546,0.10000000000000006
2020-09-16,0.16666666666666666,-0.04191881219546,0.10000000000000006
2020-09-17,0.13333333333333333,-0.06670302947362264,0.10000000000000006
2020-09-18,0.13333333333333333,-0.06670302947362264,0.10000000000000006
2020-09-19,0.13333333333333333,-0.06670302947362264,0.10000000000000006
2020-09-20,0.13333333333333333,-0.06670302947362264,0.10000000000000006
2020-09-21,0.13333333333333333,-0.06670302947362264,0.10000000000000006
2020-09-22,0.13333333333333333,-0.06670302947362264,0.10000000000000006
2020-09-23,0.1,-0.03370619416236877,0.06666666666666672
2020-09-24,0.06666666666666667,-0.0005625625451405917,0.033333333333333395
2020-09-25,0.06666666666666667,-0.0005625625451405917,0.033333333333333395
2020-09-26,0.1,-0.03365576267242432,0.06666666666666672
2020-09-27,0.13333333333333333,-0.05534239411354066,0.10000000000000006
2020-09-28,0.13333333333333333,-0.05534239411354066,0.10000000000000006
2020-09-29,0.13333333333333333,-0.05534239411354066,0.10000000000000006
2020-09-30,0.13333333333333333,-0.05534239411354066,0.10000000000000006
2020-10-01,0.13333333333333333,-0.05534239411354066,0.10000000000000006
2020-10-02,0.13333333333333333,-0.05534239411354066,0.10000000000000006
2020-10-03,0.13333333333333333,-0.05534239411354066,0.10000000000000006
2020-10-04,0.13333333333333333,-0.05534239411354066,0.10000000000000006
2020-10-05,0.13333333333333333,-0.05534239411354066,0.10000000000000006
2020-10-06,0.13333333333333333,-0.05534239411354066,0.10000000000000006
2020-10-07,0.13333333333333333,-0.05534239411354066,0.10000000000000006
2020-10-08,0.13333333333333333,-0.05534239411354066,0.10000000000000006
2020-10-09,0.13333333333333333,-0.05534239411354066,0.10000000000000006
2020-10-10,0.1,-0.02202684084574382,0.06666666666666672
2020-10-11,0.1,-0.02202684084574382,0.06666666666666672
2020-10-12,0.1,-0.02202684084574382,0.06666666666666672
2020-10-13,0.13333333333333333,-0.05532944997151693,0.10000000000000006
2020-10-14,0.16666666666666666,-0.08864872654279073,0.1333333333333334
2020-10-15,0.13333333333333333,-0.12140171726544698,0.1333333333333334
2020-10-16,0.23333333333333334,-0.1333364162180159,0.1555555555555556
2020-10-17,0.23333333333333334,-0.1333364162180159,0.1555555555555556
2020-10-18,0.23333333333333334,-0.1333364162180159,0.1555555555555556
2020-10-19,0.23333333333333334,-0.1333364162180159,0.1555555555555556
2020-10-20,0.23333333333333334,-0.1333364162180159,0.1555555555555556
2020-10-21,0.23333333333333334,-0.1333364162180159,0.1555555555555556
2020-10-22,0.23333333333333334,-0.1333364162180159,0.1555555555555556
2020-10-23,0.23333333333333334,-0.1333364162180159,0.1555555555555556
2020-10-24,0.26666666666666666,-0.16662235988510982,0.18888888888888897
2020-10-25,0.26666666666666666,-0.16662235988510982,0.18888888888888897
2020-10-26,0.23333333333333334,-0.13352915975782606,0.1555555555555556
2020-10-27,0.2,-0.11184252831670974,0.12222222222222227
2020-10-28,0.2,-0.11184252831670974,0.12222222222222227
2020-10-29,0.2,-0.11184252831670974,0.12222222222222227
2020-10-30,0.2,-0.11184252831670974,0.12222222222222227
2020-10-31,0.23333333333333334,-0.08070847127172683,0.12222222222222227
2020-11-01,0.23333333333333334,-0.08070847127172683,0.12222222222222227
2020-11-02,0.26666666666666666,-0.11389828854136998,0.15555555555555559
2020-11-03,0.26666666666666666,-0.11389828854136998,0.15555555555555559
2020-11-04,0.26666666666666666,-0.11389828854136998,0.15555555555555559
2020-11-05,0.26666666666666666,-0.11389828854136998,0.15555555555555559
2020-11-06,0.26666666666666666,-0.11389828854136998,0.15555555555555559
2020-11-07,0.26666666666666666,-0.11389828854136998,0.15555555555555559
2020-11-08,0.26666666666666666,-0.11389828854136998,0.15555555555555559
2020-11-09,0.3,-0.08066759837998286,0.15555555555555559
2020-11-10,0.43333333333333335,-0.08051582508616978,0.17222222222222225
2020-11-11,0.4666666666666667,-0.11294061077965631,0.2055555555555556
2020-11-12,0.43333333333333335,-0.0796380016538832,0.17222222222222225
2020-11-13,0.4,-0.0463187250826094,0.13888888888888892
2020-11-14,0.4666666666666667,-0.07931579583221013,0.17222222222222225
2020-11-15,0.36666666666666664,-0.06738109687964124,0.15000000000000005
2020-11-16,0.4,-0.10006004869937898,0.1833333333333334
2020-11-17,0.5333333333333333,-0.1317340354124705,0.21666666666666673
2020-11-18,0.5666666666666667,-0.16505520145098368,0.25000000000000006
2020-11-19,0.5666666666666667,-0.16505520145098368,0.25000000000000006
2020-11-20,0.5666666666666667,-0.16505520145098368,0.25000000000000006
2020-11-21,0.5666666666666667,-0.16505520145098368,0.25000000000000006
2020-11-22,0.5666666666666667,-0.16505520145098368,0.25000000000000006
2020-11-23,0.5333333333333333,-0.1317692577838898,0.21666666666666673
2020-11-24,0.5333333333333333,-0.13176925778388976,0.21666666666666673
2020-11-25,0.7,-0.1257174555460612,0.23000000000000004
2020-11-26,0.7,-0.1257174555460612,0.23000000000000004
2020-11-27,0.7333333333333333,-0.09535213549931845,0.23000000000000004
2020-11-28,0.7333333333333333,-0.09535213549931845,0.23000000000000004
2020-11-29,0.7666666666666667,-0.1286671801408132,0.26333333333333336
2020-11-30,0.8333333333333334,-0.1708459262053172,0.2855555555555556
2020-12-01,0.9333333333333333,-0.18274134967062208,0.3077777777777778
2020-12-02,0.9,-0.14955153240097893,0.2744444444444445
2020-12-03,0.9333333333333333,-0.1815169888072544,0.3077777777777778
2020-12-04,0.9333333333333333,-0.1815169888072544,0.3077777777777778
2020-12-05,0.9333333333333333,-0.1815169888072544,0.3077777777777778
2020-12-06,0.9666666666666667,-0.1489654260211521,0.3077777777777778
2020-12-07,0.9666666666666667,-0.1489654260211521,0.3077777777777778
2020-12-08,1.3,-0.14954137119981978,0.3244444444444445
2020-12-09,1.3666666666666667,-0.19404238972398968,0.3466666666666667
2020-12-10,1.2333333333333334,-0.19419416301780276,0.33
2020-12-11,1.2,-0.16176937732431623,0.2966666666666667
2020-12-12,1.2,-0.16176937732431623,0.2966666666666667
2020-12-13,1.2,-0.16176937732431623,0.2966666666666667
2020-12-14,1.2,-0.15937031818760766,0.29666666666666675
2020-12-15,1.2,-0.15937031818760766,0.29666666666666675
2020-12-16,1.1666666666666667,-0.1266913663678699,0.26333333333333336
2020-12-17,1.0333333333333334,-0.09501737965477837,0.23000000000000004
2020-12-18,1.0,-0.0616962136162652,0.1966666666666667
2020-12-19,1.0333333333333334,-0.09494324141078526,0.23000000000000004
2020-12-20,1.1333333333333333,-0.10565801938374839,0.2522222222222223
2020-12-21,1.1333333333333333,-0.10565801938374839,0.2522222222222223
2020-12-22,1.1666666666666667,-0.1327603606383006,0.2855555555555556
2020-12-23,1.1666666666666667,-0.1327603606383006,0.2855555555555556
2020-12-24,1.2,-0.1660796372095744,0.31888888888888894
2020-12-25,1.0333333333333334,-0.17213143944740297,0.3055555555555556
2020-12-26,1.0666666666666667,-0.13953755736351015,0.3055555555555556
2020-12-27,1.0666666666666667,-0.20263626019159953,0.3388888888888889
2020-12-28,1.0666666666666667,-0.20263626019159953,0.3388888888888889
2020-12-29,1.0333333333333334,-0.1693212155501048,0.3055555555555556
2020-12-30,0.9333333333333333,-0.15827652653058372,0.2833333333333334
2020-12-31,0.8333333333333334,-0.14638110306527882,0.2611111111111112
2021-01-01,0.8666666666666667,-0.17952473468250701,0.2944444444444445
2021-01-02,0.8333333333333334,-0.14755927827623155,0.2611111111111112
2021-01-03,0.8333333333333334,-0.14755927827623155,0.2611111111111112
2021-01-04,0.8333333333333334,-0.14755927827623155,0.2611111111111112
2021-01-05,0.8666666666666667,-0.1502369017071194,0.2611111111111112
2021-01-06,0.8666666666666667,-0.1502369017071194,0.2611111111111112
2021-01-07,0.5333333333333333,-0.14966095652845174,0.24444444444444452
2021-01-08,0.4666666666666667,-0.17168184684382545,0.25555555555555565
2021-01-09,0.4666666666666667,-0.17168184684382545,0.25555555555555565
2021-01-10,0.4666666666666667,-0.17168184684382545,0.25555555555555565
2021-01-11,0.4666666666666667,-0.17168184684382545,0.25555555555555565
2021-01-12,0.4666666666666667,-0.17168184684382545,0.25555555555555565
2021-01-13,0.4,-0.14108383523093332,0.2222222222222223
2021-01-14,0.43333333333333335,-0.1732527083820767,0.25555555555555565
2021-01-15,0.5,-0.17431141402986317,0.27222222222222225
2021-01-16,0.5,-0.17431141402986317,0.27222222222222225
2021-01-17,0.5,-0.17431141402986317,0.27222222222222225
2021-01-18,0.5,-0.17394664751158823,0.27222222222222225
2021-01-19,0.43333333333333335,-0.1965544064839681,0.2833333333333334
2021-01-20,0.43333333333333335,-0.1965544064839681,0.2833333333333334
2021-01-21,0.4666666666666667,-0.1711849908034007,0.2666666666666667
2021-01-22,0.4666666666666667,-0.1711849908034007,0.2666666666666667
2021-01-23,0.43333333333333335,-0.13786571423212687,0.2333333333333334
2021-01-24,0.5333333333333333,-0.14921566115485296,0.2555555555555556
2021-01-25,0.6,-0.2151329987578922,0.2888888888888889
2021-01-26,0.6666666666666666,-0.17177622185813057,0.2666666666666667
2021-01-27,0.6666666666666666,-0.17177622185813057,0.2666666666666667
2021-01-28,0.6666666666666666,-0.17177622185813057,0.2666666666666667
2021-01-29,0.7,-0.20502663718329536,0.30000000000000004
2021-01-30,0.7666666666666667,-0.2361697640683916,0.33333333333333337
2021-01-31,0.7333333333333333,-0.2030261324511634,0.30000000000000004
2021-02-01,0.7333333333333333,-0.2030261324511634,0.30000000000000004
2021-02-02,0.8333333333333334,-0.19408572978443572,0.3111111111111111
2021-02-03,0.8666666666666667,-0.22734322018093536,0.34444444444444444
2021-02-04,0.8,-0.25721715953614976,0.34444444444444444
2021-02-05,0.8333333333333334,-0.29044467475679187,0.3777777777777778
2021-02-06,0.8333333333333334,-0.29044467475679187,0.3777777777777778
2021-02-07,0.8,-0.2571534560786353,0.34444444444444444
2021-02-08,1.0,-0.2458661433723238,0.35555555555555557
2021-02-09,1.1,-0.27622320486439605,0.38888888888888895
2021-02-10,1.1333333333333333,-0.30953447057141203,0.4222222222222223
2021-02-11,1.1333333333333333,-0.30953447057141203,0.4222222222222223
2021-02-12,1.1666666666666667,-0.3427354339096282,0.4555555555555556
2021-02-13,1.1333333333333333,-0.31056656075848477,0.4222222222222223
2021-02-14,1.0666666666666667,-0.30950785511069834,0.4055555555555556
2021-02-15,1.2,-0.32615191174878017,0.4305555555555556
2021-02-16,1.2,-0.32615191174878017,0.4305555555555556
2021-02-17,1.1666666666666667,-0.29326965047253506,0.39722222222222225
2021-02-18,1.1333333333333333,-0.2599471135271921,0.36388888888888893
2021-02-19,1.2333333333333334,-0.23019045624468065,0.36388888888888893
2021-02-20,1.2333333333333334,-0.22127715879016457,0.36388888888888893
2021-02-21,1.3666666666666667,-0.22155393991205433,0.3805555555555556
2021-02-22,1.4666666666666666,-0.25463905168904205,0.4138888888888889
2021-02-23,1.7333333333333334,-0.23959008891775152,0.4068181818181819
2021-02-24,1.7,-0.23577680361993386,0.4068181818181819
2021-02-25,1.6,-0.24640019773834884,0.3957070707070708
2021-02-26,1.6,-0.24640019773834884,0.3957070707070708
2021-02-27,1.6,-0.24640019773834884,0.3957070707070708
2021-02-28,1.5666666666666667,-0.21314978241318405,0.3623737373737374
2021-03-01,1.5666666666666667,-0.1824379299024139,0.34570707070707074
2021-03-02,1.6333333333333333,-0.18402813513471625,0.3623737373737374
2021-03-03,1.6333333333333333,-0.18402813513471625,0.3623737373737374
2021-03-04,1.5333333333333334,-0.19296853780144393,0.35126262626262633
2021-03-05,1.5,-0.1597110474049443,0.317929292929293
2021-03-06,1.5666666666666667,-0.1598676407276982,0.33459595959595967
2021-03-07,1.5333333333333334,-0.1266401255070561,0.30126262626262634
2021-03-08,1.5333333333333334,-0.1266401255070561,0.30126262626262634
2021-03-09,1.5666666666666667,-0.1598781231978927,0.33459595959595967
2021-03-10,1.3666666666666667,-0.17116543590420424,0.32348484848484854
2021-03-11,1.2666666666666666,-0.14080837441213206,0.2901515151515152
2021-03-12,1.2666666666666666,-0.14062991015838852,0.2901515151515152
2021-03-13,1.3,-0.17035220138954393,0.32348484848484854
2021-03-14,1.3,-0.17045099608825914,0.32348484848484854
2021-03-15,1.3,-0.17045099608825914,0.32348484848484854
2021-03-16,1.3666666666666667,-0.20330887111750515,0.35681818181818187
2021-03-17,1.2333333333333334,-0.1866648144794233,0.3318181818181819
2021-03-18,1.2666666666666666,-0.2191425191633629,0.3651515151515152
2021-03-19,1.2666666666666666,-0.2191425191633629,0.3651515151515152
2021-03-20,1.2666666666666666,-0.2191425191633629,0.3651515151515152
2021-03-21,1.2333333333333334,-0.25416121952461473,0.3818181818181819
2021-03-22,1.2333333333333334,-0.2654111988616712,0.3818181818181819
2021-03-23,1.1333333333333333,-0.29843839181191995,0.39848484848484855
2021-03-24,1.0333333333333334,-0.2653532800349322,0.3651515151515152
2021-03-25,0.7,-0.2469366619984309,0.35000000000000003
2021-03-26,0.6333333333333333,-0.21742649177710216,0.3166666666666667
2021-03-27,0.6333333333333333,-0.21742649177710216,0.3166666666666667
2021-03-28,0.9,-0.2433627538383007,0.3458333333333334
2021-03-29,0.9666666666666667,-0.2434241068859895,0.36250000000000004
2021-03-30,1.0,-0.2767448318501314,0.39583333333333337
2021-03-31,1.0333333333333334,-0.2856699455943373,0.4013888888888889
2021-04-01,0.9666666666666667,-0.2840797403620349,0.38472222222222224
2021-04-02,1.0,-0.3173986513581541,0.41805555555555557
2021-04-03,1.1,-0.35049451515078545,0.45138888888888895
2021-04-04,1.1,-0.35049451515078545,0.45138888888888895
2021-04-05,1.0333333333333334,-0.35033792182803153,0.4347222222222223
2021-04-06,1.0333333333333334,-0.35033792182803153,0.4347222222222223
2021-04-07,1.0333333333333334,-0.35033792182803153,0.4347222222222223
2021-04-08,1.0666666666666667,-0.35037970667084056,0.4347222222222223
2021-04-09,1.0666666666666667,-0.35037970667084056,0.4347222222222223
2021-04-10,1.1333333333333333,-0.3835337263842424,0.4680555555555556
2021-04-11,1.1,-0.35040092493096986,0.4347222222222223
2021-04-12,1.1333333333333333,-0.3539817991356055,0.4347222222222223
2021-04-13,1.2,-0.32846743754214713,0.4236111111111111
2021-04-14,1.2333333333333334,-0.3611357678141859,0.4569444444444445
2021-04-15,1.2,-0.36154627692368296,0.4569444444444445
2021-04-16,1.3,-0.39482174805468984,0.4902777777777778
2021-04-17,1.2666666666666666,-0.3623440433707502,0.4569444444444445
2021-04-18,1.6333333333333333,-0.38352933617101775,0.48421717171717177
2021-04-19,1.6333333333333333,-0.38352933617101775,0.48421717171717177
2021-04-20,1.5666666666666667,-0.37826729309227736,0.46755050505050505
2021-04-21,1.5333333333333334,-0.4072787482705381,0.48421717171717177
2021-04-22,1.5333333333333334,-0.40705395133958927,0.48421717171717177
2021-04-23,1.6,-0.40707339139448273,0.5008838383838384
2021-04-24,2.433333333333333,-0.4296835945903236,0.517550505050505
2021-04-25,2.6666666666666665,-0.4449130397185374,0.5413600288600289
2021-04-26,2.6666666666666665,-0.4449130397185374,0.5413600288600289
2021-04-27,2.4,-0.4189767776573389,0.5121933621933622
2021-04-28,2.3333333333333335,-0.41891542460965003,0.4955266955266956
2021-04-29,2.4,-0.4179487465465753,0.4955266955266956
2021-04-30,2.3,-0.4085923584280433,0.4733044733044734
2021-05-01,2.3,-0.4085923584280433,0.4733044733044734
2021-05-02,2.2666666666666666,-0.37527344743192415,0.43997113997114007
2021-05-03,2.2,-0.3754818636819411,0.43997113997114007
2021-05-04,2.2,-0.3754818636819411,0.43997113997114007
2021-05-05,2.2333333333333334,-0.35054450021631406,0.43997113997114007
2021-05-06,2.2666666666666666,-0.38306690242337077,0.4733044733044734
2021-05-07,2.3,-0.4163869061713108,0.5066378066378067
2021-05-08,3.0,-0.3986496391021162,0.4979421544638936
2021-05-09,3.033333333333333,-0.42184013348052396,0.531275487797227
2021-05-10,3.066666666666667,-0.40183598916957275,0.5201643766861159
2021-05-11,3.066666666666667,-0.40183598916957275,0.5201643766861159
2021-05-12,3.0,-0.3685328237337817,0.48683104335278254
2021-05-13,2.933333333333333,-0.3281460290607098,0.46460882113056035
2021-05-14,2.966666666666667,-0.2960491801754915,0.4479421544638937
2021-05-15,2.933333333333333,-0.26278079603674837,0.41460882113056036
2021-05-16,2.8666666666666667,-0.26283125732901524,0.41460882113056036
2021-05-17,2.9,-0.2306075141287131,0.41460882113056036
2021-05-18,2.6,-0.20967380359334578,0.40400276052449974
2021-05-19,2.6333333333333333,-0.17683661733630132,0.40400276052449974
2021-05-20,2.6333333333333333,-0.17683661733630132,0.40400276052449974
2021-05-21,2.6,-0.14375555470151535,0.3706694271911664
2021-05-22,2.6333333333333333,-0.11111257031125654,0.35400276052449975
2021-05-23,2.566666666666667,-0.11109313025636305,0.3373360938578331
2021-05-24,1.7666666666666666,-0.11174735305348786,0.3373360938578331
2021-05-25,1.5333333333333334,-0.09651790792527407,0.31352657004830925
2021-05-26,1.6,-0.09747054214062899,0.3301932367149759
2021-05-27,1.6,-0.09747054214062899,0.3301932367149759
2021-05-28,1.6,-0.09747054214062899,0.3301932367149759
2021-05-29,1.5,-0.0651164952395619,0.2968599033816426
2021-05-30,1.5,-0.0651164952395619,0.2968599033816426
2021-05-31,1.5666666666666667,-0.06516552602035412,0.31352657004830925
2021-06-01,1.6,-0.09831799700640251,0.3468599033816426
2021-06-02,1.6,-0.0983377420383951,0.3468599033816426
2021-06-03,1.6,-0.0983377420383951,0.3468599033816426
2021-06-04,1.5666666666666667,-0.12327510550402214,0.3468599033816426
2021-06-05,1.5666666666666667,-0.12403776680213818,0.3468599033816426
2021-06-06,1.5333333333333334,-0.09071776305419813,0.31352657004830925
2021-06-07,0.8666666666666667,-0.06694057120217217,0.30000000000000004
2021-06-08,0.8666666666666667,-0.010906892352634012,0.2666666666666667
2021-06-09,1.1,0.000762010680304627,0.2611111111111112
2021-06-10,1.1,0.000762010680304627,0.2611111111111112
2021-06-11,1.2333333333333334,0.03240128563510046,0.2611111111111112
2021-06-12,1.2333333333333334,-0.03350374493334029,0.2944444444444445
2021-06-13,1.1666666666666667,-0.03293226354651982,0.27777777777777785
2021-06-14,1.2333333333333334,-0.0589584399594201,0.31111111111111117
2021-06-15,1.3333333333333333,-0.04214068346553379,0.30277777777777787
2021-06-16,1.3666666666666667,-0.07863153212600285,0.31944444444444453
2021-06-17,1.3,-0.07837994986110264,0.30277777777777787
2021-06-18,1.2666666666666666,-0.11121713611814711,0.30277777777777787
2021-06-19,1.5,-0.12917436794629172,0.32658730158730165
2021-06-20,1.5,-0.12917436794629172,0.32658730158730165
2021-06-21,1.5,-0.09570708708157616,0.309920634920635
2021-06-22,1.5,-0.09570708708157616,0.309920634920635
2021-06-23,1.4333333333333333,-0.09455829497367617,0.2932539682539683
2021-06-24,1.4333333333333333,-0.09455829497367617,0.2932539682539683
2021-06-25,1.4333333333333333,-0.09186949765871442,0.2932539682539683
2021-06-26,1.4666666666666666,-0.12514333760927596,0.32658730158730165
2021-06-27,1.4666666666666666,-0.12514333760927596,0.32658730158730165
2021-06-28,1.4666666666666666,-0.12514333760927596,0.32658730158730165
2021-06-29,1.4666666666666666,-0.12514333760927596,0.32658730158730165
2021-06-30,1.4,-0.12509430682848371,0.309920634920635
2021-07-01,1.3666666666666667,-0.09194183584243533,0.27658730158730166
2021-07-02,1.3333333333333333,-0.05861781076779442,0.2432539682539683
2021-07-03,1.3333333333333333,-0.05861781076779442,0.2432539682539683
2021-07-04,1.3333333333333333,-0.05861781076779442,0.2432539682539683
2021-07-05,1.3,-0.02533274726262169,0.20992063492063498
2021-07-06,1.3666666666666667,-0.058104058466260405,0.2432539682539683
2021-07-07,1.3,-0.09724866651353382,0.2654761904761906
2021-07-08,1.2666666666666666,-0.1300918509846642,0.2654761904761906
2021-07-09,0.9666666666666667,-0.10040810448782785,0.2488095238095239
2021-07-10,1.0,-0.1336655392533257,0.28214285714285725
2021-07-11,0.8666666666666667,-0.16530481420812154,0.28214285714285725
2021-07-12,0.8333333333333334,-0.13200118186927978,0.2488095238095239
2021-07-13,0.8333333333333334,-0.13200118186927978,0.2488095238095239
2021-07-14,0.8,-0.13929147862252736,0.2488095238095239
2021-07-15,0.6666666666666666,-0.12278330269313995,0.2238095238095239
2021-07-16,0.6,-0.118516197232973,0.20714285714285724
2021-07-17,0.6,-0.118516197232973,0.20714285714285724
2021-07-18,0.6,-0.118516197232973,0.20714285714285724
2021-07-19,0.36666666666666664,-0.1005589654048284,0.1833333333333334
2021-07-20,0.36666666666666664,-0.1005589654048284,0.1833333333333334
2021-07-21,0.3,-0.13359005351861317,0.1833333333333334
2021-07-22,0.3,-0.13359005351861317,0.1833333333333334
2021-07-23,0.36666666666666664,-0.16612072785695395,0.21666666666666673
2021-07-24,0.36666666666666664,-0.16612072785695395,0.21666666666666673
2021-07-25,0.3,-0.16785689095656078,0.20000000000000007
2021-07-26,0.26666666666666666,-0.13458305100599924,0.1666666666666667
2021-07-27,0.26666666666666666,-0.13458305100599924,0.1666666666666667
2021-07-28,0.26666666666666666,-0.13458305100599924,0.1666666666666667
2021-07-29,0.26666666666666666,-0.13458305100599924,0.1666666666666667
2021-07-30,0.26666666666666666,-0.13458305100599924,0.1666666666666667
2021-07-31,0.3,-0.10487606227397919,0.1666666666666667
2021-08-01,0.3,-0.10487606227397919,0.1666666666666667
2021-08-02,0.3,-0.10487606227397919,0.1666666666666667
2021-08-03,0.3,-0.10487606227397919,0.1666666666666667
2021-08-04,0.36666666666666664,-0.135605655113856,0.20000000000000007
2021-08-05,0.3333333333333333,-0.13573312163352966,0.20000000000000007
2021-08-06,0.3,-0.10482318997383118,0.1666666666666667
2021-08-07,0.3,-0.10482318997383118,0.1666666666666667
2021-08-08,0.26666666666666666,-0.1330259641011556,0.1666666666666667
2021-08-09,0.3333333333333333,-0.11035378177960714,0.1555555555555556
2021-08-10,0.3333333333333333,-0.11035378177960714,0.1555555555555556
2021-08-11,0.3333333333333333,-0.11035378177960714,0.1555555555555556
2021-08-12,0.3333333333333333,-0.11035378177960714,0.1555555555555556
2021-08-13,0.3,-0.07703730861345927,0.12222222222222229
2021-08-14,0.3,-0.07703730861345927,0.12222222222222229
2021-08-15,0.3333333333333333,-0.11034315824508667,0.1555555555555556
2021-08-16,0.36666666666666664,-0.14363011320432026,0.18888888888888897
2021-08-17,0.36666666666666664,-0.14363011320432026,0.18888888888888897
2021-08-18,0.4,-0.17684380213419595,0.2222222222222223
2021-08-19,0.4666666666666667,-0.17556896209716796,0.23888888888888896
2021-08-20,0.4666666666666667,-0.17556896209716796,0.23888888888888896
2021-08-21,0.5333333333333333,-0.1761347750822703,0.25555555555555565
2021-08-22,0.4666666666666667,-0.14360410074392954,0.2222222222222223
2021-08-23,0.4666666666666667,-0.14360410074392954,0.2222222222222223
2021-08-24,0.5666666666666667,-0.17456067634953393,0.25555555555555565
2021-08-25,0.5666666666666667,-0.17456067634953393,0.25555555555555565
2021-08-26,0.5666666666666667,-0.17456067634953393,0.25555555555555565
2021-08-27,0.5666666666666667,-0.17456067634953393,0.25555555555555565
2021-08-28,0.5666666666666667,-0.17456067634953393,0.25555555555555565
2021-08-29,0.5666666666666667,-0.17456067634953393,0.25555555555555565
2021-08-30,0.5333333333333333,-0.204267665081554,0.25555555555555565
2021-08-31,0.5333333333333333,-0.204267665081554,0.25555555555555565
2021-09-01,0.5333333333333333,-0.204267665081554,0.25555555555555565
2021-09-02,0.5666666666666667,-0.2368380907509062,0.2888888888888889
2021-09-03,0.5333333333333333,-0.1734211259418064,0.25555555555555565
2021-09-04,0.5,-0.140522348218494,0.2222222222222223
2021-09-05,0.5,-0.140522348218494,0.2222222222222223
2021-09-06,0.5,-0.140522348218494,0.2222222222222223
2021-09-07,0.6666666666666666,-0.12095849566989475,0.22888888888888897
2021-09-08,0.5666666666666667,-0.11037324322594537,0.20666666666666672
2021-09-09,0.5666666666666667,-0.11037324322594537,0.20666666666666672
2021-09-10,0.6333333333333333,-0.11096312357319725,0.2233333333333334
2021-09-11,0.7,-0.14343600822819605,0.2566666666666667
2021-09-12,0.8333333333333334,-0.13302074177397621,0.26500000000000007
2021-09-13,0.8666666666666667,-0.10808337830834919,0.26500000000000007
2021-09-14,0.8666666666666667,-0.041590117447906076,0.23166666666666674
2021-09-15,0.8333333333333334,-0.008303162488672473,0.1983333333333334
2021-09-16,0.8333333333333334,-0.008303162488672473,0.1983333333333334
2021-09-17,0.8,0.02491052644120322,0.16500000000000006
2021-09-18,0.7333333333333333,0.023635686404175224,0.1483333333333334
2021-09-19,0.7333333333333333,0.023635686404175224,0.1483333333333334
2021-09-20,0.6666666666666666,0.02420149938927756,0.13166666666666674
2021-09-21,0.6666666666666666,0.02420149938927756,0.13166666666666674
2021-09-22,0.8666666666666667,0.025545905331770574,0.1483333333333334
2021-09-23,0.7666666666666667,0.056502480937374956,0.11500000000000006
2021-09-24,0.7666666666666667,0.056502480937374956,0.11500000000000006
2021-09-25,0.7666666666666667,0.056502480937374956,0.11500000000000006
2021-09-26,0.7666666666666667,0.056502480937374956,0.11500000000000006
2021-09-27,0.8333333333333334,0.02361742022964689,0.1483333333333334
2021-09-28,1.0333333333333334,0.012292004591888844,0.17055555555555563
2021-09-29,1.0333333333333334,0.012292004591888844,0.17055555555555563
2021-09-30,1.2,0.027134111490514538,0.1772222222222223
2021-10-01,1.2,0.027134111490514538,0.1772222222222223
2021-10-02,1.1666666666666667,0.059704537159866754,0.14388888888888898
2021-10-03,1.1333333333333333,0.02701716519064373,0.14388888888888898
2021-10-04,1.1333333333333333,0.02701716519064373,0.14388888888888898
2021-10-05,1.1333333333333333,0.02701716519064373,0.14388888888888898
2021-10-06,1.1333333333333333,0.02701716519064373,0.14388888888888898
2021-10-07,1.0,0.04074214117394552,0.1372222222222223
2021-10-08,1.0,0.04074214117394552,0.1372222222222223
2021-10-09,1.0,0.04074214117394552,0.1372222222222223
2021-10-10,0.9333333333333333,0.041332021521197415,0.12055555555555561
2021-10-11,0.8666666666666667,0.0738049061761962,0.0872222222222223
2021-10-12,0.7333333333333333,0.06338963972197638,0.07888888888888897
2021-10-13,0.7,0.038452276256349345,0.07888888888888897
2021-10-14,0.6666666666666666,0.005264865027533631,0.07888888888888897
2021-10-15,0.6666666666666666,0.005264865027533631,0.07888888888888897
2021-10-16,0.7333333333333333,-0.026857038670116008,0.11222222222222229
2021-10-17,0.8333333333333334,-0.060089138812488986,0.14555555555555563
2021-10-18,0.8666666666666667,-0.03515177534686195,0.14555555555555563
2021-10-19,0.8666666666666667,-0.03515177534686195,0.14555555555555563
2021-10-20,0.9,-0.0029854711559083777,0.14555555555555563
2021-10-21,0.9,-0.0029854711559083777,0.14555555555555563
2021-10-22,0.9333333333333333,-0.012668709953626001,0.147936507936508
2021-10-23,0.9333333333333333,-0.012668709953626001,0.147936507936508
2021-10-24,0.9333333333333333,-0.012668709953626001,0.147936507936508
2021-10-25,0.9333333333333333,-0.012668709953626001,0.147936507936508
2021-10-26,0.9666666666666667,0.01766996284325917,0.147936507936508
2021-10-27,0.9333333333333333,0.03146314124266306,0.147936507936508
2021-10-28,0.8,0.010773325628704493,0.15904761904761913
2021-10-29,0.8666666666666667,0.043931182887819074,0.15904761904761913
2021-10-30,0.7,0.029089075989193382,0.15238095238095242
2021-10-31,0.7,0.029089075989193382,0.15238095238095242
2021-11-01,0.7,0.029089075989193382,0.15238095238095242
2021-11-02,0.8,0.039760206805335145,0.16349206349206355
2021-11-03,0.8,0.039760206805335145,0.16349206349206355
2021-11-04,0.8,0.039760206805335145,0.16349206349206355
2021-11-05,0.8,0.039760206805335145,0.16349206349206355
2021-11-06,0.7666666666666667,0.006471378273434107,0.16349206349206355
2021-11-07,0.7666666666666667,0.006471378273434107,0.16349206349206355
2021-11-08,0.7666666666666667,0.006471378273434107,0.16349206349206355
2021-11-09,0.8,0.039139513836966615,0.16349206349206355
2021-11-10,0.8,0.039139513836966615,0.16349206349206355
2021-11-11,0.8333333333333334,0.0058175332016415044,0.1968253968253969
2021-11-12,0.8333333333333334,0.0058175332016415044,0.1968253968253969
2021-11-13,0.8333333333333334,0.0058175332016415044,0.1968253968253969
2021-11-14,0.8666666666666667,0.033272509442435365,0.1968253968253969
2021-11-15,0.9333333333333333,0.048748044338491225,0.18849206349206357
2021-11-16,0.8333333333333334,0.0819801444808642,0.15515873015873022
2021-11-17,0.8333333333333334,0.0819801444808642,0.15515873015873022
2021-11-18,0.8333333333333334,0.0819801444808642,0.15515873015873022
2021-11-19,0.8,0.049813840289910635,0.15515873015873022
2021-11-20,0.8,0.049813840289910635,0.15515873015873022
2021-11-21,0.5666666666666667,0.058152673145135246,0.13611111111111118
2021-11-22,0.5666666666666667,0.058152673145135246,0.13611111111111118
2021-11-23,0.5666666666666667,0.058152673145135246,0.13611111111111118
2021-11-24,0.5666666666666667,0.058152673145135246,0.13611111111111118
2021-11-25,0.5666666666666667,-0.005441062152385715,0.16944444444444454
2021-11-26,0.5666666666666667,-0.019652625421682998,0.16944444444444454
2021-11-27,0.5333333333333333,-0.020829796294371292,0.16944444444444454
2021-11-28,0.4666666666666667,-0.05398765355348587,0.16944444444444454
2021-11-29,0.4666666666666667,-0.05398765355348587,0.16944444444444454
2021-11-30,0.5666666666666667,-0.06473272260692384,0.19166666666666674
2021-12-01,0.5666666666666667,-0.06473272260692385,0.19166666666666674
2021-12-02,0.6666666666666666,-0.1076183698243565,0.213888888888889
2021-12-03,0.7,-0.07453562832540936,0.213888888888889
2021-12-04,0.7,-0.07453562832540936,0.213888888888889
2021-12-05,0.7,-0.07453562832540936,0.213888888888889
2021-12-06,0.7,-0.07453562832540936,0.213888888888889
2021-12-07,0.7,-0.07453562832540936,0.213888888888889
2021-12-08,0.9,-0.0870722139875094,0.2361111111111112
2021-12-09,0.8666666666666667,-0.11974034955104192,0.2361111111111112
2021-12-10,0.8666666666666667,-0.11974034955104192,0.2361111111111112
2021-12-11,0.8666666666666667,-0.05338114351034165,0.20277777777777786
2021-12-12,0.9333333333333333,-0.057492939134438835,0.21944444444444453
2021-12-13,0.9333333333333333,-0.057492939134438835,0.21944444444444453
2021-12-14,0.9,-0.08494791537523269,0.21944444444444453
2021-12-15,0.7666666666666667,-0.06830154657363892,0.19444444444444453
2021-12-16,0.7666666666666667,-0.06830154657363892,0.19444444444444453
2021-12-17,0.7333333333333333,-0.09323891003926595,0.19444444444444453
2021-12-18,0.7333333333333333,-0.09323891003926595,0.19444444444444453
2021-12-19,0.7666666666666667,-0.06830154657363892,0.19444444444444453
2021-12-20,0.7666666666666667,-0.06830154657363892,0.19444444444444453
2021-12-21,0.7666666666666667,-0.06830154657363892,0.19444444444444453
2021-12-22,0.8333333333333334,-0.06847902039686839,0.2111111111111112
2021-12-23,0.8333333333333334,-0.06847902039686839,0.2111111111111112
2021-12-24,0.8333333333333334,-0.06847902039686839,0.2111111111111112
2021-12-25,0.8,-0.0352239578962326,0.17777777777777787
2021-12-26,0.7666666666666667,-0.0019205123186111486,0.14444444444444451
2021-12-27,0.7666666666666667,0.002461694677670793,0.14444444444444451
2021-12-28,0.8,-0.030799570679664615,0.17777777777777787
2021-12-29,0.8333333333333334,-0.06214018762111664,0.2111111111111112
2021-12-30,0.7333333333333333,-0.05139511856767867,0.18888888888888897
2021-12-31,0.7333333333333333,-0.05139511856767867,0.18888888888888897
2022-01-01,0.6666666666666666,-0.0051080925597084955,0.16388888888888895
2022-01-02,0.6333333333333333,-0.03819083405865564,0.16388888888888895
2022-01-03,0.6333333333333333,-0.03819083405865564,0.16388888888888895
2022-01-04,0.6333333333333333,-0.03819083405865564,0.16388888888888895
2022-01-05,0.6333333333333333,-0.03819083405865564,0.16388888888888895
2022-01-06,0.8333333333333334,-0.05957333544890087,0.19166666666666674
2022-01-07,0.6333333333333333,-0.047036749786800815,0.16944444444444454
2022-01-08,0.6333333333333333,-0.047036749786800815,0.16944444444444454
2022-01-09,0.6333333333333333,-0.047036749786800815,0.16944444444444454
2022-01-10,0.6333333333333333,-0.05513661172654894,0.16944444444444454
2022-01-11,0.6,-0.08431722687350379,0.1861111111111112
2022-01-12,0.6333333333333333,-0.11657420562373268,0.21944444444444453
2022-01-13,0.6666666666666666,-0.14988581703768838,0.2527777777777779
2022-01-14,0.6666666666666666,-0.14988581703768838,0.2527777777777779
2022-01-15,0.8333333333333334,-0.13253801233238643,0.25944444444444453
2022-01-16,1.7333333333333334,-0.14129487655045075,0.2804320987654322
2022-01-17,2.0,-0.16608790538193266,0.3095987654320988
2022-01-18,1.9666666666666666,-0.1910252688475597,0.3095987654320988
2022-01-19,2.066666666666667,-0.20259841860812386,0.33182098765432105
2022-01-20,2.566666666666667,-0.20074829295093632,0.3473765432098766
2022-01-21,2.533333333333333,-0.23331792091145928,0.36404320987654326
2022-01-22,2.533333333333333,-0.23331792091145928,0.36404320987654326
2022-01-23,2.533333333333333,-0.23331792091145928,0.36404320987654326
2022-01-24,2.533333333333333,-0.23331792091145928,0.36404320987654326
2022-01-25,2.533333333333333,-0.23331792091145928,0.36404320987654326
2022-01-26,2.7,-0.22561264900513636,0.3584876543209877
2022-01-27,2.6666666666666665,-0.19235138364780097,0.3251543209876544
2022-01-28,2.8666666666666667,-0.1842806241016119,0.32039241622574965
2022-01-29,2.8666666666666667,-0.1842806241016119,0.32039241622574965
2022-01-30,2.8666666666666667,-0.1842806241016119,0.32039241622574965
2022-01-31,2.7333333333333334,-0.19835313370829116,0.3120590828924163
2022-02-01,2.7666666666666666,-0.17963076642160905,0.3120590828924163
2022-02-02,2.8,-0.2051319560508459,0.3453924162257496
2022-02-03,2.8,-0.2051319560508459,0.3453924162257496
2022-02-04,2.8,-0.2051319560508459,0.3453924162257496
2022-02-05,2.6,-0.1837494546606007,0.3176146384479719
2022-02-06,2.6,-0.1837494546606007,0.3176146384479719
2022-02-07,2.6,-0.1837494546606007,0.3176146384479719
2022-02-08,2.6,-0.1837494546606007,0.3176146384479719
2022-02-09,2.6,-0.24187380417524404,0.3509479717813052
2022-02-10,2.566666666666667,-0.208581393404192,0.31761463844797183
2022-02-11,2.533333333333333,-0.17632441465396312,0.2842813051146385
2022-02-12,2.5,-0.14301280324000742,0.2509479717813052
2022-02-13,2.5,-0.14301280324000742,0.2509479717813052
2022-02-14,2.3333333333333335,-0.16036060794530935,0.24428130511463853
2022-02-15,1.4333333333333333,-0.15160374372724503,0.22329365079365088
2022-02-16,1.1666666666666667,-0.1268107148957631,0.1941269841269842
2022-02-17,1.2333333333333334,-0.16000269482060087,0.22746031746031753
2022-02-18,1.1333333333333333,-0.1484295450600367,0.20523809523809533
2022-02-19,0.6333333333333333,-0.15027967071722426,0.18968253968253979
2022-02-20,0.6666666666666666,-0.15083121435036737,0.18968253968253979
2022-02-21,0.6666666666666666,-0.15083121435036737,0.18968253968253979
2022-02-22,0.6666666666666666,-0.15083121435036737,0.18968253968253979
2022-02-23,0.6666666666666666,-0.15083121435036737,0.18968253968253979
2022-02-24,0.6666666666666666,-0.15083121435036737,0.18968253968253979
2022-02-25,0.4666666666666667,-0.1297262911285673,0.16190476190476197
2022-02-26,0.5,-0.16302226228373393,0.19523809523809532
2022-02-27,0.9,-0.14766133725643157,0.1877192982456141
2022-02-28,0.9333333333333333,-0.1245584398508072,0.1877192982456141
2022-03-01,0.9333333333333333,-0.1245584398508072,0.1877192982456141
2022-03-02,0.9666666666666667,-0.15786993205547334,0.22105263157894744
2022-03-03,0.9333333333333333,-0.17659229934215545,0.22105263157894744
2022-03-04,0.9,-0.1510911097129186,0.1877192982456141
2022-03-05,0.9,-0.1510911097129186,0.1877192982456141
2022-03-06,0.9,-0.1510911097129186,0.1877192982456141
2022-03-07,0.9333333333333333,-0.12009041607379914,0.1877192982456141
2022-03-08,0.9666666666666667,-0.15341231723626456,0.22105263157894744
2022-03-09,0.9666666666666667,-0.15341231723626456,0.22105263157894744
2022-03-10,1.0,-0.18673730393250784,0.25438596491228077
2022-03-11,0.9666666666666667,-0.15355031788349152,0.22105263157894744
2022-03-12,0.9666666666666667,-0.15355031788349152,0.22105263157894744
2022-03-13,0.9666666666666667,-0.15355031788349152,0.22105263157894744
2022-03-14,0.9666666666666667,-0.15355031788349152,0.22105263157894744
2022-03-15,0.9666666666666667,-0.15355031788349152,0.22105263157894744
2022-03-16,1.0333333333333334,-0.15531440675258637,0.2377192982456141
2022-03-17,1.0333333333333334,-0.15531440675258637,0.2377192982456141
2022-03-18,1.0333333333333334,-0.15531440675258637,0.2377192982456141
2022-03-19,0.9666666666666667,-0.12212242682774861,0.20438596491228075
2022-03-20,0.9666666666666667,-0.12212242682774861,0.20438596491228075
2022-03-21,0.9666666666666667,-0.12212242682774861,0.20438596491228075
2022-03-22,0.9,-0.08882378141085306,0.17105263157894743
2022-03-23,0.9,-0.08882378141085306,0.17105263157894743
2022-03-24,0.9,-0.08882378141085306,0.17105263157894743
2022-03-25,0.9,-0.08882378141085306,0.17105263157894743
2022-03-26,1.0,-0.07994018395741781,0.18216374269005856
2022-03-27,1.0333333333333334,-0.046850556135177614,0.18216374269005856
2022-03-28,1.0333333333333334,0.018886617819468172,0.14883040935672523
2022-03-29,0.5333333333333333,0.01063985625902811,0.15277777777777785
2022-03-30,0.5333333333333333,-0.045782262086868294,0.1861111111111112
2022-03-31,0.5333333333333333,-0.045782262086868294,0.1861111111111112
2022-04-01,0.5,-0.012470769882202156,0.15277777777777785
2022-04-02,0.5,-0.012470769882202156,0.15277777777777785
2022-04-03,0.5333333333333333,-0.04578663706779481,0.1861111111111112
2022-04-04,0.5333333333333333,-0.04578663706779481,0.1861111111111112
2022-04-05,0.6333333333333333,-0.05721041626400418,0.2083333333333334
2022-04-06,0.6,-0.08821110990312366,0.2083333333333334
2022-04-07,0.5666666666666667,-0.05488920874065824,0.17500000000000007
2022-04-08,0.6,-0.08745963441001045,0.2083333333333334
2022-04-09,0.5666666666666667,-0.054134647713767164,0.17500000000000007
2022-04-10,0.5666666666666667,-0.054134647713767164,0.17500000000000007
2022-04-11,0.5666666666666667,-0.054134647713767164,0.17500000000000007
2022-04-12,0.5666666666666667,-0.054134647713767164,0.17500000000000007
2022-04-13,0.5666666666666667,-0.054134647713767164,0.17500000000000007
2022-04-14,0.5666666666666667,-0.054134647713767164,0.17500000000000007
2022-04-15,0.5,-0.052370558844672316,0.15833333333333338
2022-04-16,0.5,-0.052370558844672316,0.15833333333333338
2022-04-17,0.5,-0.052370558844672316,0.15833333333333338
2022-04-18,0.5,-0.052370558844672316,0.15833333333333338
2022-04-19,0.8,-0.034078603762167474,0.1657407407407408
2022-04-20,0.8,-0.034078603762167474,0.1657407407407408
2022-04-21,0.8,-0.034078603762167474,0.1657407407407408
2022-04-22,0.8,-0.034078603762167474,0.1657407407407408
2022-04-23,0.8,-0.034078603762167474,0.1657407407407408
2022-04-24,0.8,-0.034078603762167474,0.1657407407407408
2022-04-25,0.7,-0.04296220121560274,0.1546296296296297
2022-04-26,0.7333333333333333,-0.0778136330622214,0.17129629629629636
2022-04-27,0.8666666666666667,-0.09279792445677298,0.17796296296296304
2022-04-28,0.8333333333333334,-0.08398605986877725,0.17518518518518525
2022-04-29,0.8,-0.05066683892850523,0.14185185185185192
2022-04-30,0.8,-0.05066683892850523,0.14185185185185192
2022-05-01,0.8,-0.05066683892850523,0.14185185185185192
2022-05-02,0.8,-0.05066683892850523,0.14185185185185192
2022-05-03,0.7666666666666667,-0.017350971742912582,0.10851851851851858
2022-05-04,0.7666666666666667,-0.017350971742912582,0.10851851851851858
2022-05-05,0.6666666666666666,-0.005927192546703206,0.08629629629629637
2022-05-06,0.6666666666666666,-0.005927192546703206,0.08629629629629637
2022-05-07,0.6666666666666666,-0.005927192546703206,0.08629629629629637
2022-05-08,0.6333333333333333,0.026643233122649008,0.05296296296296303
2022-05-09,0.8333333333333334,0.025412359458428836,0.06962962962962971
2022-05-10,0.8666666666666667,-0.003719394780971393,0.10296296296296305
2022-05-11,1.0,-0.020389034726001606,0.12796296296296303
2022-05-12,1.1333333333333333,-0.004822541155197009,0.1362962962962964
2022-05-13,1.2,-0.008971125759460316,0.15296296296296305
2022-05-14,1.2,-0.008971125759460316,0.15296296296296305
2022-05-15,1.2,-0.008971125759460316,0.15296296296296305
2022-05-16,1.2333333333333334,-0.03474602389114875,0.18629629629629638
2022-05-17,1.2666666666666666,-0.06794535008845506,0.2196296296296297
2022-05-18,1.2666666666666666,-0.06794535008845506,0.2196296296296297
2022-05-19,0.9666666666666667,-0.08623730517095991,0.21222222222222228
2022-05-20,0.9666666666666667,-0.08623730517095991,0.21222222222222228
2022-05-21,0.9666666666666667,-0.08623730517095991,0.21222222222222228
2022-05-22,1.3,-0.10870720939503778,0.23888888888888896
2022-05-23,1.3,-0.10870720939503777,0.23888888888888896
2022-05-24,1.5,-0.13627767327759,0.27222222222222225
2022-05-25,1.5,-0.13627767327759,0.27222222222222225
2022-05-26,1.4333333333333333,-0.13451586925321155,0.25555555555555565
2022-05-27,1.2666666666666666,-0.15197278065813913,0.24888888888888897
2022-05-28,1.1666666666666667,-0.1446289513177342,0.22666666666666674
2022-05-29,1.2333333333333334,-0.14477405187156467,0.24333333333333343
2022-05-30,1.2333333333333334,-0.14477405187156467,0.24333333333333343
2022-05-31,1.2666666666666666,-0.11476505832539666,0.24333333333333343
2022-06-01,1.3,-0.14797357953257032,0.2766666666666667
2022-06-02,1.3,-0.14797357953257032,0.2766666666666667
2022-06-03,1.3333333333333333,-0.1812453591492441,0.3100000000000001
2022-06-04,1.3333333333333333,-0.1812453591492441,0.3100000000000001
2022-06-05,1.3333333333333333,-0.1812453591492441,0.3100000000000001
2022-06-06,1.3666666666666667,-0.21456019716130365,0.34333333333333343
2022-06-07,1.4333333333333333,-0.22105830248859196,0.3600000000000001
2022-06-08,1.2333333333333334,-0.21982742882437176,0.34333333333333343
2022-06-09,1.2333333333333334,-0.2240161809987492,0.34333333333333343
2022-06-10,1.1,-0.207346541053719,0.3183333333333334
2022-06-11,0.9666666666666667,-0.22291303462452358,0.3100000000000001
2022-06-12,0.9,-0.2187644500202603,0.2933333333333334
2022-06-13,0.9666666666666667,-0.22209848847654132,0.3100000000000001
2022-06-14,1.0666666666666667,-0.21198281731870441,0.32111111111111124
2022-06-15,1.1333333333333333,-0.1780894281466802,0.2988888888888889
2022-06-16,1.1,-0.14489010194937388,0.26555555555555566
2022-06-17,1.1333333333333333,-0.12138302346070608,0.26555555555555566
2022-06-18,1.1333333333333333,-0.12138302346070608,0.26555555555555566
2022-06-19,1.2666666666666666,-0.13455628871917724,0.2905555555555556
2022-06-20,1.2666666666666666,-0.13455628871917724,0.2905555555555556
2022-06-21,0.9333333333333333,-0.1120863844950994,0.26388888888888895
2022-06-22,0.9333333333333333,-0.11208638449509939,0.263888888888889
2022-06-23,0.7333333333333333,-0.08451592061254715,0.23055555555555565
2022-06-24,0.7333333333333333,-0.08451592061254715,0.23055555555555565
2022-06-25,0.7666666666666667,-0.11763889723353917,0.263888888888889
2022-06-26,0.7666666666666667,-0.11763889723353917,0.263888888888889
2022-06-27,0.7666666666666667,-0.11763889723353917,0.263888888888889
2022-06-28,0.7,-0.1174937966797087,0.24722222222222232
2022-06-29,0.7666666666666667,-0.1503289474381341,0.28055555555555567
2022-06-30,0.7333333333333333,-0.18033794098430211,0.28055555555555567
2022-07-01,0.7,-0.14712941977712843,0.24722222222222232
2022-07-02,0.7,-0.14712941977712843,0.24722222222222232
2022-07-03,0.7,-0.14623441033893161,0.24722222222222232
2022-07-04,0.7,-0.14623441033893161,0.24722222222222232
2022-07-05,0.7,-0.14623441033893161,0.24722222222222232
2022-07-06,0.6666666666666666,-0.1129195723268721,0.213888888888889
2022-07-07,0.6,-0.10642146699958378,0.19722222222222233
2022-07-08,0.6,-0.10642146699958378,0.19722222222222233
2022-07-09,0.5666666666666667,-0.07310096058580612,0.163888888888889
2022-07-10,0.5666666666666667,-0.07310096058580612,0.163888888888889
2022-07-11,0.5666666666666667,-0.07310096058580612,0.163888888888889
2022-07-12,0.5666666666666667,-0.07310096058580612,0.163888888888889
2022-07-13,0.5333333333333333,-0.04482955866389805,0.1472222222222223
2022-07-14,0.4666666666666667,-0.08825680944654678,0.16944444444444454
2022-07-15,0.36666666666666664,-0.09637530048688253,0.1583333333333334
2022-07-16,0.36666666666666664,-0.09637530048688253,0.1583333333333334
2022-07-17,0.3333333333333333,-0.11988237897555033,0.1583333333333334
2022-07-18,0.3333333333333333,-0.11988237897555033,0.1583333333333334
2022-07-19,0.2,-0.10670911371707917,0.13333333333333341
2022-07-20,0.2,-0.10670911371707917,0.13333333333333341
2022-07-21,0.2,-0.10670911371707917,0.13333333333333341
2022-07-22,0.2,-0.10670911371707917,0.13333333333333341
2022-07-23,0.2,-0.10670911371707917,0.13333333333333341
2022-07-24,0.2,-0.10670911371707917,0.13333333333333341
2022-07-25,0.16666666666666666,-0.07358613709608713,0.10000000000000007
2022-07-26,0.16666666666666666,-0.07358613709608713,0.10000000000000007
2022-07-27,0.16666666666666666,-0.07358613709608713,0.10000000000000007
2022-07-28,0.16666666666666666,-0.07358613709608713,0.10000000000000007
2022-07-29,0.16666666666666666,-0.04089634319146474,0.08333333333333341
2022-07-30,0.16666666666666666,-0.04089634319146474,0.08333333333333341
2022-07-31,0.16666666666666666,-0.04089634319146474,0.08333333333333341
2022-08-01,0.16666666666666666,-0.04089634319146474,0.08333333333333341
2022-08-02,0.16666666666666666,-0.041841712594032285,0.08333333333333341
2022-08-03,0.16666666666666666,-0.041841712594032285,0.08333333333333341
2022-08-04,0.16666666666666666,-0.041841712594032285,0.08333333333333341
2022-08-05,0.16666666666666666,-0.041841712594032285,0.08333333333333341
2022-08-06,0.16666666666666666,-0.041841712594032285,0.08333333333333341
2022-08-07,0.16666666666666666,-0.041841712594032285,0.08333333333333341
2022-08-08,0.16666666666666666,-0.041841712594032285,0.08333333333333341
2022-08-09,0.16666666666666666,-0.041841712594032285,0.08333333333333341
2022-08-10,0.16666666666666666,-0.041841712594032285,0.08333333333333341
2022-08-11,0.16666666666666666,-0.041841712594032285,0.08333333333333341
2022-08-12,0.13333333333333333,-0.06677907605965933,0.08333333333333341
2022-08-13,0.1,-0.03346749643484751,0.05000000000000007
2022-08-14,0.13333333333333333,-0.06648305555184682,0.08333333333333341
2022-08-15,0.13333333333333333,-0.06648305555184682,0.08333333333333341
2022-08-16,0.13333333333333333,-0.06648305555184682,0.08333333333333341
2022-08-17,0.23333333333333334,-0.059543480144606704,0.09444444444444453
2022-08-18,0.23333333333333334,-0.059543480144606704,0.09444444444444453
2022-08-19,0.23333333333333334,-0.059543480144606704,0.09444444444444453
2022-08-20,0.23333333333333334,-0.059543480144606704,0.09444444444444453
2022-08-21,0.23333333333333334,-0.059543480144606704,0.09444444444444453
2022-08-22,0.23333333333333334,-0.059543480144606704,0.09444444444444453
2022-08-23,0.3,-0.09277144538031684,0.12777777777777785
2022-08-24,0.3,-0.09277144538031684,0.12777777777777785
2022-08-25,0.3,-0.09277144538031684,0.12777777777777785
2022-08-26,0.3,-0.09277144538031684,0.12777777777777785
2022-08-27,0.3,-0.09277144538031684,0.12777777777777785
2022-08-28,0.23333333333333334,-0.09262608852651384,0.11111111111111119
2022-08-29,0.3,-0.09681931800312467,0.12777777777777785
2022-08-30,0.3,-0.09681931800312467,0.12777777777777785
2022-08-31,0.3,-0.09681931800312467,0.12777777777777785
2022-09-01,0.3,-0.0966815021302965,0.12777777777777785
2022-09-02,0.4,-0.10847974419593812,0.15000000000000005
2022-09-03,0.4,-0.10847974419593812,0.15000000000000005
2022-09-04,0.4,-0.10847974419593812,0.15000000000000005
2022-09-05,0.4,-0.10847974419593812,0.15000000000000005
2022-09-06,0.43333333333333335,-0.08150187333424887,0.15000000000000005
2022-09-07,0.43333333333333335,-0.08150187333424887,0.15000000000000005
2022-09-08,0.4666666666666667,-0.11410378813743591,0.1833333333333334
2022-09-09,0.4666666666666667,-0.11410378813743591,0.1833333333333334
2022-09-10,0.5666666666666667,-0.12785504129197864,0.20555555555555563
2022-09-11,0.5666666666666667,-0.12785504129197864,0.20555555555555563
2022-09-12,0.5666666666666667,-0.12785504129197864,0.20555555555555563
2022-09-13,0.5333333333333333,-0.09483948217497933,0.1722222222222223
2022-09-14,0.5333333333333333,-0.09483948217497933,0.1722222222222223
2022-09-15,0.5333333333333333,-0.09483948217497933,0.1722222222222223
2022-09-16,0.43333333333333335,-0.10177905758221945,0.16111111111111118
2022-09-17,0.5666666666666667,-0.13370196173588436,0.19444444444444453
2022-09-18,0.5666666666666667,-0.13370196173588436,0.19444444444444453
2022-09-19,0.5666666666666667,-0.13370196173588436,0.19444444444444453
2022-09-20,0.6333333333333333,-0.1332263176639875,0.2111111111111112
2022-09-21,0.8,-0.13073612103859583,0.22444444444444453
2022-09-22,0.8333333333333334,-0.1307635494404369,0.22444444444444453
2022-09-23,0.8333333333333334,-0.1307635494404369,0.22444444444444453
2022-09-24,0.8333333333333334,-0.1307635494404369,0.22444444444444453
2022-09-25,0.8333333333333334,-0.1307635494404369,0.22444444444444453
2022-09-26,0.8333333333333334,-0.1307635494404369,0.22444444444444453
2022-09-27,0.8666666666666667,-0.10582618597480985,0.22444444444444453
2022-09-28,0.8666666666666667,-0.1349372136924002,0.2411111111111112
2022-09-29,0.8666666666666667,-0.1349372136924002,0.2411111111111112
2022-09-30,0.9666666666666667,-0.14606135769022838,0.2633333333333334
2022-10-01,1.0333333333333334,-0.10187248273028267,0.2411111111111112
2022-10-02,1.0333333333333334,-0.10102701667282317,0.24111111111111116
2022-10-03,1.0333333333333334,-0.10102701667282317,0.24111111111111116
2022-10-04,1.1333333333333333,-0.10892062799798118,0.2633333333333334
2022-10-05,1.1333333333333333,-0.10892062799798118,0.2633333333333334
2022-10-06,1.1333333333333333,-0.16866922593779035,0.29666666666666675
2022-10-07,1.1333333333333333,-0.16866922593779035,0.29666666666666675
2022-10-08,1.1,-0.1360673111346033,0.2633333333333334
2022-10-09,1.1,-0.1360673111346033,0.2633333333333334
2022-10-10,1.0,-0.12231605798006058,0.2411111111111112
2022-10-11,1.0,-0.12231605798006058,0.2411111111111112
2022-10-12,1.0,-0.12231605798006058,0.2411111111111112
2022-10-13,1.0,-0.12231605798006058,0.2411111111111112
2022-10-14,1.0,-0.12231605798006058,0.2411111111111112
2022-10-15,1.0,-0.12231605798006058,0.2411111111111112
2022-10-16,1.0333333333333334,-0.09315533588329951,0.2411111111111112
2022-10-17,0.9,-0.061232431729634614,0.20777777777777787
2022-10-18,0.9333333333333333,-0.0945451021194458,0.2411111111111112
2022-10-19,0.9333333333333333,-0.0945451021194458,0.2411111111111112
2022-10-20,0.8666666666666667,-0.09502074619134267,0.22444444444444453
2022-10-21,0.7,-0.09751094281673431,0.2111111111111112
2022-10-22,0.6,-0.06425554917918312,0.17777777777777787
2022-10-23,0.7,-0.0338858402437634,0.17777777777777787
2022-10-24,0.7333333333333333,-0.06202151940928566,0.2111111111111112
2022-10-25,0.8,-0.09432734217908648,0.24444444444444452
2022-10-26,0.9333333333333333,-0.08185748573806552,0.2527777777777779
2022-10-27,1.0666666666666667,-0.11519992467429903,0.27277777777777784
2022-10-28,1.1,-0.11496102561553319,0.27277777777777784
2022-10-29,1.1,-0.11496102561553319,0.27277777777777784
2022-10-30,1.1333333333333333,-0.1367651397983233,0.28388888888888897
2022-10-31,1.0333333333333334,-0.14776969105005264,0.2727777777777779
2022-11-01,0.9333333333333333,-0.13681691504187052,0.2505555555555556
2022-11-02,0.9333333333333333,-0.13681691504187052,0.25055555555555564
2022-11-03,0.9,-0.16196359876129363,0.26166666666666677
2022-11-04,0.9666666666666667,-0.19498936815394297,0.2950000000000001
2022-11-05,0.9666666666666667,-0.12895044767194325,0.26166666666666677
2022-11-06,1.0,-0.11017462495300506,0.26166666666666677
2022-11-07,1.0666666666666667,-0.1146215566330486,0.27833333333333343
2022-11-08,1.0666666666666667,-0.1146215566330486,0.27833333333333343
2022-11-09,1.0666666666666667,-0.1146215566330486,0.27833333333333343
2022-11-10,1.0666666666666667,-0.1146215566330486,0.27833333333333343
2022-11-11,1.0666666666666667,-0.1146215566330486,0.27833333333333343
2022-11-12,1.0666666666666667,-0.1146215566330486,0.27833333333333343
2022-11-13,1.0666666666666667,-0.1146215566330486,0.27833333333333343
2022-11-14,1.0666666666666667,-0.1146215566330486,0.27833333333333343
2022-11-15,1.0333333333333334,-0.14378227872980967,0.27833333333333343
2022-11-16,1.0333333333333334,-0.14378227872980967,0.27833333333333343
2022-11-17,1.0,-0.11046960833999847,0.24500000000000008
2022-11-18,1.0,-0.11046960833999847,0.24500000000000008
2022-11-19,1.0,-0.11046960833999847,0.24500000000000008
2022-11-20,1.0,-0.11046960833999847,0.24500000000000008
2022-11-21,1.0,-0.11046960833999847,0.24500000000000008
2022-11-22,0.9,-0.14083931727541818,0.24500000000000008
2022-11-23,0.8666666666666667,-0.11270363810989593,0.21166666666666675
2022-11-24,0.8333333333333334,-0.09958434585067961,0.21166666666666675
2022-11-25,0.7,-0.11205420229170059,0.20333333333333342
2022-11-26,0.5333333333333333,-0.1036491268210941,0.18333333333333343
2022-11-27,0.43333333333333335,-0.07058376868565877,0.15000000000000005
2022-11-28,0.4666666666666667,-0.04558420777320862,0.15000000000000005
2022-11-29,0.3333333333333333,-0.01265594959259034,0.11666666666666675
2022-11-30,0.3333333333333333,-0.01265594959259034,0.11666666666666675
2022-12-01,0.36666666666666664,-0.045819739500681564,0.15000000000000008
2022-12-02,0.36666666666666664,-0.045819739500681564,0.15000000000000008
2022-12-03,0.3,-0.01277944445610047,0.11666666666666675
2022-12-04,0.23333333333333334,0.020246324936548862,0.08333333333333343
2022-12-05,0.2,-0.01302186846733094,0.08333333333333343
2022-12-06,0.16666666666666666,-0.031797691186269135,0.08333333333333343
2022-12-07,0.2,-0.019026095999611754,0.07777777777777786
2022-12-08,0.2,-0.019026095999611754,0.07777777777777786
2022-12-09,0.2,-0.019026095999611754,0.07777777777777786
2022-12-10,0.2,-0.019026095999611754,0.07777777777777786
2022-12-11,0.2,-0.019026095999611754,0.07777777777777786
2022-12-12,0.2,-0.019026095999611754,0.07777777777777786
2022-12-13,0.26666666666666666,-0.01875138613912795,0.09444444444444453
2022-12-14,0.26666666666666666,-0.01875138613912795,0.09444444444444453
2022-12-15,0.26666666666666666,-0.01875138613912795,0.09444444444444453
2022-12-16,0.26666666666666666,-0.01875138613912795,0.09444444444444453
2022-12-17,0.26666666666666666,-0.01875138613912795,0.09444444444444453
2022-12-18,0.3,0.006185977326499085,0.09444444444444453
2022-12-19,0.3,0.006185977326499085,0.09444444444444453
2022-12-20,0.3,0.006185977326499085,0.09444444444444453
2022-12-21,0.3,0.006185977326499085,0.09444444444444453
2022-12-22,0.3,0.006185977326499085,0.09444444444444453
2022-12-23,0.3,0.006185977326499085,0.09444444444444453
2022-12-24,0.26666666666666666,0.0253725078370836,0.06111111111111119
2022-12-25,0.26666666666666666,0.0253725078370836,0.06111111111111119
2022-12-26,0.26666666666666666,0.0253725078370836,0.06111111111111119
2022-12-27,0.5666666666666667,0.013759324506477067,0.08333333333333341
2022-12-28,0.9333333333333333,-0.03760366368073005,0.11388888888888896
2022-12-29,1.0,-0.07024167306997159,0.14722222222222228
2022-12-30,1.1333333333333333,-0.06800225056983808,0.16388888888888895
2022-12-31,1.1,-0.034838460661746846,0.13055555555555562
2023-01-01,1.1333333333333333,-0.06816033798235435,0.16388888888888895
2023-01-02,1.1333333333333333,-0.06816033798235435,0.16388888888888895
2023-01-03,1.1666666666666667,-0.04322297451672731,0.16388888888888895
2023-01-04,1.1666666666666667,-0.04322297451672731,0.16388888888888895
2023-01-05,1.1666666666666667,-0.04322297451672731,0.16388888888888895
2023-01-06,1.0666666666666667,-0.05154763802334115,0.15277777777777785
2023-01-07,1.0666666666666667,-0.05154763802334115,0.15277777777777785
2023-01-08,1.1,-0.08481376910651171,0.1861111111111112
2023-01-09,1.1,-0.08481376910651171,0.1861111111111112
2023-01-10,1.1,-0.08481376910651171,0.1861111111111112
2023-01-11,1.1,-0.08481376910651171,0.1861111111111112
2023-01-12,1.0333333333333334,-0.08508847896699552,0.16944444444444454
2023-01-13,1.0333333333333334,-0.08508847896699552,0.16944444444444454
2023-01-14,1.0333333333333334,-0.08508847896699552,0.16944444444444454
2023-01-15,1.0333333333333334,-0.08508847896699552,0.16944444444444454
2023-01-16,1.0333333333333334,-0.08508847896699552,0.16944444444444454
2023-01-17,1.0,-0.11002584243262256,0.16944444444444454
2023-01-18,1.0333333333333334,-0.14289854908431018,0.20277777777777786
2023-01-19,1.1,-0.14670015617653176,0.21944444444444453
2023-01-20,1.1666666666666667,-0.17905846182946805,0.2527777777777779
2023-01-21,1.3333333333333333,-0.1587813506965284,0.25944444444444453
2023-01-22,1.3333333333333333,-0.1587813506965284,0.25944444444444453
2023-01-23,1.3333333333333333,-0.1587813506965284,0.25944444444444453
2023-01-24,1.3666666666666667,-0.12635436559164964,0.25944444444444453
2023-01-25,1.4,-0.1595888982658033,0.29277777777777786
2023-01-26,1.2,-0.15872275292873386,0.2927777777777779
2023-01-27,0.8,-0.13235932565397687,0.2622222222222223
2023-01-28,0.7666666666666667,-0.13304096635844972,0.2622222222222223
2023-01-29,0.6333333333333333,-0.13528038885858326,0.24555555555555564
2023-01-30,0.6666666666666666,-0.16855999853875903,0.27888888888888896
2023-01-31,0.6333333333333333,-0.13523812121815154,0.24555555555555564
2023-02-01,0.6333333333333333,-0.13523812121815154,0.24555555555555564
2023-02-02,0.6,-0.16017548468377857,0.24555555555555564
2023-02-03,0.6,-0.16017548468377857,0.24555555555555564
2023-02-04,0.6,-0.16017548468377857,0.24555555555555564
2023-02-05,0.6,-0.16017548468377857,0.24555555555555564
2023-02-06,0.6,-0.16017548468377857,0.24555555555555564
2023-02-07,0.5666666666666667,-0.12690935360060798,0.21222222222222228
2023-02-08,0.6,-0.14489481078253855,0.24555555555555564
2023-02-09,0.6,-0.14489481078253855,0.24555555555555564
2023-02-10,0.6,-0.14489481078253855,0.24555555555555564
2023-02-11,0.6,-0.14489481078253855,0.24555555555555564
2023-02-12,0.6,-0.14489481078253855,0.24555555555555564
2023-02-13,0.6,-0.14489481078253855,0.24555555555555564
2023-02-14,0.6,-0.14489481078253855,0.24555555555555564
2023-02-15,0.6,-0.14489481078253855,0.24555555555555564
2023-02-16,0.6,-0.14489481078253855,0.24555555555555564
2023-02-17,0.6666666666666666,-0.12755762762493558,0.2344444444444445
2023-02-18,0.6,-0.123756020532714,0.21777777777777782
2023-02-19,0.5333333333333333,-0.09139771487977771,0.1844444444444445
2023-02-20,0.36666666666666664,-0.11167482601271736,0.17777777777777787
2023-02-21,0.43333333333333335,-0.1116811967558331,0.19444444444444453
2023-02-22,0.4666666666666667,-0.14491572942998676,0.22777777777777786
2023-02-23,0.4666666666666667,-0.21053117679225075,0.2611111111111112
2023-02-24,0.43333333333333335,-0.17729664411809712,0.22777777777777786
2023-02-25,0.3333333333333333,-0.16654960612456005,0.20555555555555563
2023-02-26,0.43333333333333335,-0.15854642821682824,0.21666666666666676
2023-02-27,0.43333333333333335,-0.15802210801177555,0.21666666666666673
2023-02-28,0.43333333333333335,-0.15802210801177555,0.21666666666666673
2023-03-01,0.43333333333333335,-0.1580546620819304,0.21666666666666673
2023-03-02,0.5333333333333333,-0.1744154946671592,0.23888888888888896
2023-03-03,0.5666666666666667,-0.20756652322080402,0.27222222222222225
2023-03-04,0.7,-0.24085145162211527,0.3055555555555556
2023-03-05,0.7,-0.24085145162211527,0.3055555555555556
2023-03-06,0.7333333333333333,-0.20844635930326252,0.3055555555555556
2023-03-07,0.7333333333333333,-0.20844635930326252,0.3055555555555556
2023-03-08,0.7333333333333333,-0.20844635930326252,0.3055555555555556
2023-03-09,0.7666666666666667,-0.24117149677541522,0.3388888888888889
2023-03-10,0.7666666666666667,-0.2564983543422487,0.3388888888888889
2023-03-11,0.7666666666666667,-0.2564983543422487,0.3388888888888889
2023-03-12,0.8,-0.2898138201898999,0.3722222222222223
2023-03-13,0.8,-0.2898138201898999,0.3722222222222223
2023-03-14,0.8,-0.2898138201898999,0.3722222222222223
2023-03-15,0.8,-0.2898138201898999,0.3722222222222223
2023-03-16,0.8,-0.2898138201898999,0.3722222222222223
2023-03-17,0.8,-0.2898138201898999,0.3722222222222223
2023-03-18,0.8,-0.2898138201898999,0.3722222222222223
2023-03-19,0.7,-0.2742782966958152,0.35000000000000014
2023-03-20,0.7,-0.2742782966958152,0.35000000000000014
2023-03-21,0.7333333333333333,-0.30743646389908263,0.38333333333333347
2023-03-22,0.7666666666666667,-0.2742909885115094,0.38333333333333347
2023-03-23,0.8,-0.30717722243732876,0.40000000000000013
2023-03-24,0.7666666666666667,-0.27394268976317515,0.3666666666666668
2023-03-25,0.7333333333333333,-0.24075422750578987,0.3333333333333334
2023-03-26,0.7333333333333333,-0.24075422750578987,0.3333333333333334
2023-03-27,0.7333333333333333,-0.24075422750578987,0.3333333333333334
2023-03-28,0.6666666666666666,-0.28181263539526197,0.35555555555555557
2023-03-29,0.6666666666666666,-0.28233253293567234,0.35555555555555557
2023-03-30,0.7,-0.3155966036849552,0.38888888888888895
2023-03-31,0.6666666666666666,-0.28228443993462454,0.35555555555555557
2023-04-01,0.5666666666666667,-0.26592360734939574,0.3333333333333334
2023-04-02,0.5333333333333333,-0.23277257879575095,0.3000000000000001
2023-04-03,0.43333333333333335,-0.23270778656005858,0.3000000000000001
2023-04-04,0.43333333333333335,-0.23270778656005858,0.3000000000000001
2023-04-05,0.4,-0.26511287887891133,0.3000000000000001
2023-04-06,0.4,-0.26511287887891133,0.3000000000000001
2023-04-07,0.4,-0.26511287887891133,0.3000000000000001
2023-04-08,0.36666666666666664,-0.23238774140675864,0.2666666666666668
2023-04-09,0.3333333333333333,-0.19907542665799458,0.23333333333333342
2023-04-10,0.3333333333333333,-0.19907542665799458,0.2333333333333334
2023-04-11,0.36666666666666664,-0.16572783390680948,0.21666666666666673
2023-04-12,0.36666666666666664,-0.16572783390680948,0.21666666666666673
2023-04-13,0.36666666666666664,-0.16572783390680948,0.21666666666666673
2023-04-14,0.36666666666666664,-0.16572783390680948,0.21666666666666673
2023-04-15,0.36666666666666664,-0.16572783390680948,0.21666666666666673
2023-04-16,0.36666666666666664,-0.16572783390680948,0.21666666666666673
2023-04-17,0.36666666666666664,-0.16572783390680948,0.21666666666666673
2023-04-18,0.36666666666666664,-0.16572783390680948,0.21666666666666673
2023-04-19,0.36666666666666664,-0.16572783390680948,0.21666666666666673
2023-04-20,0.3333333333333333,-0.13256966670354206,0.1833333333333334
2023-04-21,0.3,-0.16571514209111532,0.1833333333333334
2023-04-22,0.23333333333333334,-0.16612097422281902,0.1833333333333334
2023-04-23,0.23333333333333334,-0.16612097422281902,0.1833333333333334
2023-04-24,0.23333333333333334,-0.16612097422281902,0.1833333333333334
2023-04-25,0.23333333333333334,-0.16612097422281902,0.1833333333333334
2023-04-26,0.23333333333333334,-0.16612097422281902,0.1833333333333334
2023-04-27,0.2,-0.1330657442410787,0.15000000000000005
2023-04-28,0.16666666666666666,-0.09975051681200663,0.11666666666666674
2023-04-29,0.13333333333333333,-0.0664864460627238,0.08333333333333341
2023-04-30,0.13333333333333333,-0.0664864460627238,0.08333333333333341
2023-05-01,0.13333333333333333,-0.0664864460627238,0.08333333333333341
2023-05-02,0.13333333333333333,-0.0664864460627238,0.08333333333333341
2023-05-03,0.1,-0.033266309897104905,0.05000000000000007
2023-05-04,0.1,-0.033266309897104905,0.05000000000000007
2023-05-05,0.1,-0.033266309897104905,0.05000000000000007
2023-05-06,0.1,-0.033266309897104905,0.05000000000000007
2023-05-07,0.1,-0.033266309897104905,0.05000000000000007
2023-05-08,0.1,-0.033266309897104905,0.05000000000000007
2023-05-09,0.1,-0.033266309897104905,0.05000000000000007
2023-05-10,0.1,-0.033266309897104905,0.05000000000000007
2023-05-11,0.1,-0.03348401685555777,0.05000000000000007
2023-05-12,0.1,-0.03348401685555777,0.05000000000000007
2023-05-13,0.1,-0.03348401685555777,0.05000000000000007
2023-05-14,0.1,-0.03348401685555777,0.05000000000000007
2023-05-15,0.1,-0.03348401685555777,0.05000000000000007
2023-05-16,0.1,-0.03348401685555777,0.05000000000000007
2023-05-17,0.1,-0.03348401685555777,0.05000000000000007
2023-05-18,0.1,-0.03348401685555777,0.05000000000000007
2023-05-19,0.1,-0.03348401685555777,0.05000000000000007
2023-05-20,0.1,-0.03348401685555777,0.05000000000000007
2023-05-21,0.1,-0.03348401685555777,0.05000000000000007
2023-05-22,0.06666666666666667,-0.00018558005491893238,0.01666666666666674
2023-05-23,0.06666666666666667,-0.00018558005491893238,0.01666666666666674
2023-05-24,0.13333333333333333,-0.03350033958752951,0.05000000000000007
2023-05-25,0.13333333333333333,-0.03350033958752951,0.05000000000000007
2023-05-26,0.13333333333333333,-0.03350033958752951,0.05000000000000007
2023-05-27,0.13333333333333333,-0.03350033958752951,0.05000000000000007
2023-05-28,0.13333333333333333,-0.03350033958752951,0.05000000000000007
2023-05-29,0.13333333333333333,-0.03350033958752951,0.05000000000000007
2023-05-30,0.16666666666666666,-0.06659915645917257,0.08333333333333341
2023-05-31,0.16666666666666666,-0.06659915645917257,0.08333333333333341
2023-06-01,0.2,-0.03344985445340475,0.08333333333333341
2023-06-02,0.2,-0.03344985445340475,0.08333333333333341
2023-06-03,0.2,-0.03344985445340475,0.08333333333333341
2023-06-04,0.2,-0.03344985445340475,0.08333333333333341
2023-06-05,0.2,-0.03344985445340475,0.08333333333333341
2023-06-06,0.2,-0.03344985445340475,0.08333333333333341
2023-06-07,0.2,-0.03344985445340475,0.08333333333333341
2023-06-08,0.2,-0.03344985445340475,0.08333333333333341
2023-06-09,0.2,-0.03344985445340475,0.08333333333333341
2023-06-10,0.13333333333333333,-0.033264274398485824,0.06666666666666674
2023-06-11,0.16666666666666666,-0.00029878516991933927,0.06666666666666674
2023-06-12,0.16666666666666666,-0.00029878516991933927,0.06666666666666674
2023-06-13,0.16666666666666666,-0.00029878516991933927,0.06666666666666674
2023-06-14,0.26666666666666666,-0.011382056938277357,0.08888888888888896
2023-06-15,0.3,-0.04467988378471799,0.12222222222222229
2023-06-16,0.3333333333333333,-0.07799085742897457,0.1555555555555556
2023-06-17,0.3333333333333333,-0.07799085742897457,0.1555555555555556
2023-06-18,0.3333333333333333,-0.07799085742897457,0.1555555555555556
2023-06-19,0.3333333333333333,-0.07799085742897457,0.1555555555555556
2023-06-20,0.3333333333333333,-0.07799085742897457,0.1555555555555556
2023-06-21,0.3333333333333333,-0.07799085742897457,0.1555555555555556
2023-06-22,0.3333333333333333,-0.07799085742897457,0.1555555555555556
2023-06-23,0.26666666666666666,-0.044676097896364,0.12222222222222229
2023-06-24,0.3333333333333333,-0.011378429995642774,0.12222222222222229
2023-06-25,0.3333333333333333,-0.011378429995642774,0.12222222222222229
2023-06-26,0.3333333333333333,-0.011378429995642774,0.12222222222222229
2023-06-27,0.36666666666666664,-0.04453490641382006,0.1555555555555556
2023-06-28,0.36666666666666664,-0.04453490641382006,0.1555555555555556
2023-06-29,0.3333333333333333,-0.011436089542176993,0.12222222222222229
2023-06-30,0.3333333333333333,-0.011436089542176993,0.12222222222222229
2023-07-01,0.3,-0.044585391547944817,0.12222222222222229
2023-07-02,0.3,-0.044585391547944817,0.12222222222222229
2023-07-03,0.3,-0.044585391547944817,0.12222222222222229
2023-07-04,0.3,-0.044585391547944817,0.12222222222222229
2023-07-05,0.3,-0.044585391547944817,0.12222222222222229
2023-07-06,0.3,-0.044585391547944817,0.12222222222222229
2023-07-07,0.3,-0.044585391547944817,0.12222222222222229
2023-07-08,0.3,-0.044585391547944817,0.12222222222222229
2023-07-09,0.3,-0.044585391547944817,0.12222222222222229
2023-07-10,0.3,-0.044585391547944817,0.12222222222222229
2023-07-11,0.26666666666666666,-0.0775508807765113,0.12222222222222229
2023-07-12,0.26666666666666666,-0.0775508807765113,0.12222222222222229
2023-07-13,0.26666666666666666,-0.0775508807765113,0.12222222222222229
2023-07-14,0.16666666666666666,-0.06646760900815328,0.10000000000000007
2023-07-15,0.13333333333333333,-0.03316978216171265,0.06666666666666674
2023-07-16,0.1,0.00014119148254393792,0.03333333333333341
2023-07-17,0.1,0.00014119148254393792,0.03333333333333341
2023-07-18,0.13333333333333333,-0.03317758440971375,0.06666666666666674
2023-07-19,0.13333333333333333,-0.03317758440971375,0.06666666666666674
2023-07-20,0.13333333333333333,-0.03317758440971375,0.06666666666666674
2023-07-21,0.13333333333333333,-0.03317758440971375,0.06666666666666674
2023-07-22,0.13333333333333333,-0.03317758440971375,0.06666666666666674
2023-07-23,0.13333333333333333,-0.03317758440971375,0.06666666666666674
2023-07-24,0.4666666666666667,-0.08174485100640191,0.09166666666666674
2023-07-25,0.4666666666666667,-0.08174485100640191,0.09166666666666674
2023-07-26,0.4666666666666667,-0.08174485100640191,0.09166666666666674
2023-07-27,0.43333333333333335,-0.04858837458822463,0.05833333333333341
2023-07-28,0.4666666666666667,-0.08190773063235814,0.09166666666666674
2023-07-29,0.5,-0.11522015664312575,0.12500000000000008
2023-07-30,0.5,-0.11522015664312575,0.12500000000000008
2023-07-31,0.5,-0.11522015664312575,0.12500000000000008
2023-08-01,0.5333333333333333,-0.148541302813424,0.15833333333333338
2023-08-02,0.8333333333333334,-0.18132012420230442,0.19166666666666674
2023-08-03,0.8333333333333334,-0.18132012420230442,0.19166666666666674
2023-08-04,0.8333333333333334,-0.18132012420230442,0.19166666666666674
2023-08-05,0.8333333333333334,-0.18132012420230442,0.19166666666666674
2023-08-06,0.8333333333333334,-0.18132012420230442,0.19166666666666674
2023-08-07,0.8333333333333334,-0.18132012420230442,0.19166666666666674
2023-08-08,0.8333333333333334,-0.18132012420230442,0.19166666666666674
2023-08-09,0.9,-0.1892055415444904,0.2083333333333334
2023-08-10,0.9,-0.1892055415444904,0.2083333333333334
2023-08-11,1.1,-0.22197571330600316,0.24166666666666672
2023-08-12,1.1,-0.22197571330600316,0.24166666666666672
2023-08-13,1.1666666666666667,-0.2552051249477599,0.2750000000000001
2023-08-14,1.1666666666666667,-0.2552051249477599,0.2750000000000001
2023-08-15,1.2,-0.22228615714444055,0.2750000000000001
2023-08-16,1.2666666666666666,-0.2555673384004169,0.3083333333333334
2023-08-17,1.2333333333333334,-0.22224856250815922,0.2750000000000001
2023-08-18,1.2666666666666666,-0.25551210277610353,0.3083333333333334
2023-08-19,1.2666666666666666,-0.25551210277610353,0.3083333333333334
2023-08-20,1.2666666666666666,-0.25551210277610353,0.3083333333333334
2023-08-21,1.3,-0.2884770555628671,0.34166666666666673
2023-08-22,1.3,-0.2884770555628671,0.34166666666666673
2023-08-23,0.9,-0.2732074568669001,0.3166666666666667
2023-08-24,0.9333333333333333,-0.30637068053086597,0.35000000000000003
2023-08-25,0.9666666666666667,-0.27334366341431937,0.35000000000000003
2023-08-26,0.9666666666666667,-0.27334366341431937,0.35000000000000003
2023-08-27,0.9333333333333333,-0.24002430737018585,0.3166666666666667
2023-08-28,0.9333333333333333,-0.24003123740355173,0.3166666666666667
2023-08-29,0.9333333333333333,-0.24003123740355173,0.3166666666666667
2023-08-30,0.9333333333333333,-0.24003123740355173,0.3166666666666667
2023-08-31,0.9,-0.20671009123325348,0.2833333333333334
2023-09-01,0.6,-0.17393126984437307,0.25000000000000006
2023-09-02,0.6,-0.17393126984437307,0.25000000000000006
2023-09-03,0.6,-0.17393126984437307,0.25000000000000006
2023-09-04,0.6,-0.17393126984437307,0.25000000000000006
2023-09-05,0.6,-0.17393126984437307,0.25000000000000006
2023-09-06,0.6,-0.17393126984437307,0.25000000000000006
2023-09-07,0.6,-0.17393126984437307,0.25000000000000006
2023-09-08,0.6333333333333333,-0.17475103272332088,0.25555555555555565
2023-09-09,0.6333333333333333,-0.17475103272332088,0.25555555555555565
2023-09-10,0.4666666666666667,-0.17526823514037662,0.25555555555555565
2023-09-11,0.5666666666666667,-0.14763476418124305,0.25555555555555565
2023-09-12,0.5,-0.11440535253948636,0.2222222222222223
2023-09-13,0.7666666666666667,-0.12212508362200528,0.24305555555555564
2023-09-14,0.8666666666666667,-0.15478865297304262,0.2597222222222223
2023-09-15,0.8,-0.12150747171706626,0.22638888888888895
2023-09-16,0.8,-0.12150747171706626,0.22638888888888895
2023-09-17,0.7666666666666667,-0.08824393144912192,0.19305555555555562
2023-09-18,0.7666666666666667,-0.08824393144912192,0.19305555555555562
2023-09-19,0.7666666666666667,-0.08824393144912192,0.19305555555555562
2023-09-20,0.7333333333333333,-0.0552789786623584,0.1597222222222223
2023-09-21,0.7666666666666667,-0.08859779031740295,0.19305555555555562
2023-09-22,0.8,-0.12171224744783508,0.22638888888888895
2023-09-23,0.7666666666666667,-0.08854902378386922,0.19305555555555562
2023-09-24,0.7333333333333333,-0.12157604090041585,0.19305555555555562
2023-09-25,0.7333333333333333,-0.12157604090041585,0.19305555555555562
2023-09-26,0.8,-0.15472467235392998,0.22638888888888895
2023-09-27,0.7666666666666667,-0.12140531630979644,0.19305555555555562
2023-09-28,0.7666666666666667,-0.12140531630979644,0.19305555555555562
2023-09-29,0.7666666666666667,-0.12140531630979644,0.19305555555555562
2023-09-30,0.7666666666666667,-0.12140531630979644,0.19305555555555562
2023-10-01,0.7666666666666667,-0.12140531630979644,0.19305555555555562
2023-10-02,0.7666666666666667,-0.12140531630979644,0.19305555555555562
2023-10-03,0.7666666666666667,-0.12140531630979644,0.19305555555555562
2023-10-04,0.7666666666666667,-0.12140531630979644,0.19305555555555562
2023-10-05,0.7666666666666667,-0.12140531630979644,0.19305555555555562
2023-10-06,0.7666666666666667,-0.12140531630979644,0.19305555555555562
2023-10-07,0.7666666666666667,-0.12140531630979644,0.19305555555555562
2023-10-08,0.6666666666666666,-0.11270013608866268,0.1708333333333334
2023-10-09,0.7,-0.14602329689595436,0.20416666666666672
2023-10-10,0.6666666666666666,-0.11273592271738583,0.1708333333333334
2023-10-11,0.5666666666666667,-0.1403693936765194,0.1708333333333334
2023-10-12,0.5666666666666667,-0.1403693936765194,0.1708333333333334
2023-10-13,0.3,-0.1326496625940005,0.15000000000000005
2023-10-14,0.2,-0.16617376108964285,0.1666666666666667
2023-10-15,0.6333333333333333,-0.15081479297234462,0.17435897435897443
2023-10-16,0.7,-0.15086146142238227,0.1910256410256411
2023-10-17,0.7,-0.15086146142238227,0.1910256410256411
2023-10-18,0.7,-0.15086146142238227,0.1910256410256411
2023-10-19,0.7,-0.15086146142238227,0.1910256410256411
2023-10-20,0.7,-0.15086146142238227,0.1910256410256411
2023-10-21,0.6666666666666666,-0.1175426497673377,0.15769230769230774
2023-10-22,0.6333333333333333,-0.08442819263690557,0.12435897435897443
2023-10-23,0.6666666666666666,-0.05674445972992824,0.12435897435897443
2023-10-24,0.7333333333333333,-0.08498535301440802,0.15769230769230777
2023-10-25,0.8,-0.08387661423438635,0.17435897435897446
2023-10-26,0.7666666666666667,-0.017557113827803197,0.1410256410256411
2023-10-27,0.7666666666666667,-0.017557113827803204,0.1410256410256411
2023-10-28,0.7666666666666667,-0.017557113827803204,0.1410256410256411
2023-10-29,0.7666666666666667,-0.017557113827803204,0.1410256410256411
2023-10-30,0.7666666666666667,-0.017557113827803204,0.1410256410256411
2023-10-31,0.7666666666666667,-0.017557113827803204,0.1410256410256411
2023-11-01,0.7666666666666667,-0.017557113827803204,0.1410256410256411
2023-11-02,0.7666666666666667,-0.017557113827803204,0.1410256410256411
2023-11-03,0.8333333333333334,-0.050481194716233475,0.17435897435897446
2023-11-04,0.9666666666666667,-0.022490176023581096,0.17435897435897446
2023-11-05,1.0,-0.0495925172781333,0.2076923076923078
2023-11-06,1.0,-0.0495925172781333,0.2076923076923078
2023-11-07,1.0,-0.0495925172781333,0.2076923076923078
2023-11-08,1.0,-0.049431793353496456,0.2076923076923078
2023-11-09,1.0,-0.049431793353496456,0.2076923076923078
2023-11-10,1.0,-0.049431793353496456,0.2076923076923078
2023-11-11,1.0,-0.049431793353496456,0.2076923076923078
2023-11-12,1.0,-0.049431793353496456,0.2076923076923078
2023-11-13,0.9666666666666667,-0.016163093310136066,0.17435897435897446
2023-11-14,0.5333333333333333,-0.03152206142743429,0.1666666666666667
2023-11-15,0.4666666666666667,-0.031475392977396655,0.15000000000000005
2023-11-16,0.4666666666666667,-0.031475392977396655,0.15000000000000005
2023-11-17,0.5666666666666667,-0.02469627393616571,0.16111111111111118
2023-11-18,0.6333333333333333,-0.057908828390969176,0.19444444444444453
2023-11-19,1.2,-0.09049538611586577,0.22777777777777786
2023-11-20,5.2,-0.11040169778018218,0.2541666666666667
2023-11-21,8.433333333333334,-0.11123987222324684,0.2703178694158076
2023-11-22,11.4,-0.13842860692242545,0.2858734249713632
2023-11-23,13.366666666666667,-0.12246936928435845,0.2749444632227293
2023-11-24,16.266666666666666,-0.1276730299149132,0.27625532464595026
2023-11-25,16.466666666666665,-0.15815396282047364,0.29054103893166455
2023-11-26,16.666666666666668,-0.18039654598935112,0.31831881670944234
2023-11-27,16.766666666666666,-0.19629224313269392,0.3405410389316646
2023-11-28,17.3,-0.19447921649088792,0.3551243722649979
2023-11-29,17.433333333333334,-0.21150651013324986,0.3801243722649979
2023-11-30,17.466666666666665,-0.24474900002748104,0.4134577055983312
2023-12-01,17.466666666666665,-0.24474900002748104,0.4134577055983312
2023-12-02,17.566666666666666,-0.275192870386478,0.44679103893166455
2023-12-03,17.5,-0.24226878949804767,0.4134577055983312
2023-12-04,17.366666666666667,-0.2702598081907001,0.4134577055983312
2023-12-05,17.366666666666667,-0.2763411687692371,0.4134577055983312
2023-12-06,17.433333333333334,-0.2763574607054757,0.4301243722649979
2023-12-07,17.433333333333334,-0.2763574607054757,0.4301243722649979
2023-12-08,17.4,-0.24319502382282082,0.39679103893166456
2023-12-09,17.4,-0.24319502382282082,0.39679103893166456
2023-12-10,17.4,-0.24319502382282082,0.39679103893166456
2023-12-11,17.4,-0.24319502382282082,0.39679103893166456
2023-12-12,17.4,-0.24319502382282082,0.39679103893166456
2023-12-13,17.4,-0.24319502382282082,0.39679103893166456
2023-12-14,17.4,-0.24319502382282082,0.39679103893166456
2023-12-15,17.4,-0.24319502382282082,0.39679103893166456
2023-12-16,17.4,-0.24319502382282082,0.39679103893166456
2023-12-17,17.3,-0.24997414286405176,0.38567992782055344
2023-12-18,17.233333333333334,-0.2167615884092483,0.3523465944872201
2023-12-19,16.666666666666668,-0.1841750306843517,0.3190132611538868
2023-12-20,12.666666666666666,-0.16426871902003531,0.2926243722649979
2023-12-21,9.433333333333334,-0.16343054457697062,0.276473169515857
2023-12-22,6.466666666666667,-0.19695096051001448,0.29425094729363477
2023-12-23,4.466666666666667,-0.1522126743952332,0.2718465757089354
2023-12-24,1.5333333333333334,-0.18119298584522708,0.28720238095238104
2023-12-25,1.3,-0.1838829218927357,0.27291666666666675
2023-12-26,1.1,-0.1616403387238582,0.245138888888889
2023-12-27,1.0,-0.14574464158051545,0.22291666666666676
2023-12-28,0.4666666666666667,-0.14755766822232141,0.20833333333333343
2023-12-29,0.3333333333333333,-0.13053037457995945,0.18333333333333343
2023-12-30,0.3,-0.09728788468572828,0.15000000000000008
2023-12-31,0.3,-0.09728788468572828,0.15000000000000008
2024-01-01,0.26666666666666666,-0.10001290341218312,0.15000000000000008
2024-01-02,0.26666666666666666,-0.10001290341218312,0.15000000000000008
2024-01-03,0.26666666666666666,-0.10001290341218312,0.15000000000000008
2024-01-04,0.23333333333333334,-0.06682920157909393,0.11666666666666674
2024-01-05,0.16666666666666666,-0.06681290964285533,0.10000000000000007
2024-01-06,0.2,-0.09074088235696157,0.1333333333333334
2024-01-07,0.2,-0.09074088235696157,0.1333333333333334
2024-01-08,0.26666666666666666,-0.12400049567222596,0.1666666666666667
2024-01-09,0.26666666666666666,-0.12400049567222596,0.1666666666666667
2024-01-10,0.3,-0.09476969440778096,0.1666666666666667
2024-01-11,0.3333333333333333,-0.063966437180837,0.1666666666666667
2024-01-12,0.43333333333333335,-0.05345479713545906,0.17777777777777787
2024-01-13,0.43333333333333335,-0.05345479713545906,0.17777777777777787
2024-01-14,0.43333333333333335,-0.05345479713545906,0.17777777777777787
2024-01-15,0.5,-0.05078204737769233,0.19444444444444453
2024-01-16,0.5,-0.05078204737769233,0.19444444444444453
2024-01-17,0.5,-0.05078204737769233,0.19444444444444453
2024-01-18,0.5,-0.05078204737769233,0.19444444444444453
2024-01-19,0.5333333333333333,-0.018065697617001008,0.19444444444444453
2024-01-20,0.5333333333333333,-0.018065697617001004,0.19444444444444453
2024-01-21,0.5,0.014959720108244152,0.16111111111111118
2024-01-22,0.4666666666666667,-0.017496910360124376,0.16111111111111118
2024-01-23,0.43333333333333335,0.01557832294040256,0.12777777777777785
2024-01-24,0.43333333333333335,0.01557832294040256,0.12777777777777785
2024-01-25,0.43333333333333335,0.01557832294040256,0.12777777777777785
2024-01-26,0.43333333333333335,0.01557832294040256,0.12777777777777785
2024-01-27,0.43333333333333335,0.01557832294040256,0.12777777777777785
2024-01-28,0.43333333333333335,0.01557832294040256,0.12777777777777785
2024-01-29,0.43333333333333335,0.01557832294040256,0.12777777777777785
2024-01-30,0.43333333333333335,0.01557832294040256,0.12777777777777785
2024-01-31,0.36666666666666664,0.04874721202585432,0.09444444444444453
2024-02-01,0.36666666666666664,0.04874721202585432,0.09444444444444453
2024-02-02,0.36666666666666664,0.04874721202585432,0.09444444444444453
2024-02-03,0.36666666666666664,0.04874721202585432,0.09444444444444453
2024-02-04,0.36666666666666664,0.04874721202585432,0.09444444444444453
2024-02-05,0.36666666666666664,0.10512919657760196,0.061111111111111185
2024-02-06,0.36666666666666664,0.10512919657760196,0.061111111111111185
2024-02-07,0.3,0.13838880989286637,0.02777777777777785
2024-02-08,0.3,0.13838880989286637,0.02777777777777785
2024-02-09,0.26666666666666666,0.10915800862842136,0.02777777777777785
2024-02-10,0.23333333333333334,0.07835475140147738,0.02777777777777785
2024-02-11,0.13333333333333333,0.06784311135609945,0.01666666666666674
2024-02-12,0.13333333333333333,0.06784311135609945,0.01666666666666674
2024-02-13,0.26666666666666666,0.05102409720420838,0.04166666666666674
2024-02-14,0.2,0.04835134744644165,0.025000000000000074
2024-02-15,0.23333333333333334,0.015120697021484376,0.05833333333333341
2024-02-16,0.23333333333333334,0.015120697021484374,0.05833333333333341
2024-02-17,0.23333333333333334,0.015120697021484374,0.05833333333333341
2024-02-18,0.3333333333333333,-0.0051185910900433855,0.06666666666666674
2024-02-19,0.4,-0.03809275875488917,0.10000000000000007
2024-02-20,0.4666666666666667,-0.041400273144245145,0.11666666666666674
2024-02-21,0.5666666666666667,-0.05516543272468779,0.13888888888888895
2024-02-22,0.9,-0.05703910215033425,0.1555555555555556
2024-02-23,1.1333333333333333,-0.0722525471212372,0.17936507936507945
2024-02-24,1.1333333333333333,-0.0722525471212372,0.17936507936507945
2024-02-25,1.2,-0.07243114945907442,0.1960317460317461
2024-02-26,1.2333333333333334,-0.10563169357795564,0.22936507936507944
2024-02-27,1.3333333333333333,-0.11635493011228622,0.2515873015873017
2024-02-28,1.3333333333333333,-0.11635493011228622,0.2515873015873017
2024-02-29,1.3333333333333333,-0.11635493011228622,0.2515873015873017
2024-03-01,1.3333333333333333,-0.11635493011228622,0.2515873015873017
2024-03-02,1.3333333333333333,-0.11635493011228622,0.2515873015873017
2024-03-03,1.3333333333333333,-0.11635493011228622,0.2515873015873017
2024-03-04,1.3333333333333333,-0.11635493011228622,0.2515873015873017
2024-03-05,1.3333333333333333,-0.11635493011228622,0.2515873015873017
2024-03-06,1.3333333333333333,-0.18085557193510116,0.28492063492063496
2024-03-07,1.3333333333333333,-0.18085557193510116,0.28492063492063496
2024-03-08,1.3333333333333333,-0.18085557193510116,0.28492063492063496
2024-03-09,1.3333333333333333,-0.18085557193510116,0.28492063492063496
2024-03-10,1.3333333333333333,-0.18085557193510116,0.28492063492063496
2024-03-11,1.3333333333333333,-0.18085557193510116,0.28492063492063496
2024-03-12,1.3333333333333333,-0.18085557193510116,0.28492063492063496
2024-03-13,1.3333333333333333,-0.18085557193510116,0.28492063492063496
2024-03-14,1.2,-0.16403655778321008,0.259920634920635
2024-03-15,1.2,-0.16403655778321008,0.259920634920635
2024-03-16,1.1666666666666667,-0.13080590735825282,0.22658730158730167
2024-03-17,1.3,-0.13640771181337416,0.24325396825396833
2024-03-18,1.3,-0.13640771181337416,0.24325396825396833
2024-03-19,1.1666666666666667,-0.14888477346253773,0.234920634920635
2024-03-20,1.1,-0.11591060579769195,0.20158730158730168
2024-03-21,1.0333333333333334,-0.11260309140833598,0.184920634920635
2024-03-22,0.9333333333333333,-0.09883793182789334,0.16269841269841276
2024-03-23,0.6,-0.09696426240224687,0.1460317460317461
2024-03-24,0.36666666666666664,-0.08175081743134392,0.12222222222222229
2024-03-25,0.4,-0.11503426962428623,0.1555555555555556
2024-03-26,0.3333333333333333,-0.114855667286449,0.13888888888888895
2024-03-27,0.3,-0.08165512316756779,0.10555555555555562
2024-03-28,0.2,-0.0709318866332372,0.08333333333333341
2024-03-29,0.2,-0.0709318866332372,0.08333333333333341
2024-03-30,0.2,-0.0709318866332372,0.08333333333333341
2024-03-31,0.2,-0.0709318866332372,0.08333333333333341
2024-04-01,0.2,-0.0709318866332372,0.08333333333333341
2024-04-02,0.2,-0.0709318866332372,0.08333333333333341
2024-04-03,0.26666666666666666,-0.07098790307839711,0.10000000000000007
2024-04-04,0.3,-0.10125930806001028,0.1333333333333334
2024-04-05,0.26666666666666666,-0.06921267807483673,0.10000000000000007
2024-04-06,0.26666666666666666,-0.06921267807483673,0.10000000000000007
2024-04-07,0.26666666666666666,-0.06921267807483673,0.10000000000000007
2024-04-08,0.26666666666666666,-0.06921267807483673,0.10000000000000007
2024-04-09,0.26666666666666666,-0.06921267807483673,0.10000000000000007
2024-04-10,0.26666666666666666,-0.06921267807483673,0.10000000000000007
2024-04-11,0.3333333333333333,-0.09671263496081034,0.1333333333333334
2024-04-12,0.3333333333333333,-0.09671263496081034,0.1333333333333334
2024-04-13,0.3333333333333333,-0.09671263496081034,0.1333333333333334
2024-04-14,0.3333333333333333,-0.09671263496081034,0.1333333333333334
2024-04-15,0.3333333333333333,-0.09671263496081034,0.1333333333333334
2024-04-16,0.2,-0.09111083050568898,0.11666666666666674
2024-04-17,0.2,-0.09111083050568898,0.11666666666666674
2024-04-18,0.2,-0.09111083050568898,0.11666666666666674
2024-04-19,0.2,-0.09111083050568898,0.11666666666666674
2024-04-20,0.23333333333333334,-0.12222909231980641,0.15000000000000005
2024-04-21,0.3,-0.15549376904964446,0.1833333333333334
2024-04-22,0.3,-0.15549376904964446,0.1833333333333334
2024-04-23,0.3,-0.15549376904964446,0.1833333333333334
2024-04-24,0.26666666666666666,-0.12221031685670217,0.15000000000000005
2024-04-25,0.26666666666666666,-0.12221031685670217,0.15000000000000005
2024-04-26,0.26666666666666666,-0.12221031685670217,0.15000000000000005
2024-04-27,0.36666666666666664,-0.13331950141323937,0.1722222222222223
2024-04-28,0.36666666666666664,-0.13331950141323937,0.1722222222222223
2024-04-29,0.36666666666666664,-0.13331950141323937,0.1722222222222223
2024-04-30,0.5,-0.1662691084875001,0.20555555555555563
2024-05-01,0.5,-0.1662691084875001,0.20555555555555563
2024-05-02,0.5,-0.1662691084875001,0.20555555555555563
2024-05-03,0.43333333333333335,-0.1662130920423402,0.18888888888888897
2024-05-04,0.4666666666666667,-0.1360797612203492,0.1722222222222223
2024-05-05,0.5666666666666667,-0.12940927826695972,0.1833333333333334
2024-05-06,0.5666666666666667,-0.12940927826695972,0.1833333333333334
2024-05-07,0.5666666666666667,-0.12940927826695972,0.1833333333333334
2024-05-08,0.5666666666666667,-0.12940927826695972,0.1833333333333334
2024-05-09,0.5666666666666667,-0.12940927826695972,0.1833333333333334
2024-05-10,0.5666666666666667,-0.12940927826695972,0.1833333333333334
2024-05-11,0.5,-0.10190932138098611,0.15000000000000005
2024-05-12,0.5,-0.10190932138098611,0.15000000000000005
2024-05-13,0.5666666666666667,-0.10306303484572306,0.1666666666666667
2024-05-14,0.5666666666666667,-0.10306303484572306,0.1666666666666667
2024-05-15,0.5666666666666667,-0.10306303484572306,0.1666666666666667
2024-05-16,0.6,-0.13259537600808674,0.20000000000000007
2024-05-17,0.6,-0.13259537600808674,0.20000000000000007
2024-05-18,0.6,-0.13259537600808674,0.20000000000000007
2024-05-19,0.6,-0.13259537600808674,0.20000000000000007
2024-05-20,0.5666666666666667,-0.1014771141939693,0.1666666666666667
2024-05-21,0.6333333333333333,-0.08464102827840382,0.15833333333333338
2024-05-22,0.9333333333333333,-0.09022109988662932,0.1768518518518519
2024-05-23,0.9333333333333333,-0.09022109988662932,0.1768518518518519
2024-05-24,0.9666666666666667,-0.12350534283452565,0.21018518518518522
2024-05-25,0.9666666666666667,-0.12350534283452565,0.21018518518518522
2024-05-26,1.0,-0.15669550779792998,0.24351851851851858
2024-05-27,0.9,-0.14558632324139278,0.22129629629629638
2024-05-28,0.9,-0.14558632324139278,0.22129629629629638
2024-05-29,0.9,-0.14558632324139278,0.22129629629629638
2024-05-30,0.7666666666666667,-0.11263671616713206,0.18796296296296303
2024-05-31,0.7666666666666667,-0.11263671616713206,0.18796296296296303
2024-06-01,0.7666666666666667,-0.11263671616713206,0.18796296296296303
2024-06-02,0.7666666666666667,-0.11263671616713206,0.18796296296296303
2024-06-03,0.7,-0.11249864200750986,0.17129629629629636
2024-06-04,0.6,-0.11916912496089935,0.16018518518518524
2024-06-05,0.6,-0.11916912496089935,0.16018518518518524
2024-06-06,0.6,-0.11916912496089935,0.16018518518518524
2024-06-07,0.6,-0.11916912496089935,0.16018518518518524
2024-06-08,0.6,-0.11916912496089935,0.16018518518518524
2024-06-09,0.6,-0.11916912496089935,0.16018518518518524
2024-06-10,0.6,-0.11916912496089935,0.16018518518518524
2024-06-11,0.6,-0.11916912496089935,0.16018518518518524
2024-06-12,0.5333333333333333,-0.11801541149616242,0.14351851851851857
2024-06-13,0.5666666666666667,-0.08498570223649343,0.14351851851851857
2024-06-14,0.5666666666666667,-0.08498570223649343,0.14351851851851857
2024-06-15,0.5333333333333333,-0.055453361074129744,0.11018518518518525
2024-06-16,0.5333333333333333,-0.055453361074129744,0.11018518518518525
2024-06-17,0.5666666666666667,-0.02405174672603607,0.11018518518518525
2024-06-18,0.5666666666666667,-0.02405174672603607,0.11018518518518525
2024-06-19,0.5666666666666667,-0.02405174672603607,0.11018518518518525
2024-06-20,0.43333333333333335,-0.007623155911763509,0.08518518518518525
2024-06-21,0.13333333333333333,-0.0020430843035380048,0.06666666666666672
2024-06-22,0.13333333333333333,-0.0020430843035380048,0.06666666666666672
2024-06-23,0.1,0.031241158644358318,0.0333333333333334
2024-06-24,0.1,0.031241158644358318,0.0333333333333334
2024-06-25,0.06666666666666667,0.06443132360776266,0.0
2024-06-26,0.06666666666666667,0.06443132360776266,0.0
2024-06-27,0.06666666666666667,0.06443132360776266,0.0
2024-06-28,0.06666666666666667,0.06443132360776266,0.0
2024-06-29,0.06666666666666667,0.06443132360776266,0.0
2024-06-30,0.06666666666666667,0.06443132360776266,0.0
2024-07-01,0.06666666666666667,0.06443132360776266,0.0
2024-07-02,0.06666666666666667,0.06443132360776266,0.0
2024-07-03,0.16666666666666666,0.05346721808115641,0.02222222222222229
2024-07-04,0.16666666666666666,0.05346721808115641,0.02222222222222229
2024-07-05,0.16666666666666666,0.05346721808115641,0.02222222222222229
2024-07-06,0.16666666666666666,0.05346721808115641,0.02222222222222229
2024-07-07,0.16666666666666666,0.05346721808115641,0.02222222222222229
2024-07-08,0.16666666666666666,0.05346721808115641,0.02222222222222229
2024-07-09,0.16666666666666666,0.05346721808115641,0.02222222222222229
2024-07-10,0.16666666666666666,0.05346721808115641,0.02222222222222229
2024-07-11,0.16666666666666666,0.05346721808115641,0.02222222222222229
2024-07-12,0.16666666666666666,0.05346721808115641,0.02222222222222229
2024-07-13,0.13333333333333333,0.020437508821487427,0.02222222222222229
2024-07-14,0.16666666666666666,0.04634708364804586,0.02222222222222229
2024-07-15,0.16666666666666666,0.04634708364804586,0.02222222222222229
2024-07-16,0.16666666666666666,0.04634708364804586,0.02222222222222229
2024-07-17,0.13333333333333333,0.01494546929995219,0.02222222222222229
2024-07-18,0.13333333333333333,0.01494546929995219,0.02222222222222229
2024-07-19,0.13333333333333333,0.01494546929995219,0.02222222222222229
2024-07-20,0.13333333333333333,0.01494546929995219,0.02222222222222229
2024-07-21,0.16666666666666666,-0.006219510237375895,0.05555555555555562
2024-07-22,0.2,-0.03853994806607564,0.08888888888888896
2024-07-23,0.2,-0.03853994806607564,0.08888888888888896
2024-07-24,0.2,-0.03853994806607564,0.08888888888888896
2024-07-25,0.2,-0.03853994806607564,0.08888888888888896
2024-07-26,0.3333333333333333,-0.055142825841903685,0.11388888888888896
2024-07-27,0.3333333333333333,-0.055142825841903685,0.11388888888888896
2024-07-28,0.4,-0.05543407599131266,0.13055555555555562
2024-07-29,0.43333333333333335,-0.07866305112838745,0.16388888888888895
2024-07-30,0.43333333333333335,-0.07866305112838745,0.16388888888888895
2024-07-31,0.4666666666666667,-0.11197590430577596,0.1972222222222223
2024-08-01,0.4666666666666667,-0.11197590430577596,0.1972222222222223
2024-08-02,0.36666666666666664,-0.10101179877916971,0.17500000000000007
2024-08-03,0.36666666666666664,-0.10101179877916971,0.17500000000000007
2024-08-04,0.36666666666666664,-0.10101179877916971,0.17500000000000007
2024-08-05,0.36666666666666664,-0.10101179877916971,0.17500000000000007
2024-08-06,0.36666666666666664,-0.10101179877916971,0.17500000000000007
2024-08-07,0.4,-0.06775637666384379,0.17500000000000007
2024-08-08,0.4,-0.06775637666384379,0.17500000000000007
2024-08-09,0.4,-0.06775637666384379,0.17500000000000007
2024-08-10,0.4,-0.06775637666384379,0.17500000000000007
2024-08-11,0.4,-0.06775637666384379,0.17500000000000007
2024-08-12,0.4,-0.06775637666384379,0.17500000000000007
2024-08-13,0.36666666666666664,-0.09366595149040222,0.17500000000000007
2024-08-14,0.36666666666666664,-0.09366595149040222,0.17500000000000007
2024-08-15,0.4,-0.126986300945282,0.2083333333333334
2024-08-16,0.4,-0.126986300945282,0.2083333333333334
2024-08-17,0.4,-0.126986300945282,0.2083333333333334
2024-08-18,0.4,-0.126986300945282,0.2083333333333334
2024-08-19,0.43333333333333335,-0.09424115022023519,0.2083333333333334
2024-08-20,0.43333333333333335,-0.10640213489532471,0.2083333333333334
2024-08-21,0.4,-0.07408169706662496,0.17500000000000007
2024-08-22,0.4,-0.07408169706662496,0.17500000000000007
2024-08-23,0.4,-0.07408169706662496,0.17500000000000007
2024-08-24,0.4,-0.07408169706662496,0.17500000000000007
2024-08-25,0.26666666666666666,-0.057478819290796915,0.15000000000000005
2024-08-26,0.26666666666666666,-0.057478819290796915,0.15000000000000005
2024-08-27,0.2,-0.05718756914138794,0.1333333333333334
2024-08-28,0.16666666666666666,-0.03395859400431315,0.10000000000000007
2024-08-29,0.2,-0.009021230538686116,0.10000000000000007
2024-08-30,0.16666666666666666,0.024291622638702392,0.06666666666666674
2024-08-31,0.16666666666666666,0.024291622638702392,0.06666666666666674
2024-09-01,0.16666666666666666,0.024291622638702392,0.06666666666666674
2024-09-02,0.16666666666666666,0.024291622638702392,0.06666666666666674
2024-09-03,0.16666666666666666,0.024291622638702392,0.06666666666666674
2024-09-04,0.16666666666666666,0.024291622638702392,0.06666666666666674
2024-09-05,0.16666666666666666,0.024291622638702392,0.06666666666666674
2024-09-06,0.13333333333333333,-0.008963799476623536,0.06666666666666674
2024-09-07,0.13333333333333333,-0.008963799476623536,0.06666666666666674
2024-09-08,0.13333333333333333,-0.008963799476623536,0.06666666666666674
2024-09-09,0.13333333333333333,-0.008963799476623536,0.06666666666666674
2024-09-10,0.13333333333333333,-0.008963799476623536,0.06666666666666674
2024-09-11,0.13333333333333333,-0.008963799476623536,0.06666666666666674
2024-09-12,0.13333333333333333,-0.008963799476623536,0.06666666666666674
2024-09-13,0.13333333333333333,-0.008963799476623536,0.06666666666666674
2024-09-14,0.1,0.024356549978256224,0.03333333333333341
2024-09-15,0.1,0.024356549978256224,0.03333333333333341
2024-09-16,0.1,0.024356549978256224,0.03333333333333341
2024-09-17,0.1,0.024356549978256224,0.03333333333333341
2024-09-18,0.06666666666666667,-0.008388600746790568,0.03333333333333341
2024-09-19,0.03333333333333333,0.024937363465627034,0.0
2024-09-20,0.03333333333333333,0.024937363465627034,0.0
2024-09-21,0.03333333333333333,0.024937363465627034,0.0
2024-09-22,0.06666666666666667,-0.008386152982711791,0.03333333333333341
2024-09-23,0.13333333333333333,-0.041536579529444374,0.06666666666666674
2024-09-24,0.13333333333333333,-0.041536579529444374,0.06666666666666674
2024-09-25,0.13333333333333333,-0.041536579529444374,0.06666666666666674
2024-09-26,0.13333333333333333,-0.041536579529444374,0.06666666666666674
2024-09-27,0.13333333333333333,-0.041536579529444374,0.06666666666666674
2024-09-28,0.1,-0.06647394299507141,0.06666666666666674
2024-09-29,0.1,-0.06647394299507141,0.06666666666666674
2024-09-30,0.13333333333333333,-0.09967183073361714,0.10000000000000007
2024-10-01,0.13333333333333333,-0.09967183073361714,0.10000000000000007
2024-10-02,0.2,-0.13278207977612813,0.1333333333333334
2024-10-03,0.2,-0.13278207977612813,0.1333333333333334
2024-10-04,0.23333333333333334,-0.16594553589820862,0.1666666666666667
2024-10-05,0.4,-0.1580310853322347,0.18000000000000008
2024-10-06,0.5666666666666667,-0.19117793997128804,0.2133333333333334
2024-10-07,0.7,-0.22402629713217417,0.24666666666666673
2024-10-08,0.7,-0.22402629713217417,0.24666666666666673
2024-10-09,0.7,-0.22402629713217417,0.24666666666666673
2024-10-10,0.7,-0.22402629713217417,0.24666666666666673
2024-10-11,0.7,-0.22402629713217417,0.24666666666666673
2024-10-12,0.7333333333333333,-0.2573269114891688,0.2800000000000001
2024-10-13,0.7333333333333333,-0.2573269114891688,0.2800000000000001
2024-10-14,0.7333333333333333,-0.2573269114891688,0.2800000000000001
2024-10-15,0.7333333333333333,-0.2573269114891688,0.2800000000000001
2024-10-16,0.7333333333333333,-0.2573269114891688,0.2800000000000001
2024-10-17,0.7333333333333333,-0.2573269114891688,0.2800000000000001
2024-10-18,0.7333333333333333,-0.2573269114891688,0.2800000000000001
2024-10-19,0.7333333333333333,-0.2573269114891688,0.2800000000000001
2024-10-20,0.7333333333333333,-0.2573269114891688,0.2800000000000001
2024-10-21,0.7666666666666667,-0.22801721553007762,0.2800000000000001
2024-10-22,0.7333333333333333,-0.19469369908173878,0.24666666666666673
2024-10-23,0.6666666666666666,-0.1615432725350062,0.2133333333333334
2024-10-24,0.6666666666666666,-0.1615432725350062,0.2133333333333334
2024-10-25,0.6666666666666666,-0.1615432725350062,0.2133333333333334
2024-10-26,0.6666666666666666,-0.1615432725350062,0.2133333333333334
2024-10-27,0.6666666666666666,-0.1615432725350062,0.2133333333333334
2024-10-28,0.6666666666666666,-0.1615432725350062,0.2133333333333334
2024-10-29,0.7666666666666667,-0.15095139139228397,0.2244444444444445
2024-10-30,0.7333333333333333,-0.11775350365373824,0.19111111111111118
2024-10-31,0.8333333333333334,-0.12920056376192304,0.2133333333333334
2024-11-01,0.7666666666666667,-0.09609031471941207,0.18000000000000008
2024-11-02,0.7666666666666667,-0.09609031471941207,0.18000000000000008
2024-11-03,0.7333333333333333,-0.06292685859733158,0.14666666666666675
2024-11-04,0.5666666666666667,-0.0708413091633055,0.1333333333333334
2024-11-05,0.4,-0.037694454524252144,0.10000000000000007
2024-11-06,0.26666666666666666,-0.004846097363366022,0.06666666666666674
2024-11-07,0.26666666666666666,-0.004846097363366022,0.06666666666666674
2024-11-08,0.26666666666666666,-0.004846097363366022,0.06666666666666674
2024-11-09,0.3,0.028332303629981143,0.06666666666666674
2024-11-10,0.43333333333333335,0.009678916301992201,0.09166666666666674
2024-11-11,0.4,0.04297953065898683,0.05833333333333341
2024-11-12,0.4,0.04297953065898683,0.05833333333333341
2024-11-13,0.4,0.04297953065898683,0.05833333333333341
2024-11-14,0.4,0.04297953065898683,0.05833333333333341
2024-11-15,0.5,0.030374241703086426,0.08055555555555563
2024-11-16,0.5,0.030374241703086426,0.08055555555555563
2024-11-17,0.5,0.030374241703086426,0.08055555555555563
2024-11-18,0.5,0.030374241703086426,0.08055555555555563
2024-11-19,0.5,0.030374241703086426,0.08055555555555563
2024-11-20,0.5,0.02600190920962227,0.08055555555555563
2024-11-21,0.5333333333333333,-0.007295454707410606,0.11388888888888896
2024-11-22,0.5333333333333333,-0.007295454707410606,0.11388888888888896
2024-11-23,0.5333333333333333,-0.007295454707410606,0.11388888888888896
2024-11-24,0.5333333333333333,-0.007295454707410606,0.11388888888888896
2024-11-25,0.5333333333333333,-0.007295454707410606,0.11388888888888896
2024-11-26,0.5333333333333333,-0.007295454707410606,0.11388888888888896
2024-11-27,0.6333333333333333,-0.04051963869068358,0.14722222222222228
2024-11-28,0.5333333333333333,-0.05111151983340581,0.13611111111111118
2024-11-29,0.5333333333333333,-0.05111151983340581,0.13611111111111118
2024-11-30,0.43333333333333335,-0.039664459725221,0.11388888888888896
2024-12-01,0.5333333333333333,-0.07236588580740824,0.14722222222222228
2024-12-02,0.5666666666666667,-0.1049820461206966,0.18055555555555564
2024-12-03,0.5666666666666667,-0.1049820461206966,0.18055555555555564
2024-12-04,0.5666666666666667,-0.1049820461206966,0.18055555555555564
2024-12-05,0.7,-0.11840739581320021,0.20555555555555563
2024-12-06,0.7,-0.11840739581320021,0.20555555555555563
2024-12-07,0.7,-0.11840739581320021,0.20555555555555563
2024-12-08,0.7,-0.11840739581320021,0.20555555555555563
2024-12-09,0.7,-0.18481707904073927,0.23888888888888896
2024-12-10,0.5666666666666667,-0.16616369171275033,0.21388888888888896
2024-12-11,0.5666666666666667,-0.16616369171275033,0.21388888888888896
2024-12-12,0.5666666666666667,-0.16616369171275033,0.21388888888888896
2024-12-13,0.7333333333333333,-0.17292428735229706,0.23388888888888895
2024-12-14,0.7333333333333333,-0.17292428735229706,0.23388888888888895
2024-12-15,0.6666666666666666,-0.19362592885891594,0.24500000000000005
2024-12-16,0.6666666666666666,-0.19362592885891594,0.24500000000000005
2024-12-17,0.6666666666666666,-0.19362592885891594,0.24500000000000005
2024-12-18,0.7,-0.22693956881761548,0.2783333333333334
2024-12-19,0.7333333333333333,-0.19378279437621432,0.2783333333333334
2024-12-20,0.8,-0.2517605396442943,0.3116666666666667
2024-12-21,0.7666666666666667,-0.21846317572726143,0.2783333333333334
2024-12-22,0.7666666666666667,-0.21846317572726143,0.2783333333333334
2024-12-23,0.7666666666666667,-0.21846317572726143,0.2783333333333334
2024-12-24,0.7666666666666667,-0.21846317572726143,0.2783333333333334
2024-12-25,0.7666666666666667,-0.21846317572726143,0.2783333333333334
2024-12-26,0.7666666666666667,-0.21846317572726143,0.2783333333333334
2024-12-27,0.6666666666666666,-0.18523899174398845,0.24500000000000005
2024-12-28,0.6666666666666666,-0.18523899174398845,0.24500000000000005
2024-12-29,0.6666666666666666,-0.18523899174398845,0.24500000000000005
2024-12-30,0.6666666666666666,-0.18523899174398845,0.24500000000000005
2024-12-31,0.5666666666666667,-0.1525375656618012,0.21166666666666673
2025-01-01,0.5333333333333333,-0.11992140534851285,0.17833333333333337
2025-01-02,0.6,-0.1527921430601014,0.21166666666666673
2025-01-03,0.6,-0.1527921430601014,0.21166666666666673
2025-01-04,0.4666666666666667,-0.13936679336759777,0.1866666666666667
2025-01-05,0.5,-0.11448291911019218,0.1866666666666667
2025-01-06,0.5,-0.11448291911019218,0.1866666666666667
2025-01-07,0.5,-0.11448291911019218,0.1866666666666667
2025-01-08,0.4666666666666667,-0.08125163687600029,0.15333333333333338
2025-01-09,0.4666666666666667,-0.08125163687600029,0.15333333333333338
2025-01-10,0.4666666666666667,-0.08125163687600029,0.15333333333333338
2025-01-11,0.5,-0.1144484954410129,0.1866666666666667
2025-01-12,0.3333333333333333,-0.10768789980146619,0.1666666666666667
2025-01-13,0.3333333333333333,-0.10768789980146619,0.1666666666666667
2025-01-14,0.3,-0.07438096933894686,0.1333333333333334
2025-01-15,0.3,-0.07438096933894686,0.1333333333333334
2025-01-16,0.3,-0.07438096933894686,0.1333333333333334
2025-01-17,0.26666666666666666,-0.041067329380247326,0.10000000000000007
2025-01-18,0.3,-0.07426729533407422,0.11666666666666674
2025-01-19,0.3,-0.05206198493639628,0.10555555555555562
2025-01-20,0.3,-0.05206198493639628,0.10555555555555562
2025-01-21,0.3,-0.05206198493639628,0.10555555555555562
2025-01-22,0.3,-0.05206198493639628,0.10555555555555562
2025-01-23,0.3,-0.05206198493639628,0.10555555555555562
2025-01-24,0.3,-0.05206198493639628,0.10555555555555562
2025-01-25,0.3,-0.05206198493639628,0.10555555555555562
2025-01-26,0.43333333333333335,-0.08524715006351472,0.13888888888888895
2025-01-27,0.5333333333333333,-0.11830884979830848,0.1722222222222223
2025-01-28,0.5666666666666667,-0.0985531724161572,0.1722222222222223
2025-01-29,0.5666666666666667,-0.0985531724161572,0.1722222222222223
2025-01-30,0.5666666666666667,-0.0985531724161572,0.1722222222222223
2025-01-31,0.5666666666666667,-0.0985531724161572,0.1722222222222223
2025-02-01,0.5,-0.06568243470456865,0.13888888888888895
2025-02-02,0.5,-0.06568243470456865,0.13888888888888895
2025-02-03,0.5,-0.06568243470456865,0.13888888888888895
2025-02-04,0.4666666666666667,-0.09056630896197425,0.13888888888888895
2025-02-05,0.4666666666666667,-0.09056630896197425,0.13888888888888895
2025-02-06,0.4666666666666667,-0.09056630896197425,0.13888888888888895
2025-02-07,0.4666666666666667,-0.09056630896197425,0.13888888888888895
2025-02-08,0.4666666666666667,-0.09056630896197425,0.13888888888888895
2025-02-09,0.4666666666666667,-0.09056630896197425,0.13888888888888895
2025-02-10,0.43333333333333335,-0.05736945039696164,0.10555555555555562
2025-02-11,0.43333333333333335,-0.05736945039696164,0.10555555555555562
2025-02-12,0.43333333333333335,-0.05736945039696164,0.10555555555555562
2025-02-13,0.43333333333333335,-0.05736945039696164,0.10555555555555562
2025-02-14,0.43333333333333335,-0.05736945039696164,0.10555555555555562
2025-02-15,0.4666666666666667,-0.032432086931334606,0.10555555555555562
2025-02-16,0.4666666666666667,-0.032432086931334606,0.10555555555555562
2025-02-17,0.4,-0.03238889541890886,0.08888888888888896
2025-02-18,0.3,-0.021553824014133877,0.06666666666666674
2025-02-19,0.3,-0.021553824014133877,0.06666666666666674
2025-02-20,0.3,-0.021553824014133877,0.06666666666666674
2025-02-21,0.3,-0.021553824014133877,0.06666666666666674
2025-02-22,0.3,-0.021553824014133877,0.06666666666666674
2025-02-23,0.3,-0.021553824014133877,0.06666666666666674
2025-02-24,0.3,-0.021553824014133877,0.06666666666666674
2025-02-25,0.16666666666666666,0.01163134111298455,0.03333333333333341
2025-02-26,0.06666666666666667,0.04469304084777832,0.0
2025-02-27,0.03333333333333333,0.024937363465627034,0.0
2025-02-28,0.03333333333333333,0.024937363465627034,0.0
2025-03-01,0.03333333333333333,0.024937363465627034,0.0
2025-03-02,0.03333333333333333,0.024937363465627034,0.0
2025-03-03,0.06666666666666667,-0.008221181233723958,0.03333333333333341
2025-03-04,0.06666666666666667,-0.008221181233723958,0.03333333333333341
2025-03-05,0.06666666666666667,-0.008221181233723958,0.03333333333333341
2025-03-06,0.06666666666666667,-0.008221181233723958,0.03333333333333341
2025-03-07,0.06666666666666667,-0.008221181233723958,0.03333333333333341
2025-03-08,0.13333333333333333,-0.04128801623980204,0.06666666666666674
2025-03-09,0.13333333333333333,-0.04128801623980204,0.06666666666666674
2025-03-10,0.16666666666666666,-0.00912171204884847,0.06666666666666674
2025-03-11,0.2,-0.037704505523045856,0.10000000000000007
2025-03-12,0.23333333333333334,-0.07093338171641032,0.1333333333333334
2025-03-13,0.3,-0.10415176848570505,0.1666666666666667
2025-03-14,0.3,-0.10415176848570505,0.1666666666666667
2025-03-15,0.3,-0.10415176848570505,0.1666666666666667
2025-03-16,0.3,-0.10415176848570505,0.1666666666666667
2025-03-17,0.26666666666666666,-0.1290891319513321,0.1666666666666667
2025-03-18,0.26666666666666666,-0.1290891319513321,0.1666666666666667
2025-03-19,0.3,-0.1614208847284317,0.20000000000000007
2025-03-20,0.3,-0.1614208847284317,0.20000000000000007
2025-03-21,0.3,-0.1614208847284317,0.20000000000000007
2025-03-22,0.3,-0.1614208847284317,0.20000000000000007
2025-03-23,0.3,-0.1614208847284317,0.20000000000000007
2025-03-24,0.3,-0.1614208847284317,0.20000000000000007
2025-03-25,0.3,-0.1614208847284317,0.20000000000000007
2025-03-26,0.3,-0.1614208847284317,0.20000000000000007
2025-03-27,0.3,-0.1614208847284317,0.20000000000000007
2025-03-28,0.3,-0.1614208847284317,0.20000000000000007
2025-03-29,0.3,-0.1614208847284317,0.20000000000000007
2025-03-30,0.3,-0.1614208847284317,0.20000000000000007
2025-03-31,0.3,-0.1614208847284317,0.20000000000000007
2025-04-01,0.3,-0.1614208847284317,0.20000000000000007
2025-04-02,0.26666666666666666,-0.1282623400290807,0.1666666666666667
2025-04-03,0.26666666666666666,-0.1282623400290807,0.1666666666666667
2025-04-04,0.26666666666666666,-0.1282623400290807,0.1666666666666667
2025-04-05,0.26666666666666666,-0.1282623400290807,0.1666666666666667
2025-04-06,0.26666666666666666,-0.1282623400290807,0.1666666666666667
2025-04-07,0.23333333333333334,-0.12851812541484833,0.1666666666666667
2025-04-08,0.26666666666666666,-0.16169183552265168,0.20000000000000007
2025-04-09,0.3333333333333333,-0.2266294542286131,0.2333333333333334
2025-04-10,0.3,-0.19804666075441574,0.20000000000000007
2025-04-11,0.26666666666666666,-0.16481778456105128,0.1666666666666667
2025-04-12,0.2,-0.13159939779175653,0.1333333333333334
2025-04-13,0.2,-0.13159939779175653,0.1333333333333334
2025-04-14,0.23333333333333334,-0.10666203432612949,0.1333333333333334
2025-04-15,0.23333333333333334,-0.10666203432612949,0.1333333333333334
2025-04-16,0.23333333333333334,-0.10666203432612949,0.1333333333333334
2025-04-17,0.23333333333333334,-0.10666203432612949,0.1333333333333334
2025-04-18,0.23333333333333334,-0.04939291808340284,0.10000000000000007
2025-04-19,0.26666666666666666,-0.08256707919968499,0.1333333333333334
2025-04-20,0.26666666666666666,-0.08256707919968499,0.1333333333333334
2025-04-21,0.26666666666666666,-0.08256707919968499,0.1333333333333334
2025-04-22,0.3333333333333333,-0.1158851746055815,0.1666666666666667
2025-04-23,0.3333333333333333,-0.1158851746055815,0.1666666666666667
2025-04-24,0.3333333333333333,-0.1158851746055815,0.1666666666666667
2025-04-25,0.5,-0.11146846208307479,0.18000000000000008
2025-04-26,0.5,-0.11146846208307479,0.18000000000000008
2025-04-27,0.5,-0.11146846208307479,0.18000000000000008
2025-04-28,0.5,-0.11146846208307479,0.18000000000000008
2025-04-29,0.6666666666666666,-0.13109367920292747,0.20666666666666672
2025-04-30,0.7,-0.16423385573758018,0.2400000000000001
2025-05-01,0.7,-0.16423385573758018,0.2400000000000001
2025-05-02,0.7,-0.16423385573758018,0.2400000000000001
2025-05-03,0.7,-0.16423385573758018,0.2400000000000001
2025-05-04,0.7,-0.16423385573758018,0.2400000000000001
2025-05-05,0.7333333333333333,-0.19749544097317587,0.27333333333333343
2025-05-06,0.7333333333333333,-0.19749544097317587,0.27333333333333343
2025-05-07,0.7,-0.16417282058133018,0.2400000000000001
2025-05-08,0.6666666666666666,-0.13099911047352683,0.20666666666666675
2025-05-09,0.5666666666666667,-0.09822779595851898,0.17333333333333342
2025-05-10,0.5666666666666667,-0.09822779595851898,0.17333333333333342
2025-05-11,0.5666666666666667,-0.09822779595851898,0.17333333333333342
2025-05-12,0.5666666666666667,-0.09822779595851898,0.17333333333333342
2025-05-13,0.6,-0.13144661883513134,0.20666666666666675
2025-05-14,0.5666666666666667,-0.15638398230075837,0.20666666666666675
2025-05-15,0.5666666666666667,-0.15638398230075837,0.20666666666666675
2025-05-16,0.6,-0.1880619873603185,0.2400000000000001
2025-05-17,0.6,-0.1880619873603185,0.2400000000000001
2025-05-18,0.5666666666666667,-0.21299935082594554,0.2400000000000001
2025-05-19,0.5333333333333333,-0.17982518970966338,0.20666666666666675
2025-05-20,0.5666666666666667,-0.200087375442187,0.2400000000000001
2025-05-21,0.5666666666666667,-0.200087375442187,0.2400000000000001
2025-05-22,0.5333333333333333,-0.19988250136375427,0.2400000000000001
2025-05-23,0.5333333333333333,-0.19988250136375427,0.2400000000000001
2025-05-24,0.5666666666666667,-0.233202064037323,0.27333333333333343
2025-05-25,0.6,-0.2607207994328605,0.2877777777777778
2025-05-26,0.6,-0.2607207994328605,0.2877777777777778
2025-05-27,0.6,-0.2607207994328605,0.2877777777777778
2025-05-28,0.6,-0.2607207994328605,0.2877777777777778
2025-05-29,0.43333333333333335,-0.24109558231300776,0.2611111111111112
2025-05-30,0.4,-0.20795540577835506,0.22777777777777786
2025-05-31,0.4,-0.20795540577835506,0.22777777777777786
2025-06-01,0.4,-0.20795540577835506,0.22777777777777786
2025-06-02,0.4,-0.20795540577835506,0.22777777777777786
2025-06-03,0.4,-0.20795540577835506,0.22777777777777786
2025-06-04,0.36666666666666664,-0.17469382054275936,0.19444444444444453
2025-06-05,0.36666666666666664,-0.17469382054275936,0.19444444444444453
2025-06-06,0.36666666666666664,-0.17469382054275936,0.19444444444444453
2025-06-07,0.36666666666666664,-0.17469382054275936,0.19444444444444453
2025-06-08,0.36666666666666664,-0.17469382054275936,0.19444444444444453
2025-06-09,0.4,-0.2078570442067252,0.22777777777777786
2025-06-10,0.4,-0.2078570442067252,0.22777777777777786
2025-06-11,0.4,-0.2078570442067252,0.22777777777777786
2025-06-12,0.36666666666666664,-0.17463822133011286,0.19444444444444453
2025-06-13,0.4,-0.1434638715452618,0.19444444444444453
2025-06-14,0.4,-0.1434638715452618,0.19444444444444453
2025-06-15,0.36666666666666664,-0.11178586648570167,0.16111111111111118
2025-06-16,0.36666666666666664,-0.11178586648570167,0.16111111111111118
2025-06-17,0.36666666666666664,-0.11178586648570167,0.16111111111111118
2025-06-18,0.36666666666666664,-0.11178586648570167,0.16111111111111118
2025-06-19,0.3333333333333333,-0.09152368075317807,0.12777777777777785
2025-06-20,0.3333333333333333,-0.09152368075317807,0.12777777777777785
2025-06-21,0.3,-0.05841045942571429,0.09444444444444453
2025-06-22,0.3,-0.05841045942571429,0.09444444444444453
2025-06-23,0.26666666666666666,-0.025090896752145556,0.06111111111111119
2025-06-24,0.06666666666666667,-0.001988873879114787,0.03333333333333341
2025-06-25,0.1,-0.035275475184122725,0.06666666666666674
2025-06-26,0.1,-0.035275475184122725,0.06666666666666674
2025-06-27,0.1,-0.035275475184122725,0.06666666666666674
2025-06-28,0.1,-0.035275475184122725,0.06666666666666674
2025-06-29,0.1,-0.035275475184122725,0.06666666666666674
2025-06-30,0.1,-0.035275475184122725,0.06666666666666674
2025-07-01,0.1,-0.035275475184122725,0.06666666666666674
2025-07-02,0.1,-0.035275475184122725,0.06666666666666674
2025-07-03,0.1,-0.035275475184122725,0.06666666666666674
2025-07-04,0.1,-0.035275475184122725,0.06666666666666674
2025-07-05,0.1,-0.035275475184122725,0.06666666666666674
2025-07-06,0.13333333333333333,-0.013089621067047119,0.06666666666666674
2025-07-07,0.16666666666666666,-0.046241549650828044,0.10000000000000007
2025-07-08,0.16666666666666666,-0.046241549650828044,0.10000000000000007
2025-07-09,0.13333333333333333,-0.013078325986862182,0.06666666666666674
2025-07-10,0.13333333333333333,-0.013078325986862182,0.06666666666666674
2025-07-11,0.13333333333333333,-0.013078325986862182,0.06666666666666674
2025-07-12,0.13333333333333333,-0.013078325986862182,0.06666666666666674
2025-07-13,0.1,-0.044252675771713254,0.06666666666666674
2025-07-14,0.1,-0.044252675771713254,0.06666666666666674
2025-07-15,0.1,-0.044252675771713254,0.06666666666666674
2025-07-16,0.13333333333333333,-0.01096721887588501,0.06666666666666674
2025-07-17,0.13333333333333333,-0.01096721887588501,0.06666666666666674
2025-07-18,0.16666666666666666,-0.044111464420954385,0.10000000000000007
2025-07-19,0.16666666666666666,-0.044111464420954385,0.10000000000000007
2025-07-20,0.16666666666666666,-0.044111464420954385,0.10000000000000007
2025-07-21,0.16666666666666666,-0.044111464420954385,0.10000000000000007
2025-07-22,0.16666666666666666,-0.044111464420954385,0.10000000000000007
2025-07-23,0.16666666666666666,-0.044111464420954385,0.10000000000000007
2025-07-24,0.16666666666666666,-0.044111464420954385,0.10000000000000007
2025-07-25,0.13333333333333333,-0.010824863115946453,0.06666666666666674
2025-07-26,0.3333333333333333,-0.011454105377197266,0.08333333333333341
2025-07-27,0.3333333333333333,-0.011454105377197266,0.08333333333333341
2025-07-28,0.3333333333333333,-0.011454105377197266,0.08333333333333341
2025-07-29,0.36666666666666664,-0.0447279949982961,0.11666666666666674
2025-07-30,0.36666666666666664,-0.0447279949982961,0.11666666666666674
2025-07-31,0.36666666666666664,-0.0447279949982961,0.11666666666666674
2025-08-01,0.36666666666666664,-0.0447279949982961,0.11666666666666674
2025-08-02,0.36666666666666664,-0.0447279949982961,0.11666666666666674
2025-08-03,0.36666666666666664,-0.0447279949982961,0.11666666666666674
2025-08-04,0.36666666666666664,-0.0447279949982961,0.11666666666666674
2025-08-05,0.3333333333333333,-0.06691384911537171,0.11666666666666674
2025-08-06,0.3,-0.03376192053159078,0.08333333333333341
2025-08-07,0.3,-0.03376192053159078,0.08333333333333341
2025-08-08,0.3,-0.03376192053159078,0.08333333333333341
2025-08-09,0.3,-0.03376192053159078,0.08333333333333341
2025-08-10,0.3,-0.03376192053159078,0.08333333333333341
2025-08-11,0.3,-0.03376192053159078,0.08333333333333341
2025-08-12,0.3,-0.03376192053159078,0.08333333333333341
2025-08-13,0.3,-0.03376192053159078,0.08333333333333341
2025-08-14,0.3,-0.03376192053159078,0.08333333333333341
2025-08-15,0.26666666666666666,-0.06704737742741902,0.08333333333333341
2025-08-16,0.26666666666666666,-0.06704737742741902,0.08333333333333341
2025-08-17,0.23333333333333334,-0.03390313188234965,0.05000000000000007
2025-08-18,0.23333333333333334,-0.03390313188234965,0.05000000000000007
2025-08-19,0.23333333333333334,-0.03390313188234965,0.05000000000000007
2025-08-20,0.23333333333333334,-0.03390313188234965,0.05000000000000007
2025-08-21,0.23333333333333334,-0.03390313188234965,0.05000000000000007
2025-08-22,0.23333333333333334,-0.03390313188234965,0.05000000000000007
2025-08-23,0.23333333333333334,-0.03390313188234965,0.05000000000000007
2025-08-24,0.23333333333333334,-0.03390313188234965,0.05000000000000007
2025-08-25,0.2,-0.038748925924301146,0.05333333333333341
2025-08-26,0.23333333333333334,-0.006659068663914998,0.05333333333333341
2025-08-27,0.23333333333333334,-0.006659068663914998,0.05333333333333341
2025-08-28,0.2,0.026614820957183837,0.020000000000000073
2025-08-29,0.2,0.026614820957183837,0.020000000000000073
2025-08-30,0.2,0.026614820957183837,0.020000000000000073
2025-08-31,0.2,0.026614820957183837,0.020000000000000073
2025-09-01,0.2,0.026614820957183837,0.020000000000000073
2025-09-02,0.2,0.026614820957183837,0.020000000000000073
2025-09-03,0.2,0.026614820957183837,0.020000000000000073
2025-09-04,0.2,0.026614820957183837,0.020000000000000073
2025-09-05,0.23333333333333334,0.05155218442281087,0.020000000000000073
2025-09-06,0.23333333333333334,0.05155218442281087,0.020000000000000073
2025-09-07,0.23333333333333334,0.05155218442281087,0.020000000000000073
2025-09-08,0.23333333333333334,0.05155218442281087,0.020000000000000073
2025-09-09,0.23333333333333334,0.05155218442281087,0.020000000000000073
2025-09-10,0.23333333333333334,0.05155218442281087,0.020000000000000073
2025-09-11,0.23333333333333334,0.05155218442281087,0.020000000000000073
2025-09-12,0.23333333333333334,0.05155218442281087,0.020000000000000073
2025-09-13,0.23333333333333334,0.05155218442281087,0.020000000000000073
2025-09-14,0.23333333333333334,0.05155218442281087,0.020000000000000073
2025-09-15,0.26666666666666666,0.01830537517865499,0.05333333333333341
2025-09-16,0.3,0.0490432341893514,0.05333333333333341
2025-09-17,0.3,0.0490432341893514,0.05333333333333341
2025-09-18,0.3,0.0490432341893514,0.05333333333333341
2025-09-19,0.3,0.0490432341893514,0.05333333333333341
2025-09-20,0.3,0.0490432341893514,0.05333333333333341
2025-09-21,0.3,0.0490432341893514,0.05333333333333341
2025-09-22,0.3,0.0490432341893514,0.05333333333333341
2025-09-23,0.4,0.03754999306466844,0.07555555555555563
2025-09-24,0.36666666666666664,0.06796239283349778,0.05555555555555562
2025-09-25,0.4,0.03277107642756568,0.07222222222222228
2025-09-26,0.4,0.03277107642756568,0.07222222222222228
2025-09-27,0.4,0.03277107642756568,0.07222222222222228
2025-09-28,0.4,0.03277107642756568,0.07222222222222228
2025-09-29,0.4,0.03277107642756568,0.07222222222222228
2025-09-30,0.4,0.03277107642756568,0.07222222222222228
2025-10-01,0.4,0.03277107642756568,0.07222222222222228
2025-10-02,0.4,0.03277107642756568,0.07222222222222228
2025-10-03,0.4,0.03277107642756568,0.07222222222222228
2025-10-04,0.4,0.03277107642756568,0.07222222222222228
2025-10-05,0.36666666666666664,0.007833712961938643,0.07222222222222228
2025-10-06,0.36666666666666664,0.007833712961938643,0.07222222222222228
2025-10-07,0.36666666666666664,0.007833712961938643,0.07222222222222228
2025-10-08,0.36666666666666664,0.007833712961938643,0.07222222222222228
2025-10-09,0.36666666666666664,0.007833712961938643,0.07222222222222228
2025-10-10,0.5,-0.023888909154468115,0.10555555555555562
2025-10-11,0.5,-0.023888909154468115,0.10555555555555562
2025-10-12,0.6,-0.015473337305916683,0.11666666666666674
2025-10-13,0.6,-0.015473337305916683,0.11666666666666674
2025-10-14,0.6666666666666666,-0.014425293935669796,0.1333333333333334
2025-10-15,0.6333333333333333,0.018821515308486088,0.10000000000000007
2025-10-16,0.6,-0.011916343702210322,0.10000000000000007
2025-10-17,0.6,-0.011916343702210322,0.10000000000000007
2025-10-18,0.6,-0.011916343702210322,0.10000000000000007
2025-10-19,0.6333333333333333,0.02085983124044206,0.10000000000000007
2025-10-20,0.7333333333333333,0.007054443160692849,0.12222222222222229
2025-10-21,0.9666666666666667,-0.007179652367319381,0.1460317460317461
2025-10-22,0.9666666666666667,-0.007179652367319381,0.1460317460317461
2025-10-23,0.9,0.03639051777029794,0.12380952380952388
2025-10-24,0.7666666666666667,0.01145315430467091,0.12380952380952388
2025-10-25,0.7,0.014554613450216868,0.10714285714285722
2025-10-26,0.7,0.014554613450216868,0.10714285714285722
2025-10-27,0.7,0.014554613450216868,0.10714285714285722
2025-10-28,0.7666666666666667,0.010395520547079661,0.12380952380952388
2025-10-29,0.7666666666666667,0.010395520547079661,0.12380952380952388
2025-10-30,0.7666666666666667,0.010395520547079661,0.12380952380952388
2025-10-31,0.8333333333333334,0.010430473704186698,0.14047619047619053
2025-11-01,0.9,0.010056025404778738,0.1571428571428572
2025-11-02,0.9,0.010056025404778738,0.1571428571428572
2025-11-03,0.9666666666666667,-0.023049910248272003,0.19047619047619058
2025-11-04,0.9666666666666667,-0.023049910248272003,0.19047619047619058
2025-11-05,0.9666666666666667,-0.023049910248272003,0.19047619047619058
2025-11-06,1.0,-0.05474172371720511,0.2238095238095239
2025-11-07,1.0,-0.05474172371720511,0.2238095238095239
2025-11-08,1.0,-0.05474172371720511,0.2238095238095239
2025-11-09,0.8666666666666667,-0.02301910160079835,0.19047619047619058
2025-11-10,0.8666666666666667,-0.02301910160079835,0.19047619047619058
2025-11-11,0.8,-0.003997987887215992,0.17936507936507945
2025-11-12,0.8333333333333334,0.027841702718583366,0.17936507936507945
2025-11-13,0.8,0.05895996353929005,0.16269841269841276
2025-11-14,0.8,0.05895996353929005,0.16269841269841276
2025-11-15,0.8,0.05895996353929005,0.16269841269841276
2025-11-16,0.8,0.05895996353929005,0.16269841269841276
2025-11-17,0.8333333333333334,0.091740231334217,0.16269841269841276
2025-11-18,1.0333333333333334,0.03504875562493763,0.19126984126984137
2025-11-19,0.9333333333333333,0.048854143704686846,0.16904761904761914
2025-11-20,0.7,0.06308823923269907,0.1452380952380953
2025-11-21,0.7,0.06308823923269907,0.1452380952380953
2025-11-22,0.7666666666666667,0.020851909120877584,0.1674603174603175
2025-11-23,0.8666666666666667,-0.011911400490336947,0.20079365079365086
2025-11-24,0.8666666666666667,-0.011911400490336947,0.20079365079365086
2025-11-25,0.8666666666666667,-0.011911400490336947,0.20079365079365086
2025-11-26,0.9333333333333333,-0.04170653455787234,0.23412698412698418
2025-11-27,0.8666666666666667,-0.037547441654735135,0.21746031746031752
2025-11-28,0.8666666666666667,-0.037547441654735135,0.21746031746031752
2025-11-29,0.8666666666666667,-0.037547441654735135,0.21746031746031752
2025-11-30,0.8,-0.037582394811842175,0.20079365079365086
2025-12-01,0.7666666666666667,-0.07048226528697543,0.21746031746031752
2025-12-02,0.7666666666666667,-0.07048226528697543,0.21746031746031752
2025-12-03,0.7,-0.03737632963392469,0.1841269841269842
2025-12-04,0.7,-0.03737632963392469,0.1841269841269842
2025-12-05,0.7,-0.03737632963392469,0.1841269841269842
2025-12-06,0.6666666666666666,-0.0056845161649915895,0.15079365079365084
2025-12-07,0.6666666666666666,-0.0056845161649915895,0.15079365079365084
2025-12-08,0.6666666666666666,-0.0056845161649915895,0.15079365079365084
2025-12-09,0.6666666666666666,-0.0056845161649915895,0.15079365079365084
2025-12-10,0.6666666666666666,-0.0056845161649915895,0.15079365079365084
2025-12-11,0.6333333333333333,-0.03312120172712538,0.15079365079365084
2025-12-12,0.6,-0.06496089233292474,0.15079365079365084
2025-12-13,0.6,-0.1304409358236525,0.1841269841269842
2025-12-14,0.6,-0.1304409358236525,0.1841269841269842
2025-12-15,0.6,-0.1304409358236525,0.1841269841269842
2025-12-16,0.6,-0.1304409358236525,0.1841269841269842
2025-12-17,0.6333333333333333,-0.1963020914130741,0.21746031746031752
2025-12-18,0.4666666666666667,-0.20569123857551153,0.22222222222222232
2025-12-19,0.4666666666666667,-0.20569123857551153,0.22222222222222232
2025-12-20,0.4666666666666667,-0.20569123857551153,0.22222222222222232
2025-12-21,0.4666666666666667,-0.20569123857551153,0.22222222222222232
2025-12-22,0.36666666666666664,-0.1955318374766244,0.20000000000000007
2025-12-23,0.26666666666666666,-0.16276852786540985,0.1666666666666667
2025-12-24,0.26666666666666666,-0.16276852786540985,0.1666666666666667
2025-12-25,0.3,-0.1889938066403071,0.20000000000000007
2025-12-26,0.23333333333333334,-0.1591986725727717,0.1666666666666667
2025-12-27,0.23333333333333334,-0.1591986725727717,0.1666666666666667
2025-12-28,0.23333333333333334,-0.1591986725727717,0.1666666666666667
2025-12-29,0.23333333333333334,-0.1591986725727717,0.1666666666666667
2025-12-30,0.23333333333333334,-0.1591986725727717,0.1666666666666667
2025-12-31,0.2,-0.1259243537982305,0.1333333333333334
2026-01-01,0.2,-0.1259243537982305,0.1333333333333334
2026-01-02,0.2,-0.1259243537982305,0.1333333333333334
2026-01-03,0.2,-0.1259243537982305,0.1333333333333334
2026-01-04,0.26666666666666666,-0.12980771561463675,0.15000000000000005
2026-01-05,0.3333333333333333,-0.16303309202194213,0.1833333333333334
2026-01-06,0.3333333333333333,-0.16303309202194213,0.1833333333333334
2026-01-07,0.3333333333333333,-0.16303309202194213,0.1833333333333334
2026-01-08,0.3333333333333333,-0.16303309202194213,0.1833333333333334
2026-01-09,0.3333333333333333,-0.16303309202194213,0.1833333333333334
2026-01-10,0.3333333333333333,-0.16303309202194213,0.1833333333333334
2026-01-11,0.4666666666666667,-0.17919629166523615,0.2083333333333334
2026-01-12,0.43333333333333335,-0.145882552365462,0.17500000000000007
2026-01-13,0.43333333333333335,-0.145882552365462,0.17500000000000007
2026-01-14,0.4666666666666667,-0.12094518889983495,0.17500000000000007
2026-01-15,0.4666666666666667,-0.12094518889983495,0.17500000000000007
2026-01-16,0.4,-0.08786430110534033,0.14166666666666672
2026-01-17,0.3333333333333333,-0.05455985317627589,0.1083333333333334
2026-01-18,0.3333333333333333,-0.05455985317627589,0.10833333333333342
2026-01-19,0.3333333333333333,-0.05455985317627589,0.10833333333333342
2026-01-20,0.3333333333333333,-0.05455985317627589,0.10833333333333342
2026-01-21,0.3333333333333333,-0.05455985317627589,0.10833333333333342
2026-01-22,0.3333333333333333,-0.05455985317627589,0.10833333333333342
2026-01-23,0.3333333333333333,-0.05455985317627589,0.10833333333333342
2026-01-24,0.3,-0.028334574401378633,0.0750000000000001
2026-01-25,0.3,-0.028334574401378633,0.0750000000000001
2026-01-26,0.3,-0.028334574401378633,0.0750000000000001
2026-01-27,0.3,-0.028334574401378633,0.0750000000000001
2026-01-28,0.3,-0.028334574401378633,0.0750000000000001
2026-01-29,0.3,-0.028334574401378633,0.0750000000000001
2026-01-30,0.3,-0.028334574401378633,0.0750000000000001
2026-01-31,0.3,-0.028334574401378633,0.0750000000000001
2026-02-01,0.3,-0.028334574401378633,0.0750000000000001
2026-02-02,0.3,-0.028334574401378633,0.0750000000000001
2026-02-03,0.23333333333333334,-0.024451212584972383,0.05833333333333342
2026-02-04,0.16666666666666666,0.008774163822333017,0.02500000000000008
2026-02-05,0.16666666666666666,0.008774163822333017,0.02500000000000008
2026-02-06,0.16666666666666666,0.008774163822333017,0.02500000000000008
2026-02-07,0.16666666666666666,0.008774163822333017,0.02500000000000008
2026-02-08,0.16666666666666666,0.008774163822333017,0.02500000000000008
2026-02-09,0.16666666666666666,0.008774163822333017,0.02500000000000008
2026-02-10,0.06666666666666667,-0.008340732256571452,0.033333333333333416
2026-02-11,0.06666666666666667,-0.008340732256571452,0.033333333333333416
2026-02-12,0.06666666666666667,-0.008340732256571452,0.033333333333333416
2026-02-13,0.03333333333333333,-0.03327809572219849,0.033333333333333416
2026-02-14,0.03333333333333333,-0.03327809572219849,0.033333333333333416
2026-02-15,0.1,-0.03429006040096283,0.05000000000000008
2026-02-16,0.1,-0.03429006040096283,0.05000000000000008
2026-02-17,0.1,-0.03429006040096283,0.05000000000000008
2026-02-18,0.1,-0.03429006040096283,0.05000000000000008
2026-02-19,0.1,-0.03429006040096283,0.05000000000000008
2026-02-20,0.1,-0.03429006040096283,0.05000000000000008
2026-02-21,0.1,-0.03429006040096283,0.05000000000000008
2026-02-22,0.1,-0.03429006040096283,0.05000000000000008
2026-02-23,0.1,-0.03429006040096283,0.05000000000000008
2026-02-24,0.1,-0.03429006040096283,0.05000000000000008
2026-02-25,0.1,-0.03429006040096283,0.05000000000000008
2026-02-26,0.1,-0.03429006040096283,0.05000000000000008
2026-02-27,0.1,-0.03429006040096283,0.05000000000000008
2026-02-28,0.1,-0.03429006040096283,0.05000000000000008
2026-03-01,0.1,-0.03429006040096283,0.05000000000000008
2026-03-02,0.1,-0.03429006040096283,0.05000000000000008
2026-03-03,0.13333333333333333,-0.06755876044432323,0.08333333333333343
2026-03-04,0.13333333333333333,-0.06755876044432323,0.08333333333333343
2026-03-05,0.13333333333333333,-0.06755876044432323,0.08333333333333343
2026-03-06,0.13333333333333333,-0.06755876044432323,0.08333333333333343
2026-03-07,0.13333333333333333,-0.06755876044432323,0.08333333333333343
2026-03-08,0.13333333333333333,-0.06755876044432323,0.08333333333333343
2026-03-09,0.13333333333333333,-0.06755876044432323,0.08333333333333343
2026-03-10,0.13333333333333333,-0.06755876044432323,0.08333333333333343
2026-03-11,0.13333333333333333,-0.06755876044432323,0.08333333333333343
2026-03-12,0.1,-0.03428066472212474,0.05000000000000008
2026-03-13,0.1,-0.03428066472212474,0.05000000000000008
2026-03-14,0.1,-0.03428066472212474,0.05000000000000008
2026-03-15,0.1,-0.03428066472212474,0.05000000000000008
2026-03-16,0.13333333333333333,-0.0009866525729497273,0.05000000000000008
2026-03-17,0.06666666666666667,2.5312105814615887e-05,0.033333333333333416
2026-03-18,0.06666666666666667,2.5312105814615887e-05,0.033333333333333416
2026-03-19,0.06666666666666667,2.5312105814615887e-05,0.033333333333333416
2026-03-20,0.06666666666666667,2.5312105814615887e-05,0.033333333333333416
2026-03-21,0.06666666666666667,2.5312105814615887e-05,0.033333333333333416
2026-03-22,0.06666666666666667,2.5312105814615887e-05,0.033333333333333416
2026-03-23,0.06666666666666667,2.5312105814615887e-05,0.033333333333333416
2026-03-24,0.13333333333333333,-6.528993447621664e-05,0.05000000000000008
2026-03-25,0.13333333333333333,-6.528993447621664e-05,0.05000000000000008
2026-03-26,0.13333333333333333,-6.528993447621664e-05,0.05000000000000008
2026-03-27,0.13333333333333333,-6.528993447621664e-05,0.05000000000000008
2026-03-28,0.13333333333333333,-6.528993447621664e-05,0.05000000000000008
2026-03-29,0.13333333333333333,-6.528993447621664e-05,0.05000000000000008
2026-03-30,0.3,-0.0332258544365565,0.08333333333333343
2026-03-31,0.3,-0.0332258544365565,0.08333333333333343
2026-04-01,0.3,-0.0332258544365565,0.08333333333333343
2026-04-02,0.3,-0.03299614409605662,0.08333333333333343
2026-04-03,0.3,-0.03299614409605662,0.08333333333333343
2026-04-04,0.3,-0.03299614409605662,0.08333333333333343
2026-04-05,0.3,-0.03299614409605662,0.08333333333333343
2026-04-06,0.3,-0.03299614409605662,0.08333333333333343
2026-04-07,0.3,-0.03299614409605662,0.08333333333333343
2026-04-08,0.3,-0.03299614409605662,0.08333333333333343
2026-04-09,0.3,-0.03299614409605662,0.08333333333333343
2026-04-10,0.3333333333333333,-0.06579891463120778,0.11666666666666675
2026-04-11,0.3333333333333333,-0.06579891463120778,0.11666666666666675
2026-04-12,0.3333333333333333,-0.06579891463120778,0.11666666666666675
2026-04-13,0.3333333333333333,-0.06579891463120778,0.11666666666666675
2026-04-14,0.36666666666666664,-0.09778705060482025,0.15000000000000008
2026-04-15,0.3333333333333333,-0.13108106275399525,0.15000000000000008
2026-04-16,0.3333333333333333,-0.13108106275399525,0.15000000000000008
2026-04-17,0.3333333333333333,-0.13108106275399525,0.15000000000000008
2026-04-18,0.3333333333333333,-0.13108106275399525,0.15000000000000008
2026-04-19,0.3333333333333333,-0.13108106275399525,0.15000000000000008
2026-04-20,0.36666666666666664,-0.09789365152517955,0.15000000000000008
2026-04-21,0.36666666666666664,-0.09789365152517955,0.15000000000000008
2026-04-22,0.36666666666666664,-0.09789365152517955,0.15000000000000008
2026-04-23,0.3,-0.09780304948488872,0.13333333333333341
2026-04-24,0.3,-0.09780304948488872,0.13333333333333341
2026-04-25,0.3,-0.09780304948488872,0.13333333333333341
2026-04-26,0.3,-0.09780304948488872,0.13333333333333341
2026-04-27,0.3,-0.09780304948488872,0.13333333333333341
2026-04-28,0.3,-0.09780304948488872,0.13333333333333341
2026-04-29,0.13333333333333333,-0.06464248498280843,0.10000000000000009
2026-04-30,0.13333333333333333,-0.06464248498280843,0.10000000000000009
2026-05-01,0.13333333333333333,-0.06464248498280843,0.10000000000000009
2026-05-02,0.13333333333333333,-0.06492300232251486,0.10000000000000009
2026-05-03,0.13333333333333333,-0.06492300232251486,0.10000000000000009
2026-05-04,0.13333333333333333,-0.06492300232251486,0.10000000000000009
2026-05-05,0.13333333333333333,-0.06492300232251486,0.10000000000000009
2026-05-06,0.13333333333333333,-0.06492300232251486,0.10000000000000009
2026-05-07,0.2,-0.06479060550530752,0.11666666666666675
2026-05-08,0.2,-0.06479060550530752,0.11666666666666675
2026-05-09,0.2,-0.06479060550530752,0.11666666666666675
2026-05-10,0.16666666666666666,-0.03198783497015635,0.08333333333333343
2026-05-11,0.16666666666666666,-0.03198783497015635,0.08333333333333343
2026-05-12,0.16666666666666666,-0.03198783497015635,0.08333333333333343
